sample_accession,A0A075B6H9,A0A075B6I0,A0A075B6I9,A0A075B6K4,A0A0B4J1U7,A0A0B4J1V0,A0A0B4J1V2,A0A0C4DH27,A0A0U1RRE5,A0A0U1RRL7,A0A1B0GTU1,A0A3B3IS91,A0AV96,A0AVF1,A0AVT1,A0FGR8,A0M8Q6,A0MZ66,A0PJW8,A1A5D9,A1KZ92,A1L020,A1L0T0,A1L170,A1L390,A1X283,A1Z1Q3,A2A288,A2A2Y4,A2PYH4,A2RRP1,A2RTX5,A2RTY3,A2RU67,A2RUC4,A2RUS2,A2VDF0,A2VDJ0,A3KMH1,A3KN83,A4D0S4,A4D161,A4D1E9,A4D1P6,A4D1S0,A4D1S5,A4D2P6,A4FU49,A5D8V6,A5YKK6,A6NC98,A6NCS6,A6ND36,A6NDB9,A6NDG6,A6NDU8,A6NE01,A6NE02,A6NED2,A6NEL2,A6NFI3,A6NGN9,A6NHL2,A6NHQ2,A6NHR9,A6NHT5,A6NI56,A6NIH7,A6NJ78,A6NK58,A6NKC9,A6NKD9,A6NKF1,A6NKG5,A6NNB3,A6QL63,A6ZKI3,A7KAX9,A7MBM2,A8K2U0,A8K7I4,A8MT69,A8MTJ3,A8MVW0,A8MW92,A8MWV9,A8MXV4,A8MYA2,A8MYZ6,B0I1T2,B0YJ81,B1AK53,B1ANS9,B2RUZ4,B7Z8K6,B7ZAP0,C9J069,C9JI98,C9JLW8,CONTAMINANT_A2A4G1
PXD030304-Sample-1,,,,,,,6.212937520594237,,6.207102556474478,5.872900750625806,,,5.203586816759784,,6.04375515232822,6.026806760658032,,,5.6356480601247565,,,5.614737875123708,5.9351496705703655,,,5.921938396391928,,5.285135655982611,,4.824960379118513,4.4359008796939445,4.88824232315094,5.0089223792318665,5.106528558934784,5.691024497098212,4.7070328233730105,,4.942574105588154,5.819600562901679,5.276627764850613,4.559579791963655,5.361651678689837,5.700992714486275,5.503861031807648,5.246489912377603,,4.781460735600279,5.347941912405441,6.149155003087468,5.851010842748151,,,,,6.027221778535199,,4.876272760611852,,,5.303407531296336,4.897509968235359,,5.169112426972214,5.269996343085373,6.163759954333705,,5.333385933289654,6.232992852882728,,,,,5.2233254776593,,,,,4.526214148350988,,,4.856155587382955,5.934514002067276,,,5.071398021938665,,5.275186947521514,,,5.998348484211773,,5.056244251165802,4.7451794453204,,,5.610963004777854,5.459537139763252,,6.430382713741982,
PXD030304-Sample-10,,,,,,,,,5.895477161399127,5.8987530068021785,4.86371723779509,,6.034269108714214,4.9301236398835,6.073308407428938,6.154578206679894,,6.306289530203456,,,,5.243326812338637,6.261442187153143,,5.120244609221147,4.835602374955988,,,,4.850348402255036,4.922585916284263,,,,5.221632935241473,,,,5.981702304808452,4.68131248066611,,,5.805831258071717,5.68306670009952,,,,5.310438948817344,5.98649667661187,5.6541569904262925,,,4.873540569368476,5.02690020847039,5.854041499687651,,4.898773226508624,5.19940344890211,,5.278431970438615,4.906162248163112,,5.163073609278487,5.286301236287275,5.472095860766029,,5.511993209379176,5.934533593504127,5.731234435396992,,,,,,,,5.593699872774433,4.530874288714648,,,,,,,,,6.087459540936096,,,5.252913537894992,,,5.065442812084669,,,5.2977594009024775,5.2725567243202605,,6.440524946305311,
PXD030304-Sample-100,,,,,,,,,5.998302351328025,5.893672196641827,4.885940978835556,,,,6.068643380259157,5.914354832031733,,,,,,,5.896205314467526,,4.814532379335473,4.958616196412406,,,,4.54120666305754,4.454720743306708,,,,5.253849347558064,,,,5.322246693273161,5.000395952523147,,,5.582505047217039,4.904626094923144,,,,5.335301703932629,5.654002513555877,5.723453398013198,4.894940272344464,,,,6.271187930280266,,4.91273082180043,,,5.311618720385683,5.223672146262106,,5.201072257632203,,6.112982311284137,,5.127388653713388,6.246880433227628,,,,5.263818353057162,,,,4.813379127964585,,4.543329650190497,,,,5.970052987444725,,,,,,5.08843716402895,,6.483315177266567,,,4.794839131069031,,,5.325862625395712,,,6.470286778769438,
PXD030304-Sample-101,,,,,,,,,,6.3035877866768,4.972170156863934,,6.245744277682299,5.047514425343288,5.548006714871346,6.400144245310168,,5.861735622786784,,,,5.31920335578305,6.504990633543384,,5.531678921472337,5.03118206816375,,,5.277104334935014,,5.511316755192485,,,,5.321182577841784,,,,5.718175964858436,,4.672410660780021,,5.821804907624303,,,,,,5.834201359591829,5.128709829550552,,,,5.114980093403778,5.351469271486099,,5.008811438416076,,,5.12187809507232,,,,5.389441643846322,5.277556670146032,,5.444831413682723,,5.541150763339912,,,,,4.805401147725711,,,5.693585987248836,4.67232725792662,,,,5.746528133212262,,,4.889711157846138,,5.89096280471953,,,,,,,,,5.42955996801705,,6.1991918935848975,6.059514522510181,5.484016613949622
PXD030304-Sample-102,,,,,,,,,6.168463858946529,6.247128987950599,4.929960527335905,,,,5.921761316675005,5.688816862341439,,,,,4.644215379808998,,6.325837855215079,,,6.195799150923624,,,5.169697899769158,,5.290611501524469,,,,5.33687126288001,,,,5.017489614870541,,,,5.463959259248519,5.44257333387695,5.327118995765246,,,5.389775659610758,5.692981629072155,5.5315498920437065,,,4.92929000326739,,5.803861864709505,,4.962581666662274,,,5.023036261058769,5.275615042448433,,5.2415585247641845,5.328524000801416,5.628738195323445,,5.423121721415585,5.521410587376054,5.18740977623987,,,,5.291903004649251,,,,5.652054521532263,4.6101916806856735,,,4.932313234422783,,,,,,5.842667714538228,5.162866035366807,,,,,,,,5.355167736819859,,5.851771071218995,6.5227282418573616,
PXD030304-Sample-103,,,,,,,,,6.350147704024135,,,,6.122729236755457,,5.957086467795296,6.46781699166592,,6.1262657969891485,,,,,6.3527123414640485,,,5.028166314770218,,5.154129166900982,,,5.147204908796498,,,,5.602059482364136,,,,5.521743270817402,,4.656042123683753,,5.974334953766614,5.473663565707147,5.830623542599576,,,5.102272012917954,6.079761204292352,5.522477982499503,,,4.96931952601151,,5.648667668017247,,4.693298690324046,5.270895494148501,5.298317317561643,5.051971047955036,5.297772649175668,,,5.372202425576075,5.778783510284031,5.347360063225301,5.569247186218224,,,,,,,,,,5.679441508755549,4.927690089871066,,,,6.051261308612274,,,4.873019451866353,,6.305651559433452,,,4.851377830415711,,,,,,5.39957697148151,4.885680176960032,5.908296073316686,6.222908657157012,5.46498015414079
PXD030304-Sample-104,,,,,,,,,,5.887726181107683,,5.534097815190324,,,6.097546567087595,5.969018390049466,,6.301742836195881,,,,5.759326758675488,6.014982046969774,,5.127924579163248,6.126208720927343,,,,5.030285937056186,5.411134219729026,4.897544678103792,5.002408435776762,,5.213339028756953,4.728196149147949,5.948512778499778,,5.472941984791915,4.9917163663152735,,,5.805379394578382,4.903006991757791,5.258594665795532,,,4.999232725994881,5.927040754152586,5.806358618164232,,6.0071994418438255,,,6.0387022802424895,5.258013584556576,4.903847723266585,,,4.976947933102394,4.90711508818216,,5.19966603524717,5.34765968709859,6.156974177301864,,5.391567214741766,6.159209515945298,5.124995374172086,,5.9980280720431445,,,,,,5.590754689314343,4.597359028943147,,,,5.951582466147657,,5.344133298513571,5.091159383265617,,5.775501926600455,,,,,,5.089279154889772,,,5.31395664076031,,,6.142143358541199,
PXD030304-Sample-105,,,,,,,,,6.0441474024262085,,,,,,5.6842519631084,5.65192048833454,,5.241933862308908,,,,6.104540966733866,6.184695706645448,,,5.871061225296379,5.289848079522328,,,4.563594228471716,,,5.041844526352136,5.143815729802185,,4.720469850357947,,,5.448450443371803,5.027766362674199,,,5.144065409661407,5.647229702295908,,,,5.039670501989398,5.676534136867876,5.867985563264196,,,,,6.148622840616087,,4.972092628763694,,5.552560626213545,5.304525945351225,,5.405493763553698,5.239635022474245,5.984634400697541,6.1490612087137855,5.369230227147917,5.581537315764007,5.510082022735712,,,,,5.268885607617939,4.721086554948834,,,5.619509202236528,4.577921399357389,,,,5.681906438553502,,5.679344143088237,5.136567555759921,,5.314776686040384,,,4.793798928959371,,,,,,5.338316481514451,5.602794310069117,,6.562547000899729,
PXD030304-Sample-106,,,,,,,,,5.99106507666847,,,,,,6.000562094206169,5.4514721311455245,,5.488330033071396,,,,6.118745594617035,6.393801193779145,,,6.071002595285011,,,,,4.86419112867828,,,,5.347234211304334,,,,5.903154008318245,4.78969138548936,4.680865314098988,,5.9169388713228415,,,5.479580954681185,,5.104718710296339,6.011011753143785,5.676759810464347,,5.511871489139056,5.054329220312398,,6.14343841283878,,4.976574854154968,,,5.08100858284548,,,5.329492357935711,5.442924958250212,5.910679821081985,5.370163493582643,5.337579962829651,6.050717308472493,,,,,,,,,5.696586802911228,4.626407654862161,,,4.976427499505272,6.053883130922379,5.346484758308789,5.636757593270786,,,,,,4.867031721935475,,,4.867686167651676,,,5.396360644919619,4.948838400922614,,6.564688091748872,
PXD030304-Sample-107,,,,,,,,,,5.998449516389064,,,,,6.135108481094445,6.3599703815816255,,,,,,5.290146267612375,6.534735262598049,,,5.551688291470001,,,,4.645775272639886,5.770963744120562,,,,5.345971078168309,,,4.752446244909293,5.7241545387264665,,,5.492429647563137,,5.021127760964842,5.396893330542813,,,5.114127719987473,5.739513851834943,5.734451567782102,,,,,,,4.716592949462653,5.30296381758401,,5.067748049633803,,,5.29313628783604,5.39118698583295,5.661984761767352,,5.361895015718285,,,,,,,,,,5.70417657135572,4.657138761934251,,,,6.067759752027492,,,4.902771780664754,,6.114866046092381,5.210783748922247,,,,,,6.113964344655032,,5.414565597282881,4.9736426877279785,,6.371553306305369,
PXD030304-Sample-108,,,,,,,,,5.9113505471831775,6.221341611995094,,,,,6.022645780531111,6.274005879141566,,5.707542783396001,,,,5.182518200658549,5.965030116922743,,4.82941635266246,5.754965021329267,,,,4.55381887943996,5.609491176359875,,,5.117705366076756,,,,,5.804226628930838,4.69248978189305,4.588262856858065,,5.592966502705205,5.207372001618913,5.572908129985562,,,5.025908223885541,5.965944453513866,5.584811718876453,,,,,5.74552892560325,5.569443967440088,4.8930518468776425,5.490186943138171,,4.975895698503297,,,5.216537355747682,5.281431448260849,5.87056191901701,,5.431810062975003,5.482732577571207,5.136323682889537,,,,,,,,5.91012270049228,4.84691164618043,,,5.188020061861135,5.652158894620695,,5.364304015602757,,,6.096653808099507,,,,,,5.07972384081182,,,,5.280964132455167,,6.370229431718177,
PXD030304-Sample-109,,,,6.077340837036944,,,,,,6.081027065632098,,,,,5.978656994133621,6.5269009497551576,,,,,,,6.570563958844588,,,5.5967563424686855,,,,4.730666808729027,5.651683151988838,,,,,,,,5.260867491304079,,,,5.891847424922949,,5.4532093950543645,,,,5.802247037668993,5.455526191557024,,,,,5.425954584153005,,4.771529680061734,,,,5.099717123143505,,5.372957978002307,5.480621493197456,5.784299059701791,,5.354321161708853,,5.318004315546328,,,,,,5.88855527116467,,5.778643170496139,4.757844056491569,,4.879647135640886,,,,,,,,5.286918881043787,,,,,4.9495425154638335,,,5.478419606057886,,,6.454483773806649,
PXD030304-Sample-11,,,,,,,,,,,,,5.517035332657455,,6.229906314056732,6.098735941934846,,6.185312264170044,,,,,6.2291266457738015,,5.147212386826039,4.862499207030594,,,,4.590023203486894,5.385259579069327,,,,,,,,5.293887277373885,4.716253237615812,,,5.84049818522215,5.536841313966562,,,,,5.933323625329361,5.656666829402657,,,,,6.127297379131184,,4.888269290697318,,,5.303856391751621,,,5.214939427005114,5.597607692777195,5.766218104507934,,5.200695823591572,5.789838293767012,5.157304682338182,,,5.286206146784052,,,,,5.629713684756356,4.610508649611996,,,,5.985963266748816,,,,,6.032053160396789,,,,,,,,,5.332656241650009,5.281739951830583,,6.300782791405572,5.0772385051473
PXD030304-Sample-110,,,,,,,,,5.959451859970842,6.170173736965012,4.848544314693004,,5.761386640761262,4.917351462029816,6.128081449165684,6.397080193716599,,5.889629135192565,,,,5.138369765427093,6.264468769185868,,5.269862918798657,5.616835859916444,,,5.084288225042227,4.522561472996995,5.33253662784657,4.883064708584677,,,5.19365486640345,,5.920725426503311,,5.65117070028607,5.149426806708327,,,5.934929047640644,5.483924057771386,,5.345624411525965,,,5.985995543679527,5.780987499434583,,,4.864169052190512,,6.12990933480015,5.236043480879752,4.8568557210750125,,5.192826147863755,5.253324075224629,4.8844514398006975,,5.134557247191072,,5.680157809243013,,5.291221220747821,5.9092007537236695,5.585652337124496,,,,,,,,,4.815606328855574,,,,5.927567307775536,,,,,6.126583887336258,,,,,,4.745058167652384,5.995393245380047,,5.294782252337833,4.794122054460688,6.07452839441833,5.640134649855136,5.377211198056792
PXD030304-Sample-111,,,,,,,,,6.299419734967655,,,,,,6.054325549897531,6.0839412269662585,,,,,,,5.43975559912782,,,,5.297286266312164,,,4.878245127606113,4.788278323470958,,,,5.285123023396803,,,,5.587124088158744,,,,5.440983704496709,5.42863707586247,5.298174816418778,,,5.051540859206715,5.883975192363671,5.746350106166338,5.483165454033947,,,,5.89888402504289,5.604288138039382,4.9335912799185975,,5.257600747650471,5.349780810605054,4.947258652871991,,5.242959012786288,,6.031348003315484,5.303749059841743,5.180048373516345,6.208054778775841,,,,,,,5.719781959108377,4.875334255868001,,4.5838463065623625,,,,5.99711750147904,,,,,5.816446960255149,,,6.485815936715598,,,4.859478018829932,,,5.3564492907321615,5.3812228433857445,,6.485309222688068,
PXD030304-Sample-112,,,,,,,,,,5.991429827847897,,,6.199646907862406,5.047060887442306,5.858168651319748,5.863529972934506,,6.462953571240053,,5.682940647118131,,,6.217830782940705,5.606956913153378,4.927030916127998,5.293339251585353,,,,4.941045493165435,,,,,5.632788175852356,,,,6.030507832794869,4.788716532877287,,,5.682781334053252,,5.366975858300385,,,5.1212964536768135,6.046352640808238,5.615538760786625,,5.81400104766197,4.975687736902948,,5.662407108719337,5.366250759981347,4.993778247622496,,5.318671178725829,5.093077789484003,,,5.283128886651623,5.377286620235316,5.695745063901343,,5.405407028546558,5.85504296512098,,5.596336164514749,,,,,,,,4.934765569511206,,,4.9732567086300525,6.064967613145118,,,4.887829377050324,,5.8819412401424405,,,,,,5.178464745026685,,,5.419535623946287,5.389662246539274,6.217518700801491,6.245159743020549,5.5259704609390825
PXD030304-Sample-113,,,,,,,,,6.2504765360219885,5.931398167093585,,,,,6.053102254346408,5.594368049085758,,5.735665674134583,5.702209070013091,,,5.899569997627852,5.927584482262896,,,5.58086492153709,,,,4.59471665723971,5.190322511048676,,,,,,,,5.590672331549072,5.341272724153574,,,5.749989773738981,4.939129059328261,,,,5.365243437521066,6.074800381742419,5.815343765279057,4.635622837950169,,,,6.262779960138959,,4.944119717604536,,5.5547283650573,4.989241087706138,,,5.238984538382777,5.3405396761951565,6.161389710931584,5.313350276672146,5.528581502211262,6.097334560842578,5.471520963971698,,,5.776962622311477,5.277343910236348,,,,5.63938970787396,4.576598867261562,,,,5.7200005920551575,,5.082685139717917,,,6.18870016040016,,,4.832057614686373,,,,,,5.338359712209979,,,6.486707344606117,
PXD030304-Sample-114,,,,,,,,,5.896816070496473,5.833630534047233,,,6.101792409191363,,6.165122273986879,6.028190118881972,,6.263850295888116,,5.048431848929488,,5.158883699320628,6.242717025863696,,5.462020926816381,4.804568467320873,5.505005324326874,,,4.9730733615692575,5.237003392720741,4.836613948580206,,5.045822767254047,5.188572698049619,,,,6.040438195529055,4.930037417122312,4.534935133183447,5.353382946695611,5.897962510693382,5.319686747064997,,5.332413581922325,,4.962275048337796,5.577201201820798,5.799436837720372,,5.330842407337665,,,6.170298164583258,5.200955559978594,4.806245227874246,,,5.010225222214044,5.151018229221976,,5.1162210152555,,6.024263059199342,,5.429150553632387,6.0025905604044745,5.368892011923723,,,5.496104388969174,5.490194407875095,,,,5.844098539720315,4.500302573284493,4.718887343866635,,,5.910970844791512,,,,,6.32015937944781,,,4.71490439504775,,5.503357762851825,,,,5.255722335591514,4.749394002376367,6.0522219871274565,6.379405960797165,4.989508231803229
PXD030304-Sample-115,,,,,,,,,6.298860958975263,6.274068084803655,,,5.980427112670137,5.048134845664967,5.911168826732667,6.457386514391594,,6.042646660455432,,5.678780731391958,,5.244992773695985,6.403166780176421,5.876984858237607,,5.278650799796782,,,,4.615864174142974,5.234363514311026,,,,,,,,5.977347030122614,,,,5.967697438983858,5.286372088306852,,5.407433800761922,,5.091281597387752,6.106967717664038,5.679730595855376,,,,5.960878584888035,5.644650044051684,,4.97543707527786,,,5.398234758786826,,,,5.399924337531028,6.149223883759992,,5.260916836794488,5.529394198529215,,5.573648746581255,,,,,,,,4.911335859927204,,,,6.033245672265366,,,,,6.280514640756376,,,5.5714714876471545,,,,,,5.398266868029918,5.247027968651397,5.909343055790434,6.035392358590277,5.778399427905519
PXD030304-Sample-116,,,,,,,,,,6.200063732392586,,,,,6.03272041072465,6.229689580563578,,6.363437361418082,,,,5.200058846917673,6.34710920026755,,5.118529699738026,5.920142646727621,5.262403279386839,,,4.870003377472671,5.458193298527821,,,,,,,,5.911269075055198,4.725388026482199,,,5.964758614324998,5.786362277860963,,5.355115854694546,,5.037603524058948,5.614956453367254,5.732315267956564,,,,,6.109900911634651,5.262258415801456,4.886052204216227,,,,,,5.208176672341617,5.335065533972864,5.992642416369275,,5.353929498875127,5.76292536622608,5.610896466082211,5.495324323841257,,,,,,,5.607185077609167,4.576729066398013,,4.702988368798004,4.872075033443357,5.6665363178646615,,,,,6.006532249923526,,,4.840138040071185,,,4.801731425400065,,,5.2949736427981895,4.871591603583013,,6.3648694288553385,
PXD030304-Sample-117,,,,,,,,,,6.294515357825935,,,5.9757881927506,5.031543164332875,5.745494992990985,6.238880516835462,,5.308271705141944,,,,,6.2857630128313575,,5.400433629894106,5.047240993150136,,,,4.648814990255486,5.408289287705586,,,5.2005222262913575,5.313502674270309,,,,5.894289757794051,,,,5.800867164985623,,5.352024745838106,,,5.088928608907908,5.82348730461133,5.288593065614973,4.680373535505921,,4.971363133295698,,5.636578215149935,,4.95671738143288,,,,,,,5.514624342896502,6.139224217508231,,5.24670578751947,5.857352461141187,,5.5839572047036405,,5.369284686223247,,,,,5.679240337297729,4.64651765773151,,,,,,,,,6.486899155823014,,,5.176850579971745,,,,,,5.380485367909623,,5.912056999984171,6.056443115602297,5.638895538325281
PXD030304-Sample-118,,,,5.76003634616077,,,5.606358370430256,,5.789666480795327,,4.755626256836393,,,,6.191942059965539,5.761152339023245,,,5.517297705505694,4.971770159369226,,5.993738581063112,6.213212334658934,5.678173690153837,4.687740398693905,5.5535107902379925,,,,4.724636127248608,5.171541513603422,4.772598709638647,4.887080365182897,5.463013280785574,5.393104813687297,4.59166969871643,,,5.822244615064721,5.170344213393624,,5.247912662004247,5.876573593048835,5.478119459198943,,,4.655341630560485,4.877188410910103,5.838742804222788,5.889761770528599,4.4615615364021,5.260442476559902,,5.741947638666359,6.251346917714371,5.1374505472817855,4.7321359977253845,,5.0887979114637645,5.169053995575921,5.087181926616821,,5.324516536228534,5.5832397225755255,6.108640041475393,5.157142080960295,5.626706165488655,6.18218458074625,4.997339275436556,5.366202329002743,,5.924349126832194,5.423992353941263,,,4.97745639905651,5.484304758097611,4.704315448306649,4.91689315437686,4.553474113683946,,5.833101206927378,,4.929632030401529,5.285554760929602,,5.866597667206443,4.947986881118245,5.191896948410395,4.938509936530069,,,4.638710741011602,,,5.477302788825552,5.230369587195463,,6.376585636651795,
PXD030304-Sample-119,,,,,,,,,,6.150598752822316,,,,,6.026928273899275,6.2084139454869,,5.645066793556501,,,,,6.274718088698602,,,5.88129013399316,,,,4.503643527588824,5.106079229787894,,,5.378399885784379,5.184910271344766,,,,5.88907575147921,4.633946245681155,4.53368257926119,5.341732370811822,5.53522889133563,5.728912603150902,,,,4.985615526549645,6.038800665691341,5.553603191360408,4.533296912073626,5.338072906079279,,,6.1739219164813015,,4.851466970118694,,,,,,5.1093940047751545,5.257208569821181,6.06134538462981,,5.411439972635615,6.26760454867939,5.390321110048841,5.451824454264042,,,,,,,5.538361194049585,4.802493558185856,,,,5.910418783124866,,,,,6.344793432843748,5.327376954495239,,4.712205281788492,,,5.027826430033448,,5.439341443619516,5.254171263145841,5.10061544413652,,6.307168689494288,
PXD030304-Sample-12,,,,,,,,,,,4.926552327430481,,,,5.9845444718949246,5.952125587027197,,4.9805825228283,,,,5.532413096081923,6.025706684356023,,,6.077072014664772,,,,4.59601653212355,5.4715646642334255,,,,,,,,5.526110609651265,,4.64689795801763,,5.629353612068828,4.962881453141019,,,,5.084501562574858,5.678590556795492,5.519607268735559,,,,,6.08654923854481,,4.700352403748149,,,5.322227275292388,,,5.222110528442708,5.322552637133509,6.004554698101655,,5.265066156286328,5.808924855907143,5.663011311398046,5.54970425069712,,5.3142474276002245,,4.7579656581312895,,5.172032103337072,5.650957607073423,4.876159897201768,,,,5.698930522351832,,,,,5.833670654510325,,,5.172058452462873,,,,,,5.350839297859972,,5.850831613492363,6.4239695406402095,
PXD030304-Sample-120,,,,,,,,,,6.25236790782863,,,,,5.706325937638066,6.263414201305803,,,,,,,6.455066261241295,5.560657312856813,5.5771564679826255,6.149851690918931,,,,,4.502157140556727,,,5.481909824102009,5.5797978183279735,,,,5.524397496834983,,,,5.86573019236798,5.82227683094482,,5.41631849586289,,5.060095800325282,6.162615324204719,5.436790970098922,,5.434038476050942,,,6.010948585024083,5.616117781284161,4.632531494603668,,,5.3626881186019935,4.964502863899699,,5.208944766731453,5.320331568192582,5.840295952720449,,5.614635655758273,5.9901968547562205,,,,,,,,,5.642375026009128,4.624385062374024,,,,5.732643523450138,5.295765562709897,,,,5.844884717493676,5.580369490754371,,,5.953773737627091,,4.874617263984326,,,5.368876295313439,5.262443832532187,,6.423150654606548,5.096218901160941
PXD030304-Sample-121,,,,,,,,,,,,,,,5.663208939028757,6.073510387802506,,6.165749813790265,,,,,5.94360959501549,,,5.7177765638774725,,,,,5.282955946993842,,,5.2587353438341164,5.344017274467657,,,,5.858872642298557,4.816360777563695,,,5.2241330552585135,5.351828962251998,,,,5.4499692275410725,5.8261797200477385,5.508905895721539,,,,,,,5.010531570251631,5.433192104752686,,5.403563012398971,,,5.341989736286151,,5.93386963078555,5.40738882247732,5.324998845704081,6.066576020885828,,,,,,,,,5.7216862940057895,,4.90389475017081,,,6.082826601996484,,,,,5.908436180976312,5.319737229468127,,,,,,,,5.420241336165534,5.23991054380863,,6.400930459084218,5.176699631867025
PXD030304-Sample-122,,,,,,,,,5.95782421197738,,,,,,6.174302415408521,6.02909010817085,,6.388016567526275,,,,5.540434211496311,5.467081639466654,5.559296288351583,5.188923214602532,6.220814234536152,5.318567881867802,,,,4.807801418795562,,,5.167459600095572,5.606046541833753,,,,5.736421196387469,4.745524682934771,,,5.180619792196032,5.45327755515968,5.798803734003401,5.4335483197042365,,5.377681285987944,5.658479117476731,5.561549242277766,,5.941101365145136,,,6.017165661241245,,4.932127861441564,,,5.073702017071541,,,5.224072362978396,5.3603200509363225,5.019909888873731,,5.339443836722375,6.22142527420403,,,,,,,,,5.6467431396024805,4.602718417869252,,,,6.010091683770624,,,,,6.069738511074959,6.106220715833565,,5.1693017424513545,,,4.846003282836906,,,5.654697484073948,5.201254047656239,5.874096721970506,6.199542380042727,5.1061537798111525
PXD030304-Sample-123,,,,,,,,,,6.216578137908257,,,,,5.819778890580718,5.808142213257463,,5.918353679009037,,,,,6.252929640461233,,5.1091689594290965,5.665169167912959,,,5.118169115192514,,5.226316330521326,,4.9842663634449735,,5.224437931805348,4.697731017567774,,,5.4748166478468585,4.677402982162283,,,5.881828627947301,5.763290155457014,,5.333535099654402,,5.028431026819718,5.995926297730729,5.324929433990845,,,,,6.254641445222299,,4.86980828899249,,,5.287431802915342,5.215476622252266,,5.152994817307422,5.320983088434601,5.8557177864297625,,5.361171182388133,5.9212250502524695,5.422586716499019,,,,,,,,5.595665338334665,4.710997164354181,,,,,,5.035807861342271,,,5.767167391681689,5.386950399068287,,,,,4.756987282977313,,,5.296662967503981,4.840998889670033,,6.359865982050783,
PXD030304-Sample-124,,,,,,,,,,6.239039499225495,,,5.802653447968328,4.980425231273211,5.724222320012278,6.262111878648918,,6.247027661006115,,,,,6.448104071855573,,5.3248126010008985,5.301321375467137,,,5.136588606342829,4.570871607544886,5.384596793695278,,,5.1364670017123375,5.252209919487806,,,,6.089446218911886,,,,6.036891616017215,5.528484041768135,,,,5.059367933566333,5.9862368004085456,5.682714701912742,,5.401912426427072,4.896206875511355,,6.061956407283697,5.292046144171428,4.574688412106382,,,5.093152527455046,,,,5.282274146461782,5.75976792791877,,5.308011240729887,,5.768834880448308,,,5.587071577795706,,,,5.129142157096962,5.618268340545923,4.600024688613902,,,,5.670777305369317,,5.079356929180918,,,6.4538986189707215,5.121078068223317,,5.299314128132992,,,4.80927375677191,6.348592818254311,,5.316567400656299,5.157749094619144,6.129757656027984,5.981389155623725,5.456501632587131
PXD030304-Sample-125,,,,,,,,,,5.8837775942583646,4.861542249550424,,5.871849707445199,4.93918564296144,5.967887592383012,6.301601612954066,,5.859579163502393,,,,,6.358416002058174,,5.414187240624209,5.115635868861473,,,,4.543975980272756,5.710989515653802,,,5.397612241351049,,,,4.640760788370813,5.930697418211409,5.297684282764248,,,5.946516730074316,4.88488586129927,6.029298722178069,,,4.985441610972014,,5.7553631765337165,,5.40201433527365,5.216168743070355,,6.150518926962476,,4.88305170635453,,,,,,,5.426497253073574,5.919316532838563,,5.265936292670685,,5.602749270076947,,,,,,,,5.57771153252776,4.550293065316692,,,,5.630065750970351,,5.037970738004627,4.770769426024373,,6.341026322239307,,,4.751075648087295,,,4.752617526310443,,,5.300512585960895,5.2954355322129,5.808658301366791,6.116190425369915,5.072662425663993
PXD030304-Sample-126,,,,,,,,5.657414106984879,,5.899052233633488,,,5.672368472732489,4.945929127764701,5.9897515393160825,6.029523623204623,,6.282716224152456,,,,5.948009438577085,6.037015960382234,,5.52597123979184,5.632101762555847,,,,4.86784381669734,5.243191918139093,5.396873103635565,5.001037810756492,5.604444127322379,5.558129115317719,4.720697713085007,,,5.080653013661295,4.696450882310299,,5.729404409060024,5.414712918410289,5.2117762682591335,6.124205052864387,,,5.0328095005503,5.976889174705319,5.778200345675676,,,4.880227842291773,,6.177497776150492,5.753606923362614,4.635381974168312,5.80166677306588,,4.984023881226838,,,5.2061985256687375,5.276733462228954,6.119530231678755,5.2969974316887205,5.4609031106096815,6.173112599659304,,,,5.758769632302584,,,,,5.91920960426806,4.534140581526055,,,,,,5.055054963209972,4.79972420431565,,5.31478329348255,,5.326041505503066,,,,4.791520465671094,,,5.306960094813609,,,6.53290007358319,5.0948189739511855
PXD030304-Sample-127,,,,,,,,,5.941839091335418,5.853977617889874,4.841978618782048,,,,5.996470191353666,6.080234426639827,,5.968886352112564,,,,5.925647209160161,6.088902204257513,5.796424666477119,4.791384292176222,,5.715950950217721,,,4.540761107757958,5.325035881569564,,,5.568822727214092,,,,,5.758588525603222,4.9523204892185815,,5.677095074975416,5.773361701624111,5.178372939970717,,,,4.975329875733088,5.941813255635761,5.9064424084378,,,,,6.006390105930128,5.535450526480399,4.872478887517491,,,5.001633195134264,5.185732701352471,,5.436911232772851,5.55422154225927,6.254437790187401,5.359602627628192,5.340447718038781,6.1389866839195175,5.393264536079799,,,5.713077234881564,,,,,5.8855277834934965,4.818578776200412,,,4.83604913816729,5.918870528174047,,5.492036138464541,5.058749087266799,,6.177849827391778,,5.281923445960825,4.744891011654675,,5.046571905193999,,,,5.2715152199928905,,5.786774680743704,6.335917045335449,
PXD030304-Sample-128,,,,,,,,,,5.873091694560821,4.879579424990872,,,,6.100610194641585,5.936180857376755,,6.1878231982805065,,,,5.941149474998307,6.092054427311885,,5.101840339451624,4.82496162884595,5.735546217980916,4.985871108384505,,4.8320650824057205,5.519687897298332,,,5.401629556075744,5.50317520471099,,,,5.404614675803448,4.669436377687808,4.557759479323527,5.688949922423924,5.864032261552279,5.734014909901242,,,,,5.652634457386823,5.5919497632914,,5.361739879579044,,,5.952902499895675,5.252109809758184,4.876257018066591,,5.497951412023828,,5.1977125020964,,5.26871577453756,5.837373429266322,6.218464570688154,5.819581283702886,5.393172128734347,6.296937329089683,5.417839750550323,,,5.24415066209392,5.528856694829897,,,,5.5737475847076565,4.830197106496501,,,4.851028654653273,5.94974079237049,,,5.268875091396704,,6.245472912123574,5.0662255917058845,,4.779396484678645,,5.399344703023736,,,,5.586579634567645,4.775981883046914,,6.434693331175457,
PXD030304-Sample-129,,,,,,,,,6.308437653747913,,,,5.95401225035177,4.938839020314415,6.113067290990575,6.231609867801975,,6.452323104026889,,,,5.160167909564179,6.061153559857931,,5.311812048966465,5.285646828830371,5.749049734665867,5.002935240578043,,4.849762264805746,5.055653672085451,,5.022805829403112,5.414350392855165,,,,,4.774004227876091,5.000304031851126,,5.694879057430574,5.569170902801563,,5.25439095601446,,,5.035669587358875,5.967859025464667,5.961628628077081,4.947794015078229,,,,6.30724421172401,,4.922669243021275,,,5.324181719156522,,,5.482726216375491,5.838323900338239,6.23603801351582,,5.236942407597055,6.171468138090727,,,,5.251582111494008,5.260759865427983,4.695389049320029,,,5.905513438838248,4.824188811851448,,,,5.9555071353448135,,5.344748415244509,5.099899066879257,,5.91667743219647,,,,,,4.7835060551282576,,,5.615292608997739,,6.097879447588114,6.453101508977813,5.049412209305692
PXD030304-Sample-13,,,,,,,,,,5.8606075501659,,,,,5.999366003429999,6.176281079452247,,5.586043754864802,,,,,6.199629633112368,,5.099708541195455,5.878161095813522,,,,4.812921885725406,5.125148787165847,,4.980768107880444,,5.497151721695365,,,,5.648730589315917,,4.546642271808702,,5.858639615434567,5.181273853377649,,,,5.28632249264166,6.072579547648576,5.779999516317338,,,5.180654569172043,,5.9243022682886926,5.72011469762601,4.841051621266123,5.15012043221904,5.490168265063051,5.245452291959781,,,5.148994439800777,5.27725977335862,5.987548039746803,,5.299349971276211,5.732422430007129,5.582113943975973,,,5.536223718368745,5.217584095033021,,,,5.576071616202128,4.523315834062663,,,4.842471073786875,5.930602308961224,5.20814838667265,5.095958039837576,4.760081387441268,,6.18521384875956,,5.307668016241928,4.739333827974629,,,5.036838762948273,,,5.288211684618836,5.599294694441282,,6.415734468098935,5.33205993018752
PXD030304-Sample-130,,,,,,,,,5.9609167253833855,,,,,4.950947593498566,6.057852020864274,5.789593276834013,,5.890144262673359,,,,5.888825443099528,5.912433411106511,5.824786817356059,4.8599444145359305,5.311586940457528,,5.0420391419621335,,4.886435964208271,,4.9273805022727855,,5.618992642399817,5.224761419214996,,,,5.496125012759905,5.3107849684250095,4.623576196521589,5.400457507216565,5.724298543971774,5.417065682198634,,,,5.338461755156781,6.133021789445344,5.754221281618608,4.619190030810899,,,,5.747063092394487,5.275604680939979,4.912291517327246,,,5.286609594449834,4.924828691110834,,5.286144462406978,5.297307538298831,6.062805688330175,,5.520421132041712,6.286895909113923,5.1421928978745575,5.506835602873476,,,5.250582085971261,4.72294793920061,,4.818592876938641,5.94011599777218,4.854101786309447,,,5.224052910438654,5.97421475577995,,5.377643667942076,5.415893881652514,,6.172223839088782,,,,,5.0778006802846285,5.0964933457276524,,,5.3195410456708725,,5.822628167062456,6.389162600226388,5.091370054783276
PXD030304-Sample-131,,,,,,,,,5.970414628847682,,,,5.901508818864966,,6.055680699369432,5.579250457446318,,6.325953270837715,,,,5.771927858682615,5.728361730726753,,4.829416131426095,5.394491852195372,5.77978864339977,,,4.582656687593792,,,,5.61475739308099,5.2471832302617365,,,,4.486389596207705,5.179465282747757,,5.457864420293424,5.13035883025252,5.24386577426373,5.280770612097384,,,5.3945780077690815,6.056417819976996,5.651199178752301,4.947459547329013,,,,5.75447884825507,5.578370924999452,4.954495988350097,,5.232250161721439,5.332848034908141,5.228717227809671,,5.259499975643524,5.2816266919298105,6.091671441463966,5.283953634880135,5.473371410220712,5.955276491816619,,5.5152126002654684,,5.271666713925936,5.263086563279986,,,,5.62407432621302,4.533590141153989,,,,5.988887156438541,,5.062127122156996,5.1340348244927405,,6.106339945332206,5.097590064102711,,5.13547264393385,,5.590326005789441,4.800854238005549,,,5.624134953080076,,,6.549176978510156,
PXD030304-Sample-132,,,,,,,,,6.258258602770981,5.887620600429544,5.175851124618635,,5.786505288671778,4.933435003235577,6.240083434836815,6.099720138616964,,6.105021675220291,5.664529254747392,5.097433458179352,,5.250089755078781,6.114966366048581,5.52799132209147,,4.866810658222308,5.790912115618731,5.015379817698508,,5.035308955427098,5.152806081307009,,5.011655267361164,5.429790532505218,5.522475631064835,,,,5.072279828941357,4.997782692832804,4.602279200995127,5.713755410683151,5.579650104475607,5.38000809874976,,,,5.05184368511829,6.011247996553221,5.6392249311199,4.618677390111473,,,,6.109810837994212,5.259641175070474,4.972939880094849,,,5.054100204282702,5.229527100733173,,5.2079050118679815,,5.971914836638313,5.275668948131722,5.361587134764541,6.171237312691833,,,,5.260319040308187,,,,,5.919642281345326,4.852008413949845,4.744253020373269,,,5.960562202371885,,,5.127040762140837,,6.223613881682926,5.089187742459556,,4.7747747497685005,,5.582795454320027,4.771991001187375,,,5.332549527352239,4.918256723289605,5.830706719839591,6.444769758760852,5.079029280970639
PXD030304-Sample-133,,,,,,,,,,6.206626589357138,5.350402114489762,,,,5.974536075918571,6.220570762581489,,5.609330960494315,,,,,6.391999302973702,,4.805100791717219,5.765884360161927,,,,4.567997679270119,5.14601363358786,,,5.410762114956033,5.518829907821975,,,,5.837263313776554,,,,5.945366284761609,5.375371306884196,,,,,6.061515695998978,5.49965042761826,,,,,6.249736229371214,,,,,4.939223938574813,4.905309159934912,,5.1522946180220695,5.326731811958211,5.89535198162583,,5.459416246283771,,5.602447837777974,,,,5.536354783729763,,,,5.585604711418812,4.648533191404064,,,,,,,,,6.1487698970993145,,,,,,,,,5.301199843520083,,,6.431531784795565,5.038593628304531
PXD030304-Sample-1336,,,,,,,,,,,,,,,6.137007386004095,5.830688908022616,,,,,,,6.337950650322465,5.520923496950889,,,,5.043498978370951,5.140982057520372,4.572308144615021,5.476317952647444,,,,5.244597383561116,,,,5.725339394299024,5.182168433228514,4.597981212254062,,5.73385476312009,5.226852125926893,,5.393630584021051,,,,5.771636707621645,5.635962805464431,,,,5.974900062811862,,4.930814514394431,,,5.014913214654312,4.929559891449384,,5.181094721901638,5.357100504281605,6.062263862593772,,5.483142444775265,5.482748503798651,,,,,,,,,,4.566084285853,,,,5.663993616201404,,,4.802334978613819,,6.279797332063832,5.407290872042165,,6.491013458028348,5.640936875608636,,,6.36126479403679,,5.341359406512672,5.253752027612476,,6.39532998510197,
PXD030304-Sample-1337,,,5.843549160858465,,,,,,5.847764102305643,5.850615307465937,4.834646534584024,,,,6.047586388932956,6.11974077071954,,6.054578964394211,,,,5.589028910748998,6.274348856802081,5.460603538754536,5.26359185192481,5.6496434950856695,,,,4.499161193335031,5.317165748840185,,,5.555022589279859,5.485918086183981,,,4.617416587407544,5.939235309114486,5.250236965067132,,,5.973010154570578,5.165370023436316,,,,4.9547973596198105,5.950111208644405,5.862776994321957,,,5.134153991564858,4.993977260264904,6.16330668353997,5.520660149738041,4.829181158087533,,5.475110235658536,4.92591856081706,,,5.143695227313566,5.331065288238081,6.084027581689541,5.233248908256393,5.1999194474782255,,5.696252242468214,,,5.213720998678826,5.19813119767105,4.685994762401287,,,5.574768960792856,4.509658699387694,,,,5.921558133786693,,,,,6.20678783690708,5.342581421481758,,,5.548944090164086,,4.730514499030299,,,5.266501725577619,4.9567986354067095,,5.911059554933852,4.99980494117224
PXD030304-Sample-1338,,,,,,,,,,,,,5.876252835088832,,5.7913590948605895,5.903014301352399,,5.612589251297621,,,,5.340148088627503,6.387201630380001,,,4.930374994957898,,,,4.647215234164178,5.504728091365303,,,,,,,,5.9099221959639126,,,,5.503714911056675,5.2953135210328055,,5.452490185816846,,5.091469933783268,6.060143673659393,5.625593412679199,,5.493371027793415,,5.965060519761778,5.634672067603118,,4.949232751877411,5.308068511440926,,5.142567193462994,,,,5.411710070234786,6.137834236093699,,5.479793449495984,,5.702856036072637,,,,,4.815533028292671,,,5.678490329888944,,,,,5.745980752781076,,5.435171109243215,4.879517103421685,,,,,,,,5.164731060119236,6.408748796338488,,5.421247313658947,5.3513005587060745,,6.359172850165592,
PXD030304-Sample-1339,,,,,,,,,,,,,5.977358580254816,,6.230294889558645,5.541337263719302,,6.146451218795489,,,,5.143680906195329,6.252498249426444,5.485946691176119,5.291102970486039,4.84324200465919,,,,4.839200292996478,5.144804897817596,,,,5.512051353054714,4.723894190203415,,,5.773002446883808,4.699950290409592,,,5.875644408694157,5.383734952033802,,5.329908577285083,,,5.628728120443824,5.869376504973985,,6.266421603811155,5.238027317358159,,6.161743310618226,,4.8722079817171,,,,5.2193052273175775,5.342285765017087,5.177831632240783,5.287284367428779,5.877141447916355,5.292644641086383,5.3440144088106685,5.7704878631515735,5.603321134113076,,,,,,,,5.58499789727159,4.576438504400492,,,,,,5.346644528387393,,,5.778926206099799,,,4.763096741079342,,5.411622299785375,,6.01325850767099,,5.302138319375032,5.381197531662292,5.798964457481802,6.271712502506194,5.065859558341927
PXD030304-Sample-134,,,,,,,,,5.804689517709367,5.808162914804656,,,5.391422992375415,,5.859017150240803,6.066890096299512,,6.177012554368546,,,,5.068399334977648,6.348484508055636,,,6.170040821726016,5.166859848945193,,,4.481749307684044,5.515285755733188,,,,5.435282396978726,4.618449114060232,,,5.639188196897204,4.906353747403851,,5.2845633694777225,5.623721962932383,5.591370649475692,,,,4.953705147692686,6.007490833314344,5.717365489925988,,5.283412592487872,4.781510947049807,,6.253764900400231,5.4736386971145325,4.825476357486504,,5.119702236832051,,4.817672827936713,,5.3665493911232325,5.6718074099366325,6.087941088163758,,5.445297655476749,5.973482493334307,5.04247650159054,,,,,,,,5.503365492849215,4.759147582202975,,,,5.870276188052244,,,,,6.175615536906298,4.984746636903924,,5.182455105838591,,,4.705857875651272,,,5.201411067227578,5.194986614727142,,6.355906295770717,
PXD030304-Sample-1340,,,,,,5.669198303286451,,,,,,,,,5.949137724164476,5.482741297236237,,5.418995407220774,,,,,6.0327937509541805,,4.841295793517044,5.455865642734845,,,5.132388760556657,4.585649589206136,5.473254789438035,,5.020497411963599,5.131682508333316,5.259472173097174,,,,5.696980862109483,4.706337597274396,,,5.823345547993969,,,,,5.030266675874582,6.106063066483948,5.751230873458738,,,4.907352017489433,,5.8800682880262025,,4.906513204081924,,,5.3021705997161686,,,5.208933197259905,5.285650110910193,5.803611100654793,,5.192923204115978,5.483234982317859,5.627221790010558,,,5.285999169083837,5.254232827171288,,,,5.607974370640485,4.575169779704029,,,,5.679529627461828,,,,,5.924731119952327,5.0976266542974455,,,,,5.105758639297589,,,5.323708148921594,5.348058301549614,,6.52477128092649,5.067944660036414
PXD030304-Sample-1341,,,,5.909813662613556,,,5.733046150162,,,,,,,,5.917138581898666,5.77510299765382,,5.416561445691577,,,,5.667395472723124,6.404941893920533,,5.326650148479466,5.960986444575424,,,,4.572691923626773,5.181874501069895,,5.0246669911148905,5.138542223064612,,,,,5.537781185504292,,,,5.6045734757094205,4.927688857749719,,,4.798533624061742,5.035572739231825,5.9997927652861485,5.653785254679284,,,,5.033124648321174,6.283230099636583,,4.923276374018553,,,5.296281839653132,4.930080790332831,,5.193843764194583,,5.857412607346315,5.303664020025278,5.474867707472662,5.780726993641287,5.147851597931464,,,5.758842162610885,5.255555986351513,,,,5.612639931544555,4.584158613520806,,4.708619755057845,,5.970418171987775,,5.064199234403961,4.804776909473789,,5.803859172006173,6.040673217275117,,,,,5.108311340331828,,,5.332335946080151,5.4674740172023935,,5.688882521851968,
PXD030304-Sample-1342,,,,,,,,,,,,,,,6.019970337494858,5.914060472809716,,5.874492569315156,,,,5.505882250780127,5.5869608955780885,5.498166060449594,,5.5377907981556,,5.804990065908684,5.134297405332688,4.5573564906945805,5.242076168181755,,,,5.227999677058291,,,,5.558929387571874,4.690251797306514,,,5.587406778841569,5.689994615445969,,,,5.03654621258323,5.946175949788661,5.698455277818125,5.579617775514,,,,6.224795792948127,,4.950997412185567,,,5.345029251625596,,,5.211173564098477,5.2825569701465005,6.002053330304944,,5.423239255103627,5.754321580972531,,,,,,,,,5.589259327103602,4.549333471391098,,,5.188693469004226,5.646177026170808,,5.068832619862959,5.277061776909176,,5.6073838793307385,,,6.516821883165864,,,,,,5.317564970496018,4.815300777828156,,6.201293907821665,
PXD030304-Sample-1343,,,,,,,,,,,,,,,6.085974677551228,6.091678105960959,,5.43403917040343,,,,,6.237512397086961,,,5.077196812067258,,,,4.940512252803251,5.146761612010172,,,,,4.920618809409047,,,5.6514601833125,5.396867520740241,,5.625304064612625,5.915526555700158,,,,,5.523799126129572,6.014752235439325,5.931120329147157,5.108712389309419,5.603996403793786,,,5.789606594405979,,4.823518168954093,,,5.198932699939531,,,,5.480774747276082,6.275777953911103,,5.59761253505277,,,,,,,,,,,4.801291848302616,,,,5.864222162771789,,,,,5.997709272186458,,,6.408594653220145,,,4.977312528942387,,,5.529390250422493,,,6.174745024913334,
PXD030304-Sample-1344,,,,,,,,,,6.189031737904472,4.853067187218296,,,,5.633938160455117,5.837561842152874,,5.376569415687669,,,,5.136159927036105,6.248425048965709,,,5.514481562369143,,,,5.019883078330239,5.483888152475269,,4.990802141177584,,5.203537783092738,4.696011468567641,,,5.167403849338614,,,,5.931974736708939,4.951073906978024,,,,4.995013977313495,6.098216154047137,5.72904124782464,,,,,5.716408309066235,,4.628466948841887,,,4.939775475747689,,,5.153009860035734,,5.973481679202422,,5.339593671431927,5.7431234900584425,5.730328484603459,,,5.239367846585968,,,,,5.594725391615885,4.820425154124487,,,4.858623241780155,5.938049983671922,,5.339521483393167,5.085842668319212,,5.883766059929215,,,,,,,,,5.304410190199339,,,6.499684412803254,
PXD030304-Sample-1345,,,,,,,,,,6.174605907566852,,,,,6.042315031069676,5.802667812121301,,5.943789445834209,,,,5.433298196671689,6.210365402110609,,,5.950077664267966,,,,5.016882543452881,5.43954307657636,,,5.094901766078337,5.199605437599143,,,,5.941220950987237,4.97237204311984,,5.362199777394412,5.790902187302539,5.593249960531586,,,4.787058919470411,4.999818878183474,5.978427099563673,5.6128764296082485,,,,,6.3525694819199305,5.547560691541591,4.556102861139733,,,,4.8944822133620205,,5.189923471178493,5.289765155937063,5.956759431950249,,5.549733597151885,6.044464828884692,5.602087640952002,,,,,,,,5.582162814724248,4.817040486907762,,,4.852976606292592,5.64608253200349,,,,,5.8916822206037205,,,4.753139360514138,,,,,,5.284551224843834,4.829599830480928,,6.123363766823793,5.029229199854889
PXD030304-Sample-1346,,,,,,,,,,6.295683260117512,4.971003341181191,,5.891078847823315,,5.69496785630357,6.444354196408127,,5.01107538532288,,,,,6.172297875492336,,5.420845837215474,5.29016531880853,,,,4.658759828945958,5.561086759446352,,,,,,,,5.836373187833074,,,5.478262810651539,5.98660822077885,5.3198329754972535,,,,,6.03881695436909,5.477944343916774,4.700870864678056,,5.286897735937084,,,,5.019622961285396,,,5.082357741049391,5.012223723010084,,5.236032973515669,,6.1325459643561615,,5.442669987193148,,5.229109004783206,,,,,,,,5.687900966780611,4.932746531166182,,,,,,,,,6.418047117674407,,,4.86643376301361,,5.188452190987696,,,,5.407071416358989,5.447191450584009,5.939077109438118,5.749611111974105,
PXD030304-Sample-1347,,,,,,,,,,,,,5.733374585396338,,5.933114145293763,5.786608619576895,,5.946254382679112,,,,5.2359687773666685,6.230211962613944,,5.503800621970959,,,,,4.63440122839252,4.673858855283618,,,,,4.790012370453114,,4.747283391969917,5.971481284953353,5.074655071164958,4.649186940331469,,5.960014272030656,,6.254514463591567,,,,5.921970906827271,5.539496883792028,,5.4735817231864585,4.987236612206873,,5.312583590018747,,5.042538831213407,,,,,,5.246082514159558,,5.916972438850054,,5.414385122625594,5.538738204481144,5.516606174909768,,,,5.312583590018747,,5.739767994523974,,5.665850916780608,4.914073905815346,,,,6.029972113301055,,,4.858444484238494,,6.221699048261046,5.150283124508439,5.416896458101159,5.15277092256806,,,,,,5.3894430886723255,4.929896031238915,5.885712974065365,6.210681565189889,
PXD030304-Sample-1348,,,,,,,,,,6.20756606726992,,,5.488628147470539,,5.94875916348588,5.99297899525132,,4.929358549371138,,,,5.161437291537628,6.167353383254156,,,5.694384384137706,,,5.18652644754956,,5.31892754072464,,,5.428301262120728,5.248250502031655,,,,5.604000019789544,4.700121494495593,,5.401302303571764,5.7202121797709164,4.91196286656759,,5.401715256845754,,,5.824504956569408,5.726272629744446,4.619996118315295,,5.220101779022666,,5.958203160149386,,4.894579480422635,,,,,,5.205933865713306,5.325491630951855,6.1590373439486825,5.273555655985583,5.172039094650878,5.787581462509134,5.443354292447882,,,,5.262417420459363,,,,5.618240763322456,4.59044734676687,,,5.204960030652081,5.969925070601509,,,4.811976215292793,,6.100276484300402,,,5.127880795317871,,,,,,5.323241466823272,,,6.38143429104192,5.075811306419287
PXD030304-Sample-1349,,,,,,,,,,6.304297574735991,,,5.240447788134309,,5.564629150152196,6.473892743294854,,5.74230481344987,,,,5.194755610948264,6.23583499477663,,,5.542925877508687,,,,4.593246182415217,5.455243900639085,,5.056493859615955,5.468001210220046,,,,,6.0244754435902,,,,6.001751941758938,4.941747464487536,5.303568042045417,5.377414612424452,,,5.65257452262342,5.16294322947607,,,,,,,4.916356420186824,,,5.103753888488426,4.959301244674328,,5.165172672768139,5.321637690648163,6.039617777414428,,5.847760266072673,,5.481579947704687,5.535574056654776,,5.304320571273314,,4.741664826757825,,,5.642170376047266,4.605713215719507,,4.73848667080116,,,,,,,6.370073396998602,,,5.312397318684742,,,,,,5.354906463257613,,,5.712164630718355,
PXD030304-Sample-135,,,,,,,,,,6.144660184842531,,,,,6.116405910236344,5.916399030942661,,6.383446334110626,5.98710375818284,,,5.962451140472168,6.184250536023086,,,4.785196574153491,,,,4.816563425344086,4.694022744461392,5.159243189918303,,5.37574219919637,,4.674356029290746,,,5.4911649832983525,5.11025706133349,4.837867488224577,5.648844640373753,5.647820606730374,5.158316259889693,5.203314556290197,,,5.256140668773487,5.903926267979527,5.762148532207052,4.535957747107164,,,,6.047532812202533,,4.842313263090863,,5.175674008346131,4.893496843787894,4.853739062276231,,5.155393819733587,5.801137894113802,6.102020979566793,,5.388154422903314,6.003024535309213,5.372658910917121,,,,5.485581124318107,4.6410014950156455,,,5.844061833646746,4.7736589024501885,,,5.134127770366874,5.588264411897582,,,5.03568816392312,,6.036976905758447,,5.263021569775926,5.041578701562166,,,4.717702531425779,,,5.254580689460935,,,6.399214482698159,
PXD030304-Sample-1350,,,,,,,,,,,,,,,5.98132249131775,5.824809420818322,,5.736261690847188,,,,,6.092726880912307,,5.11158145781262,5.119029798552395,,,,4.508715094627287,5.471851713494807,,,,5.499645745585452,,5.6283495107478725,,5.730741395996263,4.983738997336991,,,5.926758735410991,4.87254674401865,,,,4.979244501227384,5.934754041459825,5.798350817374032,,5.666542381802411,5.183335182403082,,6.142671857840066,5.714860955577047,4.879129618434969,,,5.254515009242417,,,5.212650049500386,5.401913752556872,6.154045434904488,,5.239832352654101,5.445039265827491,5.595770595049548,,,5.724607807101665,5.223327220179497,,,,5.565196360023145,4.5344721910790025,,,,5.651027317435702,,,4.765652465545094,5.509592987106998,6.129437493769474,5.3608820311361605,,4.759321173255703,5.8690886800178,,5.076639588485159,,,5.289502240567984,5.139915026265728,,6.495474875943437,
PXD030304-Sample-1351,,,,,,,,,,,,,6.051109518831449,5.093782620132413,5.808813984250699,6.5204477997728905,,5.066808325158982,,5.734764681876459,,,6.166149803781683,5.9644728175854445,,5.435133817007655,,,,4.691154945714159,,,,,,,,,5.744435593569928,,,,5.86703718703197,,,,,,5.901883392613072,5.350803004926414,,,,,,,5.024154651839769,,,5.191179602995367,5.0654152575687,,,,5.81276993967708,,5.596671949967466,,5.5912415569736185,5.6440067523638415,,,,,,,,4.986744411127066,,,5.033967358613238,,,,4.940741171545895,,6.317814651209263,,,,,,,,,5.499405268197802,,6.275616523698017,,5.771496511817318
PXD030304-Sample-1352,,,,,,,,,5.838730509148044,,,,5.816220995821665,,6.170882298084386,5.996096487913499,,4.856635439550934,,5.030321149594992,,,6.158946065837508,,,4.997248948985636,,5.646373494795075,,4.782662452076296,5.089938007593497,,,,5.468139218202409,4.644475351972377,5.57965794918259,4.888935830479683,5.865089692095826,5.236618143391935,,,5.64301801383362,5.700004859679991,,,,5.243610126966488,5.948066688099243,5.885092297652457,4.523359823531813,,,,6.280548295502009,,4.833807898751614,,5.463064335982623,5.229310213359537,5.14973159943996,,5.125480116451739,5.345178207199619,6.107619857379429,,5.282421128775559,6.255701537372897,5.552740739271277,,,,5.169518527450798,4.684624206322526,,,5.534137188076395,4.486421617566166,,4.618611058570217,,5.616723989052494,,,,,6.15511443708546,,,6.324401748529577,,,5.008448278676541,,,5.257144863041163,,,6.297784829281917,
PXD030304-Sample-1353,,,,,,,5.918440961929512,,,6.082232774227227,,,,,5.781454978249267,6.342694226682385,,5.118674581929013,,,,,6.308279545955198,,,5.858496679283294,,,,5.031690796117933,5.797868941758938,,5.196473219763494,,,,,,5.142291342494805,,4.764827686658583,,,,,,,5.193394982320887,6.121972809484428,5.215776714443336,,,5.364118181357077,,,,4.7923239465832514,,,5.149327822601548,,,5.365640207784296,5.570713612384475,5.787676580020078,,5.418045698844069,5.651061651916641,5.32102908618328,,,,,,,,5.783987903574106,4.742935493976798,,,,,,5.268113071396918,,,5.980581127296728,,,,5.792030663936858,,,,,5.480830359813307,5.332126237723653,,6.1575902867956485,
PXD030304-Sample-1354,,,,,,,,,,6.235374626856478,,,,,5.997326603822072,5.942213433603863,,5.912087826624985,,,,,6.191142501112206,,4.863262846493437,5.725459579111581,,,5.146542758500649,4.878992237437987,5.275801166747644,,,5.148612379419364,,,,4.688357819812213,5.354304479999271,,,,5.738599112108016,5.24689900495278,,,,,6.026372421940458,5.515564399376593,,,4.9271744966317605,,5.775429326344028,,4.919333223639355,5.234347247727291,,5.308287324635323,,,5.222991453121246,5.336943790605598,5.982610559087783,,5.433459215469122,,5.164335079326522,,,5.5959092302844295,,,5.740438045371853,5.140673485812559,5.632118702502004,4.578435230679414,,,,5.680140309659253,,,,,5.809960344243762,5.114668712731528,,,,,,,,5.335216515653164,4.844678087444336,,6.485712921241973,
PXD030304-Sample-1355,,,,,,,,,,6.183984100362036,,,,,6.130259006176609,6.221762755846592,,,,5.08667261048175,,,6.422379596978173,5.466937359054327,,5.820647267956884,,4.994536715532865,,5.001817548580519,5.666131215752014,,,,,,,4.627320163299383,5.54092162376213,,,5.366299647593385,5.926770941252225,4.886305453831475,,,,,5.932251865065735,5.746766997957556,,,5.170148884086377,,5.83150642340737,,4.875544008851907,,,5.005709444128187,,,5.18316455140468,5.23979814674425,6.063941760790685,,5.164321312590019,5.91023720985386,5.407948465120385,,,,,4.708139514784291,,,5.585637848244723,4.819152954094265,,4.692100953939919,,5.621120605944921,,,4.77388275557673,,6.24667233398703,,,4.7525677696262125,,,4.766839305735434,5.990085889722063,,5.28916666474027,5.272818336770802,,6.349791006156775,
PXD030304-Sample-1356,,,,,,,,,,6.2979966030461885,,,,,6.109549344889679,6.396101065771858,,6.081888217772776,,,,,6.457821622874062,5.574066357285421,,5.359902823079164,,,,4.627330686597685,5.839544583991392,,,,,,,,5.4080640379632685,,,,5.655998030678661,,,,,,6.037530750445838,5.103105103923378,,,4.947915777114672,,,,4.954456042957291,,,,,,5.260012716068218,5.458238301304214,5.788457146084496,,5.225346507851518,5.5678702470905375,,,5.280215784709302,,,,,5.381330142410947,5.67005466144623,4.6084760098850985,,,,5.744017850012379,,5.6042132015052,,,5.686494540918505,5.1631563706756864,,5.169279811800188,5.675827043479146,,,,,5.374279459196448,4.949386229029653,,5.744700559515643,
PXD030304-Sample-1357,,,,,,,,,,6.2467403137050095,4.925502663386542,,,,5.486229669332933,6.479396049448821,,,,,,5.234019040068422,6.439235654047929,5.555024949895972,5.164146206476202,,,,,4.614390639404408,5.679743122099841,,5.036164079319054,5.158300223155637,,,,,5.920372873848067,4.732142003316064,,,6.064391065143972,,,,,,5.983579635649749,5.920659377544662,,5.452915252061042,,,5.587047885836809,,4.64583880950304,,,5.018586643324848,,,5.485737217266174,5.773689693828344,5.422971572661837,5.31866214314584,5.293416932237244,,5.4787111750026645,,,,,,,,5.6384552288113055,,,,4.928456723608663,,,,,,6.307175528709838,5.127877688560849,,,,,4.815179104388631,,,5.3447538130603895,,,5.999510546091235,5.414968565347128
PXD030304-Sample-1358,,,,,,,,,5.908011631515143,6.203033891404122,,,,,6.121733269669174,6.149203292082989,,5.767035138719186,,5.105520528563558,,,6.293214727879111,,4.824155750294116,5.584515382328044,,,,4.846255993516757,5.300277814821294,,,5.129351293496255,5.227150626852253,,,,5.629287624628915,4.998670308586632,,,5.713329352176163,5.213804650951381,,,4.771473564935527,5.035228668321423,5.939948778630441,5.66186427911351,,5.3897690021465605,,,6.430304411155045,5.259626247499675,4.877429478985415,,,4.969883029438925,4.910854303801074,,5.192435684251592,5.30228081510425,5.916993568554939,,5.435286094430842,5.939138757084835,,,,,,,,,5.604064354312111,4.609561547338329,,,,5.951388796396228,,,,,5.770621281953595,5.08027354273779,,5.071362846560514,,,4.761194797999176,,,5.295023732754144,5.290346029565954,,6.3777308308887175,
PXD030304-Sample-1359,,,,,,,,,,6.297817515581016,,,,,6.10630194967821,6.175845723024228,,,,,,,6.100996734174266,,,5.842284720837487,,,,4.651908844856681,5.237434187398032,,,,,,,,5.461837441863804,,,,5.895553376030865,,5.344355317962198,,,5.127466840521649,6.101303577924453,5.55980662095981,,,4.95254019239578,,5.949240717039825,,5.003899826046621,,,5.446476897645331,,,5.322913220322159,,5.775597946553767,,5.417311151618407,,5.212436520749872,,,,,,,,,4.6281399741800175,,,,5.727186398447561,,,,,5.700793270639805,5.178647378114409,,,5.68381562195265,,,,,5.393696379752961,,,6.069784270410012,
PXD030304-Sample-136,,,,,,,5.74287824149089,,,5.869825295408696,,,,,6.035387141901003,5.9248078215762,,4.891931009080146,,,,5.199587312837094,6.142267619331024,,4.795334516028933,5.194420376113963,,,,4.833800686930352,5.391724969219637,,,5.402021920360964,5.20562993905513,4.697540783860429,5.626634155104328,,5.712557333515513,5.160437483501743,,,5.3912986867070085,5.741410530442104,,5.3310866823810805,,5.297074501801299,6.047657825468033,5.907571097068864,5.049027406315617,,,,6.147508240554082,5.262280670156025,4.928437566083132,,5.500736365242779,5.02036840632006,5.199888360430023,,5.225199560173823,5.328478276354993,6.092993486260998,,5.059395164105961,5.922701387183565,,,,,,4.684300016247143,,,5.572473653465652,4.5662137161464855,,4.667993513830291,5.17510860419911,5.625906715305433,,5.335591169486822,,,5.979345996973022,5.362066419328586,,6.312389996635707,,,4.771423632068569,,,5.581820385576051,,,5.9440716995026825,
PXD030304-Sample-1360,,,,5.96090366528064,,,,,5.954077995515561,6.267547650404908,4.94314639193898,,5.235445591932392,,5.986101966295734,6.368523483005532,,4.976706908305966,,5.171858657700809,,,6.516633574069856,,5.669521520891167,,,,,4.919569302109995,5.803446920375411,,,5.177159335204616,,,,,6.143070180396844,,,,6.085433518227523,5.04712428492858,,,,,6.009400219850063,5.443063476273684,,,4.963461221070172,,,,4.939611172105915,5.237266637368508,,,4.980394799258371,,5.208346588557909,5.515144564154761,6.178324510619273,,5.441534060971655,,5.805514297172444,,,,,,,,5.657874801954431,4.895778635054049,,,,5.742470118451009,,5.123047348958336,4.850292490916131,,6.061157277667177,,,,,,4.831697824086024,,,5.384683390791376,4.88504678422234,,6.015349990608968,
PXD030304-Sample-1361,,,,,,,,,,6.299209640762736,4.999024727129407,,5.316441197993995,,5.462978515041198,6.240154774077728,,5.8726468754113945,,,,,6.306258287470812,,5.429429648430326,5.562814593346015,,,,4.658681063818748,5.519450131971878,,,,,,,,5.989020516887583,,,,5.926521900625017,5.013172789048837,,,,,5.809813955020672,5.311204548405099,,5.48886727578774,5.047672950693838,,,,4.999474516791591,,,,,,,5.483583421008878,6.072770692821245,,5.477480326268093,,5.853528755109582,,,,,,,,,4.622620903220241,,,,6.073106227300626,,,4.901520029280787,,6.021697096574641,,,4.877854666198217,5.698679893366657,,4.872342802866795,,,5.453714695477721,,,6.071357708156549,5.25452779522285
PXD030304-Sample-1362,,,,,,,,,,6.156605101259128,,5.821594583890684,6.11892482457492,4.902135858128645,6.158769201379593,6.268832581365945,,6.333543523109483,,5.057043733247284,,5.157196230400612,6.233958907049368,5.76190203962429,5.566624280999597,,,4.976223603011104,5.078394627886378,4.98708808780056,5.195400613667003,,,5.3765192215955855,5.481362331010704,4.682485848130288,5.612586350048302,,5.971186431600973,5.357934348273204,,,5.9746338355299,5.171958984141422,6.190471336417746,,,,5.866103258520523,5.896139801156352,,5.341840594899379,,,6.120349152555202,5.224934117503181,4.821102404285298,,,5.234972348475485,4.874632923395708,,5.127950161144473,,6.137161124030968,,5.346665656309506,5.413918588970321,,5.7573304997178045,,5.927216571800893,,,,,5.552327789930793,4.482457430443212,,,,5.926380718019456,,,4.751609584901067,,6.27371176428135,,,4.731141907321947,,,5.054797763547337,,,5.252745797855963,,6.062520407792748,5.619949790667746,5.337975241971275
PXD030304-Sample-1363,,,,,,,,,,6.241434757961631,4.915600823754539,,,,5.743157353037337,6.29147451659032,,5.964365943068424,5.715057259959069,5.1382913201699525,,,6.274307121520584,,5.656681020638811,5.005090725929576,,5.082904617319768,,4.625531695162735,5.453869088134794,,5.037961452515443,,5.26504819383076,,,,5.756508179725897,,,,5.931232927448383,,5.606551438542757,,,,6.004995472644372,5.51046050855229,,,4.917974679671486,,5.282054535335264,,4.939598004590885,,,5.035260058747829,,,5.215889048401801,5.342864902701459,6.007533077857861,,5.521941183024199,5.504616824292601,5.174208501631334,5.536754473716585,,5.306081528739209,5.281331781668251,,,,,4.881669366277296,,,,6.0140345100021815,,,,,6.260983427511657,,,5.295993330276657,,,,,,5.35026893246914,5.3708493852871255,6.183626996161593,5.706601786323405,
PXD030304-Sample-1364,,,,,,,,,6.247722937470896,5.883611987891605,,,,,6.2332803639882695,5.751135939307634,,,,,,,5.576199780713975,,,5.022919401214035,,5.822675654648257,,,4.745885469079587,,5.009921769178889,,5.225961824164275,,,,5.165321319349606,5.383852016404683,,5.399411978050605,5.4010710455931,5.508092319012404,,5.359410028158611,,5.326336241939504,5.921906806816149,5.787771487489898,5.509032397493626,,,,5.9350143026071525,,4.939688312653508,,5.212415953462225,5.359715750720457,,,5.172285734913928,5.275609042093963,5.824919831328918,,5.616144134788381,6.238129139424423,5.129018338883917,,5.183782058174341,,,4.702665154534366,,,,4.583847277945935,,,,5.951744345438689,,,5.105090483257214,,,,,5.924143006576971,,,,,,5.596648339629009,5.0790399029833,,6.373684710402671,
PXD030304-Sample-1365,,,,,,,,,,,,,,,6.12420361213652,6.0376528243212455,,5.823804355089372,,,,,5.874263774499893,,,5.518239956231413,,,,4.598575298033178,4.81442722593026,,5.0926947443162565,5.172652627620852,5.293107478210662,,,,5.436659365372847,,,,5.157534267838043,,,,,5.386532673652975,6.101049590422148,5.608798514312965,,,4.9498293393685096,,5.9194040839208,5.623120921825158,4.663545222989779,,,5.356861307401299,4.971046215241851,,5.24870059932562,5.315675890373408,5.79911010869901,,5.343710843110082,5.538484504020046,5.189409124234668,,,,,,,,5.651699247872949,4.600390875129283,,,4.945436426003686,6.02376827094875,,,4.845866488719417,,,5.144377043011524,,4.845459092616609,,,4.852641572232775,,,5.371258687747322,4.902040322922774,,6.515568275572065,
PXD030304-Sample-1366,,,,,,,,,5.928848362526457,6.217879884778585,,,6.17258408644261,4.9617595899107565,5.943630714363366,6.085652942481536,,6.183631009645518,,5.424275425712627,,5.223515396779472,6.320688683162592,5.824092734010794,5.458781799030461,5.256604696516752,,,,4.580762850642291,5.109615606564527,,,5.138561218468074,5.241997786420858,4.72769797900644,5.673151354914504,,5.538526293577108,4.715684287170163,4.598880761279851,,5.909379059360493,4.946913793109468,,5.411424681419929,,,6.165228603088625,5.414174927783001,,5.7223097538945416,5.220552875853225,,5.890427150079219,,4.649570013845732,,,5.000601450065904,,,5.170718002570958,,5.8076446776534825,5.31611568097227,5.434518596341806,5.49241998610215,,,,,,4.733940725567081,,,,4.863895359688032,,,,5.986674004923992,,,4.821297773357154,,5.927732314369696,,,5.294356271941754,,,,,,5.346530231161637,4.873941643407799,6.318123342091672,,5.410921293456149
PXD030304-Sample-1367,,,,,,,,,,6.463986498568329,,,,5.237332636515999,4.997669053580691,6.636549458257212,,,,,,,6.588375645884691,5.766644768566453,5.5822353467120704,5.468941273390173,,,,4.810537184487321,5.512570038076379,,,5.67570057845249,,,,,5.52306013672326,,,,6.066439439512974,,,,,5.263423093420835,,4.67458654089512,,,,,,,5.1566152894569885,,,,,,,5.581521902120124,6.214544515308607,,5.458870449616314,,,,,,,,,,5.853245718764683,4.777619817826969,,,,,,,,,6.415723257839659,,,,,5.32814864763939,,,,5.582800295321617,5.139717990182025,,,5.836892870013921
PXD030304-Sample-1368,,,,,,,,,,6.31833001695458,,,,,5.471190891451218,6.395841921671806,,5.342095571755042,,,,,6.026222319734913,5.961306840258693,5.247998640624075,,,5.131012421620679,,5.002109140635782,5.488061563433596,,,,,,,4.786917909886863,5.6024949255449465,4.845848035765302,5.556095316115746,,5.700386385819406,5.026402845985097,,,,,6.071036649388787,5.017879396942681,,5.519311705167074,5.002799621176838,5.1431813741621095,,,5.04456473459047,5.342027633128956,,,,,5.300086092308941,5.70227148905184,6.204550647101698,,5.519668042784774,,5.865285096377338,,,,,,,,,4.646327395391428,,,5.003498270470098,6.086711500114873,,,4.911803635038595,,5.909679284502699,,,4.8929416604842455,5.713493773569171,,,6.138873092639157,,5.43753979568671,,,5.788588979471504,5.198211623874329
PXD030304-Sample-1369,,,,,,,,,,6.273336038638325,,,,,5.859869445691897,6.105966583083935,,5.99404373930332,,,,,6.256668663739761,,,5.385396324987011,,,,5.094303316501151,,,5.075946841878968,,,,,,5.691662403816601,4.763474194935336,4.648492697570239,,5.653783338343732,5.585494397276567,5.336790862735914,,,5.098595301712038,6.013580154701363,5.499506761075773,,,,,6.374155788848868,,4.938006983957397,,,5.05880941871136,,,5.247208413341279,5.32301741074459,5.949774853881327,,5.282859339459795,5.8345014658319885,,,,,5.311281567867393,,,,5.665628294812168,4.644984941357597,,,,5.721260014525598,,,,,6.0790756951334,,,,,,4.842714753506692,,,5.36930552229373,5.410083034839071,,6.432030639817233,
PXD030304-Sample-137,,,,,,,,,,6.206841463515825,,,,,6.003988986878289,6.1826252244461966,,,,,,,6.060202025079706,5.495529436995415,,6.030059296561317,,,5.111786830694048,4.850191229925272,5.361127664460522,,,,5.233714936960144,,,,5.7783404492746575,,4.583683407729826,,5.705552570945615,5.505745337134509,,,4.7825736485534645,,5.953666249520916,5.943534429463027,,,4.876655386003403,,6.217671055071903,5.755203558938342,4.87764037144005,5.203814855657297,,4.946518973878183,,,5.1611955156540725,5.304124336144074,6.014401944375088,,5.297569279210314,,5.430546003934735,,,,5.245768342912289,,,,,4.535814612648445,,,4.869805798205125,5.669098737292671,,,,,5.771994919478443,5.078081740632207,,4.8092667418775,,,,,,5.30177840513753,5.49557467814773,,6.136339558009308,
PXD030304-Sample-1370,,,,,,,,,,6.215930121297945,,,6.076469926404423,,5.926951240386191,6.168335661193556,,6.1240374824207215,,5.607946049312892,,5.509014628525351,6.090774962122009,,4.859206296629009,,,,,4.875925419053801,5.3368785541034,,,,5.276599709401076,4.724338751446811,,,6.028479482846784,,,5.402701983203142,5.751636153873656,5.411710535093467,,,,,5.9938397797172,5.751795904926066,,5.9037204939295735,4.908357339476396,,5.875912086699725,,4.895838074817763,,,5.068058124194945,5.246161590997904,,5.152901615848122,5.304355533982259,6.055904646512817,,5.575779581392923,5.486734493132711,5.771111686209916,5.530164503237797,,,,,,,,4.8640447114048975,,4.710465361526093,,,,,5.124996092023458,,5.82480884710867,,,4.808704712489724,,,5.097732677196163,,,5.32537533276293,4.869959834120769,6.129867191291503,6.46511151818232,5.421611178262825
PXD030304-Sample-1371,,,,,,,,,,6.132882218302647,4.818748277604234,,5.7364714119395535,4.88416210572,5.691117635230509,6.104631479698831,,6.141878576636022,,5.0534687610878,,,6.348233924581563,,5.2490650281507225,5.565867729679092,,,,,5.25032519190831,,4.953152589266449,5.052062693375587,,,,4.596934977225275,5.986026995905067,4.939999380265309,,,5.82998036446029,5.448473079926062,,,,,5.889621609279544,5.68993355001505,,,4.871265765445962,,5.513956583060306,,4.83956086229543,,5.158172975184288,4.9383525207100565,5.163941807381147,,,5.364355075234544,5.806440605976403,,5.454531800796126,5.405326636354882,5.6790892916148215,5.432724254615928,,5.217546941504211,,,,,5.530017118591547,4.781329696183095,,4.930581255349933,4.810328070560218,5.9059765493937295,,,,,6.342605518205023,,,5.014581450191556,,,4.735940374086306,,,5.242480568873615,5.197232563142711,6.052706086620853,,5.320088186471906
PXD030304-Sample-1372,,,,,,,,,,6.26203804295575,4.943448225925078,,6.104941602300677,5.002211188588318,5.103446453915827,6.246050252907377,,5.449187868471986,,5.649532056296995,,5.250655509969791,6.513828113172327,5.562263057348794,5.207144827254622,5.098650750905321,,,,,5.567000619221038,,5.086897527507836,5.4730523899640335,,,,,6.037814918631492,,,,6.022249894907531,4.958037855052144,,5.3898972682518735,,,5.670867186805286,5.7789929727446046,,,5.307553095903647,5.379451632715073,5.302674906827128,,4.752103576858484,5.251830796735425,,5.18123011660386,,,,5.456924847799792,5.888754508705838,,5.634902858390047,,5.67402623733987,,,,,,,,,4.879235042303138,,4.745003653566831,,6.019643295299657,,,,,6.503681561980697,,,,,,4.831464412995806,,,5.3756549986987086,5.537042129140225,5.907574394367214,,5.479292484412796
PXD030304-Sample-1373,,,,,,,,,,5.9784899430971965,,,5.276275261977983,5.028970649963654,6.215205588079817,6.165198482989405,,,,,,,6.525996384446016,,5.398032012476057,5.538162484999469,,,,4.646149255676412,5.633716126735433,,,,,,,,5.893021867687839,,,5.493503557632316,5.89131360881178,,,,,5.094421856293807,6.031271307925391,5.418072526265877,,,,6.0920900687523005,,,4.996762055876936,,,5.101902132607586,,,5.2602019281175645,,5.9144947471714335,,5.476009184611836,,5.831851301848337,,,5.3496572960693545,,,,4.892690816042355,,4.657033705938471,,,5.005766105345365,5.77425611038904,,,,,5.703865254209282,,,4.859141039303307,,,,,,5.398770978325395,,6.19629222526013,6.230854064668549,5.602975902948936
PXD030304-Sample-1374,,,,,,,,,,6.278821024423202,4.95058283893496,,5.961113695767096,5.016535610389127,5.1369598105978485,6.2702749992532745,,5.477193961074003,,,,,6.465572235905207,5.589922324827612,5.687989604849864,,,,,4.633588221174746,5.547095297540786,,5.083590603296217,5.191963835876607,,,,,5.961415950317975,,,,6.05285247170781,,,,,5.081329127946676,6.1459642111880015,5.277152364931829,,,,,,,4.968645376238607,,,5.060434442236488,4.991939201758152,,5.240160779662586,5.581093538734317,6.088782777704424,,5.470790953491196,,5.5276541793688425,,,5.360844878181166,,,5.760016637165887,,5.67988972885332,4.6239472105608925,,5.256048058707506,,5.749637229426039,,,,,5.980093590947688,,,4.852100838138044,,,,,,5.400836953869393,4.933218632476563,5.8950979637899135,,5.451483551451972
PXD030304-Sample-1375,,,,,,,,,,6.318560655282986,,,6.089840556229217,,5.629700675171705,6.05593046544996,,6.373992585243885,,,,5.577020299115238,6.2646821704002456,,,5.231127049327753,,,,,5.467910615355627,,,,,,,,5.9758589944523965,,,,6.114046248358465,5.713925976439718,5.380452704567088,5.472746391842762,,,5.970402071395208,5.3049878027098085,,6.370806726523082,4.993278763972217,,5.659186719160567,,4.984750032032015,,,5.1729832546315455,,,,5.441822441562093,6.025020325721336,,5.553978429671961,,5.842052379195008,,,,,,,,5.696172401797099,4.675707823180086,,,,6.0650278339950505,,5.155444359756825,,,6.37355309757484,,,4.874804594195969,,5.168786837732433,4.866138043832188,,,5.4040628603779615,5.240257390582573,5.917246495198097,5.760977777472997,
PXD030304-Sample-1376,,,,,,,,,,5.932309992984486,,,5.230758902343909,,5.87557087508389,6.014501297535029,,6.224965749714069,,,,5.51239188470784,6.398246842042976,,,5.777614503208818,,,5.154452854364132,4.601450115073922,5.460798565084609,,,5.169902219804523,,,5.691611105137087,,5.563703921386161,,4.621954595909882,,5.451637823070727,5.735035608795725,,,,5.355436125111628,5.99394797912805,5.771051429526085,4.632341443920615,6.232602804580933,4.941321009225897,,6.253538051495263,5.306836572498092,4.921933665892597,,,5.00994932977747,,,5.245273454953403,5.322488911582224,6.073867490815037,5.3630074343593,5.380351906107282,5.820352821127917,5.653323720964193,,,,,,,,5.652194660306868,4.585919500873586,,,,5.712097505399202,,,,,5.812286946837869,,,,,5.420526329009968,4.840137771279097,,,5.340911477299088,5.232367416786021,,6.1908957735194505,5.445991053077891
PXD030304-Sample-1377,,,,,,,,,,,,,5.239303368511952,,6.19338904412391,6.361576060618593,,5.250334960429854,,,,5.1868335955576965,6.460539643933915,,,6.043955952260141,,,,4.596848520242833,5.409449045675882,,,5.158813582628143,5.272769617802136,,,,5.657765892326316,,,,5.749358637239919,5.424954483816598,,,,5.081077880085217,6.047483646741325,5.462032367182887,,5.42075731131676,4.912877996068704,,5.771779970648118,,4.925103352494332,,,5.021992315616001,,,5.2093690262839445,5.32720431043875,6.002937400967215,,5.23415479639998,5.521088949785652,5.471532465177136,,,,,,,,5.657470790811723,4.612465976704701,,,,,,5.083200676420234,,,6.185695540269151,5.1214662964596975,,,5.629362023494242,,4.796433031090025,,,5.338117692443076,5.425154857265218,,6.303367087455328,5.093113503386297
PXD030304-Sample-1378,,,,,,,,,,6.256657901812746,,5.595954964528618,,,6.160610230065283,6.198514951768244,,5.2818045151936746,,,,,6.346409859875177,,4.893595307454746,6.064254761854493,,,,4.602262710206388,5.565746209494712,,,,,,,,6.079093886985115,,,,5.754942534697971,5.454653827485296,,,,5.079729659518631,6.1159207737426335,5.439844566800991,,,,,5.916565522106103,,4.927915768144553,,,5.073083311320224,,,5.244915977594934,5.629264576786438,6.038603918987842,,5.314976372136589,5.823799797087309,,,,,5.295698821418015,,6.085020290002104,,5.652344913201133,4.9177709466112365,,,,5.742732004380305,,,5.156404289454004,,6.145112424683416,5.149596409436769,,4.824804750248916,,5.117217336983454,,6.071313982411118,,5.658586641303635,5.465615752950297,,6.3285175755713166,
PXD030304-Sample-1379,,,,,,5.673065847250204,,,,,4.891365202245046,,6.106067268421126,,6.125653606994133,6.308534082736751,,6.010607290243265,,5.119830475708857,,,6.437370338619126,5.510864009788811,5.445200524221858,,,5.03184639837005,,4.86437990398112,5.243308106377072,,5.013539188600234,,5.248390770326255,,,,6.0395625772352615,5.404069947748797,4.592914223948167,,5.968013803565907,,5.276362566924253,5.398528757958365,,,5.928324589836016,5.611192985203854,,,4.895306596458044,,6.049735690281401,,4.627544399041368,,,,,,5.172882294058579,5.477905433598419,6.203565990766908,,5.353781774665727,5.46550610189692,5.758244088138602,,,,,,,,5.604938193267371,4.583842632875511,,4.7183388597678055,5.2006621997209095,,,5.070117321830682,5.120762047612366,,5.794210090401222,5.098128343072002,,,,,4.773046784181597,,,5.314435904200019,4.810852240125387,6.131649486533277,,5.398703428747453
PXD030304-Sample-138,,,,,,,,,6.297727678042604,5.917608737111859,,,,,5.899270479512021,5.483520643105368,,4.94415975688337,5.999857457829335,,,,5.139754955204381,,,5.417739582818224,,5.038029319001761,,4.880628651135937,,,,,5.557595473270919,,,,5.205914762493599,5.019424742937799,4.602653236285289,,,5.642316057461656,5.299739132946784,,,5.367696276319713,5.6725946389166335,5.377459749827838,,,,,5.987259678229105,5.289009505011522,5.006696271304144,,5.249393198314575,5.010340544254144,4.939864488493191,,5.193217736239294,5.289874092091537,5.995056621115348,,5.648874915646516,6.19649361485282,,,,,,,,,,4.585719265050997,,,,5.995867815050763,,,,,5.637342068781995,,,5.715853384951294,,,5.100789373289561,,,5.343670773738881,,,6.3934209385884175,
PXD030304-Sample-1380,,,,,,,,,,6.30560669578527,,,6.145547197832253,5.04555103058094,5.15692361622097,6.176768573536897,,5.017288086399841,,5.703742541508213,,,6.4913000177809215,,5.41208686546972,,,,,4.962548522325476,5.616488595361338,,,,,,,,5.969514776524951,,4.681729634426987,5.529479686142148,6.064979346127949,,,,,,6.024273152765344,5.431583430658694,,,,5.989983618125774,,,4.76047181837369,,,,,,,5.620370225447598,6.11389342695022,,5.501350521446369,,5.844555243003341,5.600005009721128,,,,,,,,4.640884232937459,,4.791482214079853,,6.068703733633628,,,4.91189130403342,,6.268825391813378,,,,,,,,,5.429821393946805,5.356177630345714,5.941178923798868,,5.594957457253807
PXD030304-Sample-1381,,,,,,,,,,5.870834077904552,4.854997532306348,,,,6.082232928630743,5.890445287438308,,5.676538638056879,,,,5.744672929392729,6.245165819419455,,,5.909950287128758,,,,4.52641249063868,5.219995020642479,,4.994957920731944,,5.213038241113347,4.716373023721638,5.627716072544458,,5.63541821781874,5.146162466050101,,,5.099429268919847,4.881954298015494,,5.373815410490682,,5.003281486154775,6.000142129707073,5.733145254193678,,,4.852337525503208,5.787733137993389,6.17092083784397,5.249397411896029,4.891604289245775,,5.508798769987942,5.300604149229342,4.892674031542152,,5.143089577832367,5.324764280302328,6.159001506320893,5.257035224134192,5.105616867566422,5.925383864320675,,,,5.241439586239836,5.218722191683423,,,,5.574259385434578,,,,,5.942728520052341,,5.327570018345584,4.767196182724763,,5.891116106070136,,,5.05344100395764,5.569619367712292,,5.066698810510716,,,5.290112433496611,4.805006178511948,,6.51565204670959,
PXD030304-Sample-1382,,,,,,,,,,5.936585231543452,,,,,6.130510019047343,5.863803602588513,,5.814176824840412,,5.141344998715306,,,6.159413906886729,,4.876107684673715,5.767948381426045,,,,4.58848714832738,5.352130002254315,,,5.649742311264907,5.265187758174051,,5.695266027573569,,5.218292671558936,,,,5.757799925697033,5.433862280695137,,,,5.140285312326593,6.019777807610062,5.819658186066208,,,5.269584443316007,,5.999575736269212,,4.945809290030492,,,5.331503086631755,,,5.2126270331742255,5.357498120123919,6.103130667847893,,5.442351186262557,,5.482871283726992,,,,,6.173004220421758,,,5.646441976083031,4.599717388540606,,,,,,,,,6.269382816714659,,,4.817620138241693,5.638228578418114,,5.124766889314511,,,5.350586857030074,,,6.510737358319227,5.108722030043752
PXD030304-Sample-1383,,,,,,,,,,6.242379267003828,,,,,5.692024409210194,6.2033397423340295,,6.000664192989692,,5.185727382870897,,,6.435024625577074,,,6.196536887011939,,,,,5.336382156646304,,,,5.250749227496463,,,,6.058138227836752,,,,5.927977205883388,5.562198784579292,,5.436549822426499,4.857039408239181,5.061421946584637,6.055868470980345,5.365138354290527,4.625756840640015,5.915491997834404,,,5.890088582650906,,4.928792109443324,,,,,,5.2158262885174205,5.325764405602166,5.983352124238984,,5.902762735945404,5.488854215717389,5.775213995794027,,,5.298681023331676,,,,,,4.596869167574407,,,,5.682737412731147,,,4.821932652351356,,6.193078244817442,,,5.152570914297737,5.626976180835939,,4.815700220179109,,,5.34701384678543,4.998176451224194,,6.298128926525865,
PXD030304-Sample-1384,,,,,,,,,,6.187225098452238,4.871944332089527,,5.486320861592604,,5.7444204500799065,5.925668039401027,,6.4320893266857695,,,,5.198919306341732,6.22748611649468,,5.104007521594141,6.156382461220407,,,,5.034405962883765,4.738826432020287,,,5.412571429142854,5.512358835784695,4.715828367590852,,,5.698281672616585,4.675470691722733,,,5.705537707869996,5.69433758167022,,,,5.32465109118396,6.034507278100351,5.600519280181876,,,,,6.370412680274232,,4.902949743916068,,5.517017840586549,5.300363942186947,,,5.231353432642808,5.267089909984432,5.67087478981027,,5.353148234628711,5.45828598655284,,,,5.551115298463134,,,,,5.581927605254272,4.560585389934216,,,,5.948985768282832,,,,,5.995132214847267,5.0862521159738,,5.067409726078612,,,5.075445293732885,,,5.285405176817616,4.798177179286916,,6.4474537007537,
PXD030304-Sample-1385,,,,,,,,,,,,,6.092748488713483,,5.469850646801015,5.989121896503596,,5.737361412006876,,,,5.301397204823776,6.196572107825897,5.957259343989076,4.970739355058895,5.584497078796455,,,,4.736982112444114,5.177722252888808,,,,5.3303803035439055,,,,5.831504945114071,,,,5.228232941262931,5.8491250847986445,5.376521780174249,5.45271067573266,,5.144868527732994,5.715139242351393,5.316576140530791,4.721413165949172,,,,5.843641011687309,,5.01535101928135,,,5.116389118922671,,,5.312280525051959,5.490411306039462,5.779341141223252,,5.627429963580578,5.891833129823528,5.54931368788863,5.608295918881899,,,,,,,5.722249248211302,4.6608961319050906,,,4.98452838940252,5.765023313380809,,,,,5.73309073986894,,,,,,,,,5.453360386429804,4.942422604669818,,6.087328049559503,5.172561885689094
PXD030304-Sample-1386,,,,,,,,,6.229043660286813,,,5.534472258505661,,,6.219315951266951,5.701285147413451,,5.823651492181977,,,,,6.06069832070876,,,5.683718172410699,,,,4.546292233398471,5.048856050408006,4.904434398769553,,,5.219100230264161,4.695660398294937,,,5.546082284579016,4.988033073388912,,,5.58618199727503,4.91005179677987,,,,5.327915561468796,6.028580453787896,5.677810823386854,,,5.194952127959388,,6.261059864991999,5.569630859929406,4.912672426388611,,5.514976156558536,5.286770203811177,,,5.200587157272585,5.256114336665658,6.06166989860191,,5.340566498282864,5.761123752819678,,,5.185005205657636,5.5557101279156775,,,5.671057653136103,4.798227237688789,5.594120467022442,4.540979822603298,,,,5.961683429445542,,,,,5.896726691819514,,,4.82268149273561,,,5.0897038266047225,,,5.304203384590521,5.279409568533024,,6.273910201453919,5.041192183646017
PXD030304-Sample-1387,,,,,,,,,,,,,5.798110195037839,,6.115821509250008,5.817579555967715,,,,,,,6.067462612521242,,,4.968100452758378,,5.30373197244497,,5.029017114413273,5.4559882065217655,,,,5.516803960526679,,,,5.888350113656204,5.174679386613483,,,5.8069273764757146,5.615476828568681,,,,5.031968773231866,5.91787062719153,5.79519416765431,5.616862000665377,5.421624910037033,,,6.110015924624684,,4.907602877496443,,,4.984268433938429,,,5.2421689551941935,5.302189742453921,6.05699287555675,,5.296412514233976,6.06554834280288,5.131150903427322,,,,,4.726472249826764,,,5.59350076232679,4.6152283571852495,,,,5.958828733001248,,,5.089489737711238,,5.596777939097471,,,6.34957692198384,,,,,5.491628757256214,5.3066137460099085,4.809019152625159,5.793636261013552,6.437009130671724,
PXD030304-Sample-1388,,,,,,,,,,5.89338912846948,,,6.166089099423418,4.953718785571157,6.055184186579918,6.144302907977563,,6.036665181344897,,5.111063991831317,,5.167538733603144,6.327100843579462,5.510912759866559,4.8351107542133125,5.151219754204039,,,,4.567460016567299,5.365012166402986,,,,,4.705579708636113,5.65405686258612,,5.897152572420106,4.723382247082919,,,5.723833788847449,5.391771938179777,5.269450354987438,5.660362712474677,,,6.203805535011747,5.604402181463827,,6.006795995827513,5.223353351475907,,6.175402760453659,,4.896187713279762,,,5.291756350063675,5.218423624875417,,5.183521368086352,,5.805228353638974,5.265982677408654,5.30124558151179,6.067898291688318,5.619359183573563,,,,,,,,,4.844872284007927,,,,,,5.0559170711139805,,,6.372390685591307,6.035755506768833,,5.07674514457507,,,4.823706031395393,6.020663051831036,,5.300492999671854,5.283634804977942,5.810502008937768,,5.075040092462497
PXD030304-Sample-1389,,,,,,,5.700816583930387,,6.184963188719137,,,,,,5.931713128775062,5.601288595125748,,5.969132529326344,,,,6.1276640216506015,6.039213018266067,,,6.002410939577615,5.232874937973973,,5.382813335629872,,5.794882919881769,4.877069579621323,,,5.211108650657211,4.677722742493802,,,5.676533980849761,5.284123464786903,,5.348000227637564,5.778877033217932,5.663331959545938,,,,5.143012529126734,6.067580750969598,5.804159427792817,4.563348379531854,5.345951194968787,,,6.016298897232343,5.532554756562717,4.849111711297584,,5.503454995801331,5.260646213128182,5.187719334923868,,5.203591235159349,5.54057634148156,6.051435908820584,,5.304123892999427,6.301978474696798,,,,5.9351179571788855,,,,,5.859652336389629,4.514479082380665,,4.957806812980893,,5.921997075255726,,5.727642237096287,5.36974553866337,,5.745886074265254,,,4.736096564639518,,,4.734063475906404,,,5.278023868053707,4.988140699897029,,6.480352800839562,
PXD030304-Sample-139,,,,,,,,,6.217192669612475,,4.871056184688688,,,,6.295334216031787,6.291837793314095,,5.737877205718534,,,,5.175696682958919,6.172313267293823,,,5.521510608650844,,,,4.99855605141841,5.213444580935287,,4.987193884370171,,5.228120508492896,,5.621179000121465,,5.703907715042373,5.458967612358037,,,5.562280891388378,5.364782885534409,,,,5.338328680000234,5.654293457040502,5.855666815443097,5.4787634112592,5.422948720706731,,,6.24446390883308,5.239967088665471,4.855098658072409,,5.195247218744762,5.243661391432983,4.886493443518912,,5.168866664388683,5.264383311600612,6.0520428245947855,,5.189457177309999,6.290162177198182,,,,,,,,,,4.528969312815022,,4.670227492578286,4.851699916642166,5.939122777091762,,,5.253793217870515,,,,,6.211789885496687,,,5.065737246157113,,,5.298342232664561,,,6.424194230843265,
PXD030304-Sample-1390,,,,,,,,,,6.2123916104013785,,,,,5.877620088653016,6.138126654631786,,6.32165484946615,,,,,6.469819764225928,,,6.174420881196101,,,,4.859294270433747,5.161858971434785,,,,5.541676714822199,,,,5.662972327815884,5.179490320117391,,,5.816993170844847,5.712814522280272,5.271118177331508,,,5.335565538772304,5.956301201074034,5.557234948662673,,,,,5.5683218879311935,,4.8884207863934845,,,5.324618589936348,4.921594808596195,,5.218727101619805,5.302858254785361,6.063903592638676,,5.481417959980801,5.961217049937518,,,,,,,,,5.603505685151567,4.601533195866964,,,4.900872404388174,5.656984430230133,,,,,5.915178852125565,5.114815134836359,,4.781698648368804,,,4.774309181065766,,,5.3018545353136695,5.275486134103583,,6.390424028126928,
PXD030304-Sample-1391,,,,,,,,,,,,,,,5.948856737861816,6.2790706838053545,,5.267079793604284,,,,5.5193739325633535,5.9465483742733545,5.555338177476555,,5.68016696109763,,,,4.909467038898413,,,,,5.285876323979496,4.761153544133891,,,5.121695461374879,4.7368236252776335,,,5.462805965669991,4.958427655763353,,,,5.36910535298953,6.002974222674556,5.734127993584427,,,4.922073213139345,,6.223041897705343,,4.950466837899326,,5.26954698338977,5.013116270714629,4.971469863515365,,5.263243636586694,,5.967928668761936,,5.273934293056991,5.817516924561394,,,,,5.302881751225964,,,,5.650807186681946,4.624457692810967,,4.752515984828099,,6.001380783251236,,,,,5.658907197316498,,,,,,4.813742842310965,,,5.352793180112361,5.447472982677485,,6.494572231455265,
PXD030304-Sample-1392,,,,,,,,,5.9141422742209935,,,,5.982095922919359,4.975981991606406,6.069904913661492,6.332493855262838,,6.048013148542938,,,,5.163778093795478,6.368303722213019,,5.440395710050243,5.550619294904359,5.275516935516355,5.024194827295056,,4.871499243862165,5.424444387277362,,,,,,,,5.325518820459161,4.724644196241908,,5.396640325224901,5.717934187649646,5.23002038076553,,,,5.046083359285329,5.9384908803799545,5.74568194657615,,,4.895574296597869,,5.867376046045015,5.294244465554643,4.909491619934964,,,5.0184271871213415,4.925981234077167,,5.204308006655391,5.316046377679031,5.819227398940862,,5.479321981134426,5.782153430951533,5.1439630596312895,,,5.98338191144228,,,,4.823648149013033,5.909286521143573,4.58435065007591,,,,,,5.361069388351644,,,6.327515993679443,,,4.787696615972966,5.620400215471988,,4.8076873012387935,,,5.333325070463677,5.0669573341607625,5.80614368686796,6.4632720198499936,5.486078103279441
PXD030304-Sample-1393,,,,,,,,5.657670114715258,6.288907832765297,,4.890031939669251,,5.214447139668985,,6.103432275174136,5.812576672542874,,6.473081936665505,,,,5.938648321318786,5.894799185513615,5.830149062417823,4.828425748905955,4.858860864972666,5.573390973969762,,,4.857615865031664,,4.90648372561916,5.038539852913657,5.604919796862164,,4.717160299821448,,,5.073730328154684,4.993312789400583,,5.715549554357521,5.7176766635130125,5.212909914673414,,,,,5.962229804219045,5.6774670535720695,,,,,6.174356502088891,,4.921572863049713,,,5.292476233112613,5.230822150661115,,5.2014806608855375,5.267299253497756,6.060517420589884,5.389479395315351,5.3816177064821655,6.317554165606849,,,,,,,,5.303560299687943,5.908178533854784,4.840033376119166,,,5.190307225158889,5.963581693527759,,5.351393694288285,4.813481818664936,,5.781928605316861,5.078344682842155,5.323536812854264,4.78284714301084,,5.087162126629159,4.787151451504446,,,5.330898799889519,,,6.525970877128925,5.358110106704836
PXD030304-Sample-1394,,,,,,,,,5.948498220432595,,4.870941627202787,,6.152263821013351,,6.223507967242309,6.063910975007984,,6.076857664279771,5.680718705973631,,,5.9587143423981335,6.472397488470603,5.5230066518931205,,5.543868347817862,,4.999314140299753,,,5.354886783179681,,,,5.217951757590947,,,,5.127434408079364,4.682724999294829,,5.407087599652805,5.7964433695593005,4.925013230224224,5.564005963152235,,,5.048515232195292,5.943542276200162,5.939996814350238,,,,,5.725980131933744,,4.963521381729027,5.162210182009381,,5.045311669495693,4.92698346327832,,5.210639319137994,,6.157474733150222,,5.49485558749506,5.455064275708351,5.424024608934002,,,,,,,,5.590061593873116,4.553396238437704,,,,5.957224299484241,,,5.113453000081374,,6.393739197083643,,,,,5.371516472119855,4.7802839493819285,,,5.291859082503507,5.095154256163376,5.8161895498923,5.673819447295289,5.040677443049961
PXD030304-Sample-1395,,,,,,,,,5.970145908094013,6.268024080449722,,,5.728742439472612,5.007159805210391,6.074994771936931,6.2523772028626725,,5.759485805247318,,,,,6.181894067929548,,,5.486918107374355,,,,4.901085758301186,,,,,5.275164730175905,,,,5.327991825689288,,,,5.46793364532975,4.961435373736855,5.320793537980521,,,5.369213585916475,6.026372614805188,5.767046259030706,,,,,6.284778636561724,5.32374839561393,4.595791607387882,,,5.039609729043296,,,5.531055474193234,5.309137947722393,5.996631143741162,,5.248621381501314,,5.20572714732575,,,,5.302668758737714,,,,5.671627108920027,,,,5.410574988661917,5.705217782254652,,,,,6.152659241834783,5.146905498500833,,4.840682795376277,5.956914822454752,,,,,5.353710297143237,5.205651443130691,5.855731480874547,6.02995647255384,5.433821529389261
PXD030304-Sample-1396,,,,,,5.727985814908249,,,,,4.958257211207948,,6.136010456254951,5.035759705419268,6.007026074320751,6.227016907454965,,6.351157638870625,,,,,6.355142019455441,,5.208029131913287,6.0165256729801975,,,,4.933313988982673,5.043558659799134,,,5.207950478199967,,4.791262587157224,,,5.975451566536735,,,,6.03886193382276,5.28929613453348,,,,5.111489223127073,5.712355516010678,5.684780703790046,,6.28463630125218,4.965200260698805,6.077208580902184,6.243507094540648,5.349027739244628,4.987232267036813,,,5.094548077802841,,,5.293099997050495,5.446283004364156,6.043459851541052,,5.267130414212886,5.578451111806518,5.21187082309892,5.57548425121398,,,,,,,5.9714631284613375,4.636445068001176,,,,6.043732975129012,,,,,,,,4.924371908429754,,,4.843738505395404,,,5.408161517444359,5.250159048952628,,6.049461709433,5.511932395029256
PXD030304-Sample-1397,,,,,,,,,,,5.002759239477438,,6.156305317622544,5.063291241751055,5.555481334878167,6.225925687231921,,6.03155117166682,,,,,6.520232198516261,,4.930082365831392,5.765415291165781,,,,5.136863485629319,5.565566213840927,,,,,4.824574936454142,,,5.910071197632248,4.804905513036872,,,5.81777098644556,,5.681590814397144,5.477308559292586,,,6.096695629106568,5.532278017971541,,6.3226629121363125,4.982222170519167,5.911045894251664,5.958609434643676,,5.000970500490937,,,5.049075522160373,,,,5.578016315543274,5.794394361966233,,5.28702380849178,5.878465254597804,5.540847110579668,,,,,,,,,4.6599930124839455,,,,6.065054973715906,,,,,,,,5.187035938395598,,,,6.135066757120432,,5.434544260539727,4.959657288072658,,6.374247874873324,5.528085571246624
PXD030304-Sample-1398,,,,,,,,,6.253916863790003,,,,,,6.128896431041873,5.815707547236074,,,,,,5.1660125521577696,5.423665646274087,,,4.939564885503303,,5.352871193225669,,4.860526909180772,5.066258760701154,4.914621660858099,,,5.242680687650776,,5.66555632983541,,5.179539416595774,5.310354187307948,,,5.122057582597073,5.702163354819587,,,,5.358598990016716,5.961632497978599,5.706290967989912,4.906238933752737,,,,5.961305705771148,,4.94248482290632,,5.537920339112153,5.2765957868483895,4.936708800668042,,5.175720768269638,5.276727642731299,6.125863314231631,,5.5889531486848,6.25362648661736,,,,5.879539880459785,5.25188563198283,,,,5.603912635122976,4.559500199815993,,4.697702679006184,,5.991152207129629,,,,,,,,5.112292678021667,,,,,,5.33001932762376,,,6.395013652992214,
PXD030304-Sample-1399,,,,,,,,,,6.287066686648074,,,5.973351659434679,5.02405009446144,5.308263646638314,6.313674873709822,,5.298402368416268,,5.205458156269373,,,6.326520391092606,5.917329702397307,5.386046737807223,,,,,4.659238909560655,5.664045543260743,,,,,,,,6.104857607190924,5.090004516629025,,,6.103578576272238,4.994737423039162,5.346612639764275,5.542398491132165,,,6.01542369830534,5.559171907089601,,6.110673466010981,,5.890634384806871,5.837983372499979,,5.007451424056056,,,5.137717138116443,5.010002369344468,,,5.421194301202847,6.034982567463841,,5.789552488371307,,5.707983920914746,5.577774165806519,,5.346419028066131,,,,,,4.643077282512079,,,4.9838960756489135,6.039069166118331,,5.448655391847552,4.887868494829831,,6.360802884986123,,,5.18777387669629,,,4.84667760981302,6.1003230164292015,,5.378817343976652,5.304040859980897,,5.748896932722091,5.465857646869068
PXD030304-Sample-14,,,,,,,,,,,,,,,5.780651226031484,5.707858742247421,,5.59488761204737,,5.173821986015014,,,6.14008595528616,,4.900709464282066,5.216814128839688,,,,4.921393371824726,5.318148041398182,,,,,,,,5.340451626111343,,,,6.033015384328831,4.977984955871299,,5.420079992314563,,5.388243519879159,5.703777399453119,5.3517897216957975,,,,,,,4.9607273265738,5.247093228538219,,5.11636677235614,4.989396845343648,,5.247112329989987,5.388426341626039,5.922908072787504,,5.38500067402315,,5.684541151988079,,,,,,,,5.671741912976196,4.616931712367896,,,,6.03680901082469,,,,,6.340588792344698,,,4.847069789747619,5.669502646699439,,4.837281403444824,,,5.39342984913066,4.920136499922515,,6.523323971449656,
PXD030304-Sample-140,,,,,,,,,,6.177050520076287,4.854115344114072,,6.141971941698699,4.915459649552004,5.964869187184211,6.149100235289336,,6.13480588257968,,,,5.211123113087006,6.417724897985423,5.482230803834365,5.403899865945616,,,,,4.562719137056516,5.484919380473436,4.879873255044719,4.999834491718016,,,,,,5.923590900136085,4.980018024914061,4.570288829865985,5.359892579103564,6.004555160703747,,5.253568543454328,5.317504315735263,,,6.016926226316793,5.690711085411246,,5.673408616450319,5.213813746414755,,6.021355938479017,,4.879943884361268,,,5.11349100415179,,,5.160868154152681,5.332213705920784,5.6047742482727125,,5.570357542407294,5.755153524648172,5.596930498085412,5.469896307204143,,,,,,,,4.8126855257304655,,,,5.660451094585963,,,,,6.304327384315087,5.055496850634346,5.298784303556802,4.755951620732546,,5.047614315441722,5.074378021365418,,,5.29626826091825,5.112007027158847,6.098911663221603,5.9457904235404495,5.028564282517625
PXD030304-Sample-1400,,,,,,,,,,,,,5.26842781980559,,5.68865765468436,6.3958652218314125,,5.618704842433884,,,,5.248378483612423,6.055375489087041,,5.2364296739748575,5.4122289999865565,,,,4.65000121098135,5.556610514101467,,,,,,,,5.27334324898507,,,,5.983302331597767,5.608726433292503,5.36256865792874,5.456549680875515,,,6.1053587463871,5.519716053068959,,5.502899091455659,5.308492682759181,,5.353280336010003,,4.989780123254137,,,,,,5.269720164541248,5.410601080889097,5.923029277854148,,5.520313052241229,,5.230568516314706,,,,,4.798299365418992,,,5.697537818578017,4.684628153507001,4.846452043101824,,,,,5.625519881439211,,,5.89312344138413,,,,,,,,,5.406727415817361,4.940561285167223,,5.749157812473092,
PXD030304-Sample-1401,,,,,,,,,,5.920741864386802,,,5.502264460382935,,5.821877766051763,5.725170525962509,,5.4274541189559935,,5.124613385618511,,,6.261240688266621,5.540552748720809,4.844616273000353,5.0402921249364265,,,,4.883986562020825,5.389309848796682,,,,,,,,5.652378634477048,,4.603836512803919,,5.999451564137107,4.948647373925195,,5.405228100367041,,,5.730782567246698,5.682915361656734,,5.419689865776944,4.903458615886136,,5.581154701348506,,4.926914928355834,,,,5.246453651405667,,5.211543720621205,5.614607093245195,6.164816084103176,,5.651993130691507,,5.648762589727287,,,,,,,,5.6389180904835605,4.547811783881595,,,,5.992083512620222,,,5.120791344227557,,6.116174280196982,,,5.098670512274094,,5.095227696733022,,,,5.347989366851021,4.854115546005928,,6.295611956584362,5.377501699189102
PXD030304-Sample-1402,,,,,,,,,,6.168494815187207,,,5.856978347462837,,5.830045158677621,6.311421057089739,,5.9743879143946526,,,,,6.290616997045184,5.471370352697977,4.799490943930435,5.527050132874196,,,,,5.688092658717956,,4.958554191813626,5.393231442474448,,,,,5.509711833165966,,,,5.994252368762706,5.475099005783187,,5.310144726381769,,,5.9208321880397925,5.232144108268734,,,4.845245123716637,,5.523369559131327,,4.901294899129154,,5.191745855026968,4.975540201211684,4.880223214351251,,,5.527077981778719,6.0467852576335215,,5.732103534562155,5.721625736146952,5.729824606380626,,,,,,,,5.563423303981019,4.525112358407866,,,,5.6434893745143,,,4.760813639408205,,6.402680001494522,5.071395715019864,,4.739731613132003,5.871024880539237,,5.034207344586123,,,5.294735453388059,5.3657864975984495,,,5.021113970126247
PXD030304-Sample-1403,,,,,,,,,,6.244759356586587,,,5.837729801501228,,5.6461401826276125,5.3854979064381805,,6.231204148625412,,,,5.8156069195504205,6.122908878444471,,4.8744494559472935,5.414159038866001,,,,4.605313581172519,4.9838092344029885,,,,5.268631917216323,,,,5.5646023419588895,,,,5.768280900146597,5.2614652719939805,,,,,5.693270829530129,5.714964910507329,,6.187402511891591,5.278827690317804,,6.103209284663361,5.31601744297272,4.96717497678501,,5.272233772159488,5.035799767826056,,,5.235512736195886,5.439001063510268,5.791687025514298,5.339929307872019,5.340790940446403,5.811069227725783,,,,5.316798634891388,5.290412202014849,,,,5.651534671883935,4.588332785792539,,,,6.017294273026195,,,,,5.342069739639798,,,,,5.4213087520308365,4.8368175802841264,6.06838097211641,,5.384597879156375,5.372886865864125,,6.41567597871463,
PXD030304-Sample-1404,,,,,,,,,,5.992291026986731,,,,,5.884461742633088,6.189069268744049,,5.705893613149602,,,,,6.385501393930555,,5.22528508775099,5.358107007548534,,,,4.659994574572279,5.589269528404812,,,,,,,,6.068507212907101,,4.674664368225149,,6.115840689208909,,,5.412098196793057,,,5.761214633696065,5.554093933538201,,,,,,,4.976385747566511,,,,,,5.238050644476411,5.478103333051973,6.082650829421544,5.349397743034009,5.357438556900888,5.84711616637379,5.834747575171805,5.889501937879037,,,,,,,5.67780145902883,,,,,6.048672499348296,,,,,6.407888645752788,,,,,,,,,5.4087643054369146,4.998666073438225,6.213615146145395,6.046613461089459,5.526379685516568
PXD030304-Sample-1405,,,,,,,,,,,,,5.512427354107621,4.9981443892508,5.73845934477948,6.423397930211566,,,,,,,6.364862334942542,5.841071193461131,5.345022104904494,5.367463091369642,,,5.150504142640856,,5.274200449380757,,5.035046598673973,,,,,,5.553223664002723,,,,5.930650961848847,,6.016619406331884,,,,5.823716229675498,5.161414154950172,,5.738171854626618,,,,,4.9579585550890375,,,5.067986883996214,4.964994301253344,,,,6.28874154245981,,5.53745810513585,5.491889807985342,5.653374368251732,,,,,4.738258339554156,,,5.6272538454547325,4.552347942667829,,4.752897602798258,4.937332790988431,5.996675981590208,,5.393681425225772,5.14449295051453,,5.962734771464134,,,,,,,6.361907839866126,,5.361025678187299,,6.162027350272769,,5.504149518679697
PXD030304-Sample-1406,,,,,,,,,,,,,6.09285598249238,4.976349269795725,5.937061379450613,6.16086163705758,5.691143223267788,6.081576024251735,,,,5.210755438117555,6.5990567796644966,,5.358870736406062,,,,,4.594745743775885,5.678628122439399,,,,,,5.687272596427954,,6.187553947107578,4.747708900201426,,,5.935441243871339,5.429015766339899,,5.676492327054257,,5.061394202515283,5.67572827597241,5.366222625648586,,,,5.840846637471771,5.894224743334664,,4.9172688072151365,,,5.136410120701834,,,5.240447743025061,5.37896932183669,6.138382346479324,,5.535925465983566,5.978721922194383,5.660583953444634,5.854129760082499,,,5.27722623164754,,,,5.628765826869444,4.572378524366674,,,,5.993266308490281,,,,,6.197820726319032,,,5.110474844873935,,,,,,5.342502984208059,4.9023153347501625,5.89144310798011,6.188873948541043,
PXD030304-Sample-1407,,,,,,,,,,,,,5.944895909733351,4.987945053576757,5.805935757558638,6.371737675351294,,5.814304200600534,,,,5.272104138166196,6.3098063989007445,5.540821801053091,5.486788710819059,5.190404932269478,,,,5.086733425326512,5.462582258311207,,,,,,,,6.064145177485699,4.750702166443993,,,5.937355280053482,,5.624725298376495,,,,6.036149308483507,5.429836665085491,,,4.925811497908832,,,,4.966480770600812,5.235166430038589,,,5.27015267057286,,,5.451020137039491,6.271751146277067,,5.223952407481285,5.537220217338396,5.186160180518192,,,,,,,,,4.885710946091978,,,,6.012374835394558,,,,,6.306677714129679,5.124423290796608,,,,,,,,5.385329889614068,4.880526396963558,6.336123035363853,6.0062740514472095,5.145510884382204
PXD030304-Sample-1408,,,,,,,,,,,,,5.624631956141537,5.109971590406346,4.889493030114465,6.200694991151972,,,,,,,6.414482915649006,,5.588645890120573,5.496442255907953,,,,4.721529236152168,5.461072202609906,,,,,,,4.82554206312688,6.029729482839908,,4.753082379790169,,6.0393275977716,,5.418380106475574,,,5.155328413027929,6.138839449040386,5.421511115341786,,,,,,,5.031646406596519,,,5.154809747744685,5.370082484508751,,,,6.0390394799369576,,5.381625580219052,,5.589533180885273,5.645965658238995,,,,,,,,,4.9336916230637184,,,5.830905127872054,,,4.941584976492004,,6.362427498280249,5.233435704201144,,,,,4.930519863644621,,,5.461459709393681,4.971702071761772,5.991015202239963,5.816343569806303,5.2357115871025925
PXD030304-Sample-1409,,,,,,,,,,6.199786021960029,5.178639517339023,,,,5.978972520366573,6.3185440051332,,5.214931405982905,,,,,6.374035696625477,,5.6016529376108055,5.5956359839313405,,,,4.854710056697248,5.61658807187751,,4.9939973340795,,,,5.642666817403883,,6.042860422984898,5.006256263139333,,,6.028089795254758,5.3782148184272325,5.259438659845208,,,,5.988688618947683,5.540400739747474,,,4.885133229745128,,,,4.921285694774467,5.180112215514005,,5.0105393092346375,4.9099915660154,,,5.317350972030763,5.962512319711447,,5.259927259376319,,5.745981028151307,,,,,4.708637371449298,,,,4.835712081345867,,,,5.642946263242727,,,5.09194749014284,,6.400127675238164,,,,,5.070171924912368,4.780417598700275,,,5.308076989871288,,5.816661139723967,,
PXD030304-Sample-141,,,,,,,,,,6.164222227123762,,,,,6.204220947831757,6.219649648696767,,5.566676480525702,,,,5.8200019596923,6.3750732570004445,,,6.078466356828065,,,,4.5160577236361865,5.527507012747064,,,5.059169693284304,5.665205448956661,,,,5.944035220725636,4.637036858797583,,5.340029310565099,5.911188891212381,5.4575941166448345,5.20871112002076,,,,5.893887356850491,5.830408693086281,4.542714648961653,,5.1386104726006,,5.896871622042792,5.23782483207306,4.5973519333959,5.15063414478121,,4.910403799643406,4.859880645076741,,5.420320439458799,5.501810390191445,5.8820717912592,,5.3772648197073165,6.027736188891879,5.565614102609802,,,5.687156134882243,5.193495302664553,,,,5.572504871251673,4.801877562667655,,4.658519006685565,,5.609441288409278,,5.484672280072589,,,6.305828797552982,5.057331590450496,,4.727112436797916,5.552197548526877,,5.021609453814319,,,5.255897305547392,5.054471454082521,,6.4687435633424055,4.993394250375269
PXD030304-Sample-1410,,,,,,,5.775413718884484,,,6.247424097904309,,,,5.010634458284225,6.265040194752533,6.301584405806275,,4.971686537836271,,,,5.204322159349022,5.950576932802833,5.873703320938361,5.195505059754408,5.60177692474047,,5.069035115256826,,4.617615397677437,5.5654897512394665,,,,5.269127601848643,,,4.709290403923429,5.489320986736932,5.045900170725437,,,5.764827783678111,5.258647677857765,5.80271585485922,5.4613969829734765,,,6.152716084685576,5.82911611365942,,,4.937147518693198,5.786838872205131,5.610971594907145,,4.620510429831921,,,5.320088260602026,,,5.239431227483026,5.412545019322123,6.06739660195122,,5.402577592246236,5.816620816022098,5.48900358399919,,,,,,,4.857990544698796,5.65042628874242,4.875183732541421,,,4.925291613188987,6.019340600662464,,,4.845289392097421,,6.332555596151577,,,5.132791895036317,,,4.866866273442602,,,5.367633334156656,5.338774117554712,5.882820940499618,6.3156967872228496,5.452619515602268
PXD030304-Sample-1411,,,5.829938865103291,,,,,,5.841488560134541,,4.826116562525974,,5.721308272190722,,6.111233390796931,5.267089502597332,,,,,4.5361405953472005,5.404422679931865,5.896009524445225,,,5.335460024909733,5.205820389583145,5.542557495249473,5.049861050341972,4.784863745602615,5.0966744630104825,4.843640526294177,,,5.175786407481758,4.665149130483736,5.584731983256247,4.590430833474616,5.58828269112958,5.340935858489614,,,5.82426835528279,5.62907705556959,5.2032708430246135,,,5.270245429221723,5.878508566828463,5.74799611935751,5.38346701830084,5.335737625379152,,,6.21731467089282,5.201947088789067,4.815659224798448,,5.4718333798237095,4.923742272064282,,,5.13482970227816,5.259269265533299,5.994524461288757,,5.2700373245737175,6.188963328351014,5.368574773874127,5.739364370509873,,,,,,,5.544383329164674,4.7647128610126686,,4.632242368442251,4.832767230784721,5.89847774709248,,,,,5.7183732841510695,5.022999655399898,,6.21605731856271,,,,,,5.252979329231478,5.277405398459463,5.73583391576254,6.305403360772942,
PXD030304-Sample-1412,,,5.879384152426763,,,,,,,,,,,,5.966500261229543,5.953149838237816,,,,,,5.13476178523915,5.572176583971611,,,,,,,4.544287490887789,5.288791409054265,4.886306601344324,,,5.514170568532421,4.699930655007878,,,5.640799122577474,4.974670946501443,,,5.68950795207568,5.493981373219858,,5.339990736807613,,5.049606422114118,5.92891155652413,5.862961571214137,5.186015573685873,,4.854910071712198,,6.252691683022251,5.246491257534689,4.855600845517819,,5.205958481722652,5.283687961267664,,,5.160652569969057,,6.072900694584386,,5.133517428037066,5.447922442654418,5.13157780023262,,,5.246365928752187,,,,,5.57630399857532,4.561812319915601,,,4.8773161268029765,5.951317019304809,,,,,5.768157067473871,,,4.778201857717323,,,4.750232909074841,,,5.276460130700896,,,6.3494312905967085,
PXD030304-Sample-1413,,,,6.635603711687272,,,,,6.212408216829752,,4.869135281615384,,,,6.089159716978313,5.149269501761821,,5.231343071861508,5.9994415294024295,,,5.944163796633895,5.7015728380995485,,,5.041439625488468,,,,,4.7436580381783084,,,,5.528401335705313,,,4.65455562988194,5.067993965029729,4.684660412313002,,,5.70265215195864,5.500828541205595,,,,5.332363997584508,,5.8359688113018064,,,,,6.09857634598125,5.254585077470334,4.903519309359567,,5.221494706007615,4.974961892294965,4.902534141937937,,5.264033935498401,5.2814451501942665,6.163946496805347,,5.326377409017511,6.303439167424321,,,,,5.23301135661029,,,,5.579422421200123,4.605699739913504,,,,5.953123980282317,,,5.384987544891249,,5.989357980548412,,,,,,4.751330702112028,,,5.607182118499913,,,6.37336179057945,
PXD030304-Sample-1414,,,,,,,,,,6.201039528953386,,,5.667350070067291,,6.143614647949471,5.837288027185359,,,,,4.604497086384216,5.246942859853366,6.070955550377715,,4.832167993556073,5.288194508477097,,,,5.029330843145747,4.474175103725409,,5.006179277246088,5.425347873427594,5.2386005069917685,4.709009262645462,,,5.530888532087986,5.405083233906665,,,5.719275366212501,5.518134399603316,,,,5.022190303248308,6.013803028635992,5.736010114508773,5.51908631179517,,4.888619899868265,,6.0505965296647535,,4.91157137489652,,,5.326572241294953,4.91941837953534,,5.154226460080493,5.29727954579887,5.855593343662857,,5.241825671659965,5.783985652944465,,,,,,,,,,4.595701192467724,,4.733065936714386,,,,,,,5.909336142626258,,,5.74770828290841,,,5.086660644346607,,,5.328143639149802,,,6.1535821809171125,
PXD030304-Sample-1415,,,,,,,,,6.280701259994471,,,,,,5.898342732906265,6.213114142903734,,6.158946140534634,,,,,5.608761719141456,,,5.47376845763203,,,,4.566751872689966,5.18456430591731,4.938541483757841,,5.156767576370148,5.266113754531082,,,,5.753208458114798,5.331016292681978,,,5.433714696828591,5.2345051507929865,,5.349913081440838,4.829000913487419,5.037023994164559,5.734070709217758,5.694987615009829,4.6182967552664165,,,,6.209660729872567,,4.9076029132420365,,5.253487506715179,5.302263111343111,,,5.2769779479114085,5.299035354800754,6.017381657525917,5.298052327500817,5.221123417581768,6.265221153371087,5.180003373118657,5.522914731404198,,5.768352768980129,5.273113182895526,4.729950780742604,,,,4.592339233031845,,,4.896058104638261,5.999228397137348,,5.376521139109173,4.817545709170989,,5.320325785898798,,,6.205087464899526,,,,,,5.335489933158239,4.843695849558988,,6.556576397044067,
PXD030304-Sample-1416,,,,,,,,,6.145396174074102,,4.794118819853748,,,,6.163392136774785,5.744435771013434,,4.833559283895519,,,4.507022019970187,5.063030593094136,6.103247104219589,,,5.52575099175019,,,,4.460951811981379,4.979976612431158,4.82878371893138,,5.332414670116103,5.453918188549384,4.645544942031375,,,5.822938062121107,5.415054674130504,4.489579339924745,,5.6204962666379,5.597902176726602,,,,5.249090517820417,5.852979445734661,5.914493062285567,4.522729078572507,5.342544088110532,4.838528742894619,,6.361770387676835,5.488193721468174,4.810267700155566,,5.133589725788078,5.199574934157842,4.82565329674679,,5.090001513192029,5.248995895387431,6.013699487963168,5.67498947641336,5.246921626392664,5.864816594800826,5.345202147545469,,,5.478702734249169,5.465784315360808,,,,5.507224110847174,4.465596477218509,,,4.791025570267222,5.875335230493476,5.163739031710258,5.26474800746486,5.316089961742517,,6.001740581750276,4.990576262524331,,5.538494849874806,,,4.681674449316973,,5.40815489906776,5.222003925122296,5.202158202779133,,6.3665143823725625,
PXD030304-Sample-1417,,,,,,,,,5.993496199478186,,,,5.689703374326856,,6.084464727231524,5.48471001151642,,,,,4.622884541815317,,5.821167521706765,,,5.153666446911784,,5.737526258436142,,4.874111614341441,4.959045151472938,,,,5.240682325990512,,,,5.576347676650053,,,5.406054953578934,5.422284925386818,5.7808081882404965,,,,5.34420947992994,,5.596458163504819,5.636951755926866,,4.893876752930655,,6.070011428778047,,4.909181241199348,,,4.976612295445468,4.935198597752601,,5.212162441184627,5.309424050224315,5.938359955308579,,5.189353493368516,5.961348483591576,5.152776335622125,,,,,,,,,4.581721349877028,,5.0519580407131865,4.906627881180721,5.979950225624942,,,,,5.622679603145001,5.107500357082779,,6.2256272797662415,,,4.814048249486131,,,5.330490627832605,4.843828331700074,,6.533928317148313,
PXD030304-Sample-1418,,,,,,,,,,,4.8770039371092695,,5.791611518106238,,6.056353157611679,5.642660712972274,,5.955722342098487,,,,5.200534451555375,5.951440774325992,,,4.824606184883501,,5.621972452368152,,4.840753353821709,5.236127931843574,4.897025872795278,,,5.2590182392421685,4.737621539390251,,4.949979080937749,5.793260621458954,5.498600210234226,,,5.883221699501683,5.612145910059932,5.2567760872553295,,,,5.91169681549987,5.891681170276426,5.446567370278726,,,,6.168519399067731,,4.851410120464697,,5.231161792439422,5.258950030294288,5.210183667672546,,5.1587053702263,,6.117077582759989,,5.1861631217111945,6.0622568356053534,5.128491443998517,,,,5.255770243630049,4.694952977544294,,,,4.513177740522162,,,,5.662314916514848,,,,,5.598121105709643,,,6.212972074883463,,,4.759213900578018,,,5.285612479882881,,,6.354301491258687,
PXD030304-Sample-1419,,,,,,,,,6.243478848995075,,4.882489197115702,,,,6.089352971553189,6.200638012228835,,,,,,5.153400376424666,5.103734606095294,,4.830288809157647,4.833279632410827,,,,5.062046380984406,5.310628966242192,,,,,,,,5.65507190699923,5.213344131925935,4.580425078176381,,5.582483261362817,5.382942295984104,,,,5.328550540070614,5.993753576735333,5.80946827099819,5.452817054564975,,,,6.228271940679294,,4.934454568212464,,5.5239030159585045,5.297403187046987,4.927237000499362,,5.227022984177399,5.287176643199932,6.126591317721911,,5.3730553415678255,,,,,,,,,5.30562446395338,,4.553074949306589,,,4.914708226079115,5.649758676451367,,,5.104470879525638,,5.919606372125993,,,6.507820411875617,,,5.096318084573057,,,5.319086121754497,,,6.279672307692133,
PXD030304-Sample-142,,,,,,,,,,5.951545907787598,,,5.236904699302794,,6.023005515360839,6.170341394622392,,4.990466413291284,,,,5.230874150298995,6.17088058030771,,,5.867551839852812,,,,4.640713250617009,5.636984246310702,,,,,,,,5.316932597409717,,,,5.876040791503609,5.446367399526697,,,,,6.045616499080198,5.693916435727688,,,,,5.631807448205012,,4.947779223951796,,,5.073992775524817,,,5.238059885635599,5.364723755852722,5.959589065289421,,5.321351281407173,,5.500288194600851,,,,,4.775333948131857,,,5.651476507040701,4.637664338101212,,,,5.734744606367705,,,,,5.8540414673633805,,,,,,4.865683448071909,,,5.350791212104713,,,6.325143949518512,
PXD030304-Sample-1420,,,,,,,,,5.903383265584805,6.200511655833302,,,,,5.862852675347949,6.124690220645299,,6.3103462213528205,,,,5.167523182423422,6.286610347450404,,4.819109550697687,5.486456866374245,,,,,5.051657818375394,,4.98285145881667,5.593292787635954,5.207919640351014,,,,5.683128515509071,5.000197986533088,4.571848783074723,,5.711869321505989,5.774611955611011,,,,5.337827126262916,5.938249826225157,5.839039676743549,,,,,6.265500773933795,,4.9175606911372345,,5.516180628184195,5.276575910570552,4.905868748275888,,5.213042918850815,5.30771165859653,5.928057190755217,5.289572077959535,5.179322863743154,6.056515604992689,,,,5.2550465168562495,,,,,5.605297247570109,4.649416411699113,,,,,,,,,5.605532787423103,,,4.818790893997162,,,4.79105126985726,,,,5.228575372933671,,6.5107528505617935,
PXD030304-Sample-1421,,,,,,,,,5.905064920324093,6.214203034183734,,,5.176093248302973,,6.33819202820607,5.908513546755862,,5.22705166350856,,,,,6.131528691781064,5.502255890767644,5.325516946127001,5.751165444370521,,,,4.851821662264589,5.416400025072428,,5.014871756875251,5.123793669846887,5.531388564143987,4.718530577860041,,,5.629701887323213,4.692168615970119,4.57985247558861,,5.715283516896218,,,,,5.027060177825796,5.987496683473786,5.66527370235002,,,,,6.265415410238086,,4.889122611956167,,,5.28141715724559,,,5.174713971117661,5.311593484087473,5.923703145314853,,5.171164114475033,5.774508968040679,5.448420811866352,,,,,,,5.120303518447197,5.599632037470815,4.847304268954848,,,,5.970638690185643,,5.057077595622384,,,,,,,,,5.093276773856505,,,5.2974267243356925,5.305647087525788,,6.523530093817382,
PXD030304-Sample-1422,,,,,,,,,,,,,,,6.156119529876722,5.856638229636979,,6.105178436141792,,5.085077743459157,,5.449923007613675,5.076968457563235,,,4.8202599204496215,,,,4.818600428834195,5.209996272261269,4.880538349583827,,,5.198911236167653,4.685382891620115,5.620238411600844,,5.221183538177313,5.2870736356571015,,,5.565550180354955,5.491511444568849,5.236988909131688,,,5.318544289846789,6.107631611369144,5.7328185226398585,,,,,6.292956333199675,,4.888825337037456,,,5.243295856572894,,,5.168861181420037,5.26223301009861,6.114502292016875,5.722328333696352,5.476712042290416,5.910218495813251,,,,,,,,,5.566669448784673,,,,,5.928563117721371,,,5.06240340731015,,5.8844981089178985,,,4.803563167020024,,,5.07418824649676,6.307572228938211,,5.27856727305314,5.195263318828221,,6.342325981727324,5.020279799167742
PXD030304-Sample-1423,,,,,,,,,,5.9939170206555,,,,,5.892372258661046,6.424968775834647,5.75371951574796,6.136174649823188,,,,,5.915023249070456,5.600093517971002,4.934693703022162,5.98871453870408,,,,4.651920848782381,5.3387362447163325,,,,5.317703051765776,,,,5.6187407245425565,,,,5.807474631785918,5.494982913173866,,,,,5.754278791193005,5.564594922547711,,,,,,,4.986747664118117,,,5.108655029424278,,,5.278879373561707,5.403725610776297,6.171607785393443,,5.347582281909041,,,,,5.364872255601049,,,,,5.698715841324168,4.641906026776776,5.336805528541277,,,6.067982469454549,,,,,6.382067273659326,5.204836851471361,,4.925811692619655,5.692934910436617,,,,,5.408568818226097,4.959673191358312,,6.252797740852751,
PXD030304-Sample-1424,,,,,,,,5.691103448293269,6.291157354282859,6.238327490789189,,,5.223989669391218,,6.123038230340912,5.674669451861899,,5.25937882726589,6.031062901576922,,,,5.76170781391864,,,,,5.781666034873368,,4.890288338567069,5.405818297088772,,5.046455290082776,,5.303500777018786,4.762316507429434,,4.695992647488397,5.717317825588662,5.030250970393015,,,5.743674053239115,5.807176494815112,,,,5.0412869653325725,6.050552540366077,5.728961172850196,5.649984665230955,,,,6.075181904110581,,4.96997639206291,,5.257743580352965,5.302812292520871,,,5.264556655059084,5.341539634831284,6.086466328900222,,5.312322729175736,,,,,,,,,,,4.602420610360226,,4.753939575165982,4.909273078852066,6.001170098675326,,,,,5.825766404516048,,,6.433512480191839,,,4.804274025146424,,,5.37301362971411,4.855894505059656,,6.312374270377428,
PXD030304-Sample-1425,,,,,,5.673084166117655,,,,,,,,,6.000538885254972,5.636951630597734,5.949872425890876,5.389620861987982,,,,,5.735235143609309,,,,,5.707079902357938,,4.848244942623326,5.055387023516525,,,,5.5197291650157325,,,4.655848309259097,5.173095585043926,5.480961195517726,4.568801944403048,5.375329112416929,5.7964977337931405,5.376330020203181,,5.3286229472969415,,5.013941634176234,5.595919481251098,5.932855406298006,4.582611073541163,,,,6.152277725871235,5.556658853442639,4.900744531027248,,5.507756936473371,4.960902711348385,4.910979867179232,,5.48059114259556,,6.214209431625123,,5.151207888378337,6.052533693647526,,,,5.2593792127358645,5.543329260001738,,,,,4.552530390561227,,,4.875877819981325,5.959591622190329,,,5.278280572910652,,5.764048935783592,,,5.465268351092739,,,4.755261364418605,,,5.305890916751761,,,6.354931645758668,
PXD030304-Sample-1426,,,,,,,,,5.946070911079007,5.926053484349749,,,,,5.908027709333566,4.908146189114803,,4.94735872782569,,,,,5.633958608368672,,,5.735502482586653,,,,4.613370909679278,4.485047547003965,4.937979738453092,,,5.264004305777993,,,,5.7178319839491065,4.725586328144494,,,5.612522761131805,5.24125018799653,,,,5.058641983742946,6.175436996971598,5.6986172416421725,,,,,6.351222967665814,,5.041138506165572,,5.255486995835233,5.3110314737311874,4.956292324294932,,5.224159492919211,5.337147540550591,5.986661822155163,,5.355663845329579,5.984028517101734,,,,,,,,,,4.567115370907699,,,,5.681141880758254,,,5.3095997990546495,,5.64359969655461,5.117249228072554,,6.58234819069976,,,5.120469579858657,,,5.355057324358494,5.425374038126637,,6.011270305957591,5.0797139345335465
PXD030304-Sample-1427,,,,,,,,,6.172808260435464,5.848946395584771,4.839945190804163,,,,6.247714405977414,6.217646579777308,,,,,,5.174622014624577,5.855974474420162,,,,,5.827741892149903,,4.989940861252512,5.189455330592649,,,,,,,,5.687972410759166,5.357891371488046,,,5.671378272095208,5.576610274904967,,,,5.29186403079249,5.642411521423127,5.790431866332583,5.571546907597258,,,,6.309447924731192,,4.88163697883715,,5.176561345395737,5.269425331480663,,,5.438317093692231,5.326361970946309,6.152066728292555,,5.212304079701614,6.125288894036041,,,,,,,,,,4.497130685478221,,,4.82837212128592,5.914383805777875,,,4.743191291227647,,6.166191051846274,,,6.072370303507753,,,,,,5.5678276916188185,,,6.414654251049646,
PXD030304-Sample-1428,,,,,,,,,6.433682282711573,,5.030948587198946,,,,6.17740476964657,6.134340282625366,,,5.863600888553129,,,5.308997575352934,5.742121127549659,,,5.553501958581386,,,,4.6999553681575215,4.912359438381044,,,5.299608545694218,,,,4.816455683152353,5.586677211771194,4.852675353654391,,,5.260131471008953,5.067639954280058,,,,5.307689912241013,,5.872046171228664,,,,,6.140332283463055,,4.736084730195367,,,,,,5.471226622249058,5.470298729208254,5.799646220624217,5.441490120376943,5.471737585684751,5.6358092071942,,,,5.422393278117863,5.71762946224553,,,,,,,,,5.845351182809042,,,,,,,5.494204407069552,5.853722344410262,,,,,,5.482107356898419,4.994028374223311,,6.616436568840708,
PXD030304-Sample-1429,,,,,,,,,,,4.90384265587944,,,,5.82446229640009,5.495298838283383,,,,,,,6.25359726597401,,,4.889242037743018,,,,4.923350869090486,5.192034164235668,,5.0335947801899765,,5.5672711046885865,,,,5.291660154250417,5.02185084346987,,,5.83952195938385,5.653112439346146,,,,5.363242880086547,5.670733865140157,5.697517792291671,4.631446395711538,,,,6.378551510580342,,4.927118080740652,,5.2544494009997385,5.318220300250063,,,5.211575607941281,5.376922394948611,6.236523731313266,,5.198970515923438,,,,,,,,,,,4.709978241687098,,,,5.989368020410504,,,4.820065634115785,,5.803212671206667,,,5.649745001462306,,,4.841083114622926,,,5.347731143100487,5.227093800621744,,6.398932026722534,
PXD030304-Sample-143,,,,,,,,,,6.277594275925093,4.9579114642706745,,,,5.672563329279727,6.120241374822021,,5.0163050583124456,,,,5.533986146828288,6.2437980175868,,,5.840212988799159,,,,4.632766681054628,5.011877535369264,,,,5.2948669468254685,,,,5.514383367111828,4.764110098529489,,,5.889294624293856,5.009363709506323,,,,,6.11411206925093,5.504932984629543,,,,,5.319996490684051,,5.02347211485189,,,,4.98975994408961,,5.2387262146073645,5.529178249499167,5.92755240520433,,5.585074350003604,,5.513869619122369,,,,,,,,5.6816579234066085,4.902897150002171,,,,,,,,,6.255600285950864,,,,5.674810855923643,,4.847859273761693,,,5.378713348819543,5.370010217524879,,6.369832835148269,
PXD030304-Sample-1430,,,,,,,,,6.264918119886474,,,,,,6.257052044029958,6.347054584909671,,4.941881130127933,,,,,6.2207643976257305,,,5.163225330580361,,,,5.0691241991871685,5.442292101886464,5.233774725040217,,,5.553630372199089,4.751653041452636,,,5.28244795062408,5.424292857625671,,,5.846225948664852,5.41014575336933,5.768481300887486,,,,5.967958808544098,5.952519538390239,4.632115146193448,5.436830307113963,,,5.589967997077463,5.29647655343028,4.909205603023198,,,4.98573983964802,4.9422185804738845,,5.240939279256198,5.431580554590507,6.186109209249599,,5.229980975404326,6.266886234294963,,,,5.59150988564891,,,,,,4.635769509134611,,,,5.991674163931825,5.29139615176552,,5.119609668155074,,6.301295565046907,,,6.431877443220218,,,4.803355857952422,,,5.327845970696233,4.890081300707739,,6.405619524411353,
PXD030304-Sample-1431,,,,,,,,,6.066576155818168,6.368034297290803,,,6.228518270128042,,6.041712650223218,6.215119585438771,,5.693617226994271,,5.571318236196992,,,6.07751020293001,,5.026723864498992,,,,,4.729430844270803,4.929219374650627,,,,,,,,5.700164311078666,,,,5.583610310958071,5.087821893411564,,,,,6.123552675354778,5.721790492870668,,5.8593263314512605,5.396422948389084,5.211088412686956,5.740412930405826,,5.084333008230861,,,,,,5.417265110835273,5.527387384416096,5.430165829165753,,5.444288064634472,,,5.691146347065508,,5.435520656191252,,,,,,4.713236974853421,,,,6.1413643912900255,,,,,,5.259539335471686,,,,,4.950916647286149,,,,5.567042249549231,6.504218726990096,6.132497976496095,5.560270511878694
PXD030304-Sample-1432,,,,,,,,,6.255679294045148,,,,,,6.006695640048783,6.064997777458434,,4.923904455928886,,5.085793723136008,,5.483025690590629,5.572922597245696,,,6.0781670410308335,,,,4.834855299053019,4.442057430073714,,,5.408592403877923,5.541534119260109,4.694083003391596,,,5.411448152123325,4.6783225738189005,,,,,,5.332113795238571,,5.340160534836531,6.040950318776661,5.72729953671203,4.58352673895422,,,,6.1626881658510415,,4.887917027044891,,,5.285790579334377,,,5.151234099201797,5.257066654094823,5.819241954635385,,5.429894688108323,,,,,5.556244591798833,,,,,,4.5399067392080354,,,,5.958576585877752,,,4.806783350249578,,6.14037176579382,5.084808008301796,,4.761384867065389,,,4.782272022527502,,,5.307296046691995,5.234287467581837,,6.262656417370405,
PXD030304-Sample-1433,,,,,,,,,6.254349747975051,,4.893696232522144,,,,6.182531926232077,6.176863412180989,,5.888417400366008,,,4.599568442620619,5.158720097003743,5.97649422353844,,,5.634619202990366,,,,4.862790717537477,4.76442851796528,,5.038436009478866,5.427632397733017,5.270323426793007,,,4.664518338479679,5.714339901699849,4.698161454870374,,,5.59606792379356,5.704086003220445,,,,5.381745011596024,5.736951333708353,5.859188798072838,5.574690982102413,,,,6.052995693591467,5.277361870992333,4.91660716271291,,5.242004420452036,5.300013808755886,,,5.206718723642513,5.3071559138680895,6.105408113479937,5.285981815268143,5.401433116876502,5.946614967236656,,5.503614315537919,,,5.560903788071732,,,5.309807049264992,,4.57418001826484,,,,5.986028256178299,,,5.284682145859362,,,,,6.493652331730448,,,4.83927998373367,,,5.334775463846533,,,6.528709856444056,
PXD030304-Sample-1434,,,,,,,,,5.987342645918276,,4.859904919452895,5.51980474351816,,,6.011620056765505,5.799587395395357,5.625085019407245,,,,,6.0658878599348105,6.1389303588698905,5.488259242769447,,5.791467543191305,,,,4.555434305468248,5.279335218937713,,5.013608569822818,,5.22391046541819,4.695246972638113,,,5.687478435343997,4.669862390465557,,,5.864058152227039,5.599813152441873,,,,5.326452899876374,5.922769413608279,5.817399216887708,,,,5.857376259934004,5.82672221770452,,4.900718417300872,,,4.980825596437036,4.88988253743499,,5.209604013607157,6.027683123182968,5.717805265604042,5.271795023207454,5.416112609816095,6.062696412922724,5.107566921049379,,,,5.521893223936918,6.206145137172539,,,5.569608609864733,4.561587666727268,4.740030360625001,,5.151346225564859,5.944051679448087,,5.7411231405265735,4.7826104639061535,,5.60326748614725,,,5.068388049716676,,,4.7952468870949945,,,5.307388675514052,4.799939583025045,,6.523829469145483,
PXD030304-Sample-1435,,,,,,,,,6.272343342680838,,,,,,6.054272933751886,6.323301793613761,,,,,,,5.735589915399741,,5.144867325753417,5.710082641411956,,5.029726490907336,,4.901594947257065,4.4833743369244194,,,,5.565542298880269,4.73665859494592,,,5.499740555536151,5.1943349718327685,4.60273646697633,,5.127398893680117,5.630666154402413,,,,5.045842357759691,5.694482834271688,5.761921667205524,4.618052691872324,,,,6.400695898701706,,4.898323157429126,,,5.308786319409189,,,5.2432830142532,5.316897967715783,6.178671690760046,,5.0961940888615445,5.484845378513082,5.158805173327902,5.523259859610458,,,5.2668617648144105,,,4.833687295867837,,4.571063592501145,,,,5.986046530122769,,,4.814829586803235,,6.103907815408547,,,6.529240240062832,,,4.794774299336484,,,5.326657793386212,,,6.401726315265714,
PXD030304-Sample-1436,,,,,,,,,,6.217173921673369,,,,,6.311294604519362,6.293030826656832,,5.93180860282931,,,,,6.076648458141994,,,5.490989747094863,,5.051028557316054,5.170286827262544,4.862004210507744,5.423152111168822,,,,5.248497190748544,,,4.662890586709334,5.81303359570289,,,5.393279244706014,5.593458129552212,5.5216704659651406,,,,5.015987722611058,5.997966752006405,5.719847057144741,,,,,5.969205123533494,5.284384893855769,4.5499856200128574,,,4.983096063781084,,,5.177685142585813,,5.998005703426308,,5.121181860261338,5.487394876803972,5.441847344131156,,,,,,,,5.622727119821866,4.571419164821664,4.7593735067068215,,4.9055576192827095,,,,,,6.392943554301736,5.114663274729247,,,,,,,,5.305627754302925,,,6.459685107354396,
PXD030304-Sample-1437,,,,,,,,,,6.264678657879887,,,,,5.993478061942033,6.243199709476941,,5.680618005869144,,,,5.521951096550057,6.302964122519096,5.553927896467428,,6.092304014090926,,,,4.618806942596103,5.29357528625243,,,5.489385992401178,,,,,5.377992556589396,4.764317059476751,,,,5.572138539025949,,,,5.096909144493344,5.674693793337689,5.636392935354088,,5.458844903922935,,,5.938910645340036,,4.977160299348789,,,,,,5.227611194722967,5.320974072351303,6.056389172411612,,5.265535591396245,5.999147371305003,,,,,,,,,5.978344731097681,4.911097739434566,,,,,,5.118781283734057,,,5.9764351200211205,5.167481574294419,,4.833412179282519,,,4.841185456303585,,,5.383729083369866,5.273711886339173,,6.220593653998804,5.108890613950146
PXD030304-Sample-1438,,,,,,,,,,6.0645378852455485,,,5.402666345441484,5.120443659102003,5.399010473396749,6.184278013716124,,5.089626269311474,,,,,6.549521759803477,5.670594859961503,5.480590807269349,5.4228288828959625,,,,4.732661977457656,5.679877130460266,,,,,,,,5.954083032665876,,,,6.057955685631359,5.079679729053541,6.457092890941582,5.996268226614031,,,5.87412313214041,4.894273968089114,,,,5.216890849341276,,,5.057742365215281,,,5.167928860137701,,,,5.531230461428603,6.133790319575957,,5.498801010069417,5.647219931246453,5.606345569752202,,,,,,,,5.76514732610721,4.697564874340219,,,,6.1272560543677725,,,,,6.5761724982792185,,,4.948589960159368,5.764034356799174,,,,,5.4703958724727135,5.118693535666363,,,5.621424628966603
PXD030304-Sample-1439,,,,,,,,,,6.172900042721247,,,6.081747991938425,4.918676733476803,6.146981565453589,6.259459570140748,,6.300376897128894,,,,5.1499800914832665,6.125523485453877,5.483928001898884,5.273489306540813,5.8948308017537085,,,,5.013657651988733,4.907458924372108,,,,5.507659007323244,,,,5.873806205382481,5.144561520617718,,,5.566549520961593,,5.717708062921455,5.339158493439564,,5.295211631958816,5.979935302244487,5.724342622927519,,5.679163963959783,5.213829198676449,,6.277932527042243,,4.855409414082929,,,5.059743877474227,4.889188836296598,,5.113305489182937,5.278425788292421,5.734155842311879,5.254069061434227,5.433277932035244,6.047538486694217,5.412237003971355,,,,,,,,,4.820381662313127,,5.859568534418493,,5.931303681570729,,,4.765577775933341,,6.134897507500774,,,5.074028844619985,,,4.752954653201447,,,5.308055474799233,,6.2772765134183,6.232235563665878,5.364110541943768
PXD030304-Sample-144,,,,,,,,,6.149664724927797,,4.8037801715406765,,5.698997426210856,,6.140199811420878,5.551479969410338,,5.950937863558644,,,,5.933574515234177,6.082878548069439,,,5.672289665563305,,,,4.487276177151254,5.456334483732397,,,5.333761291882397,5.144268134134618,4.658167758758904,,,5.596304758752166,5.2256333208858825,,,5.730365318372161,5.308456133876581,,,4.704611592754463,4.989395079552319,6.004679389555718,5.858408704377234,,,,,6.300168566787569,5.483832077735364,4.8417327790892575,,5.442466195243307,4.914158269417742,,,5.14719877861144,,6.090157346966967,,5.333123027351856,6.167290045235964,5.530438855500287,5.414462764402482,,5.886880778032948,5.489837924572263,4.631993415532653,,,,4.766026921940082,,,,5.884229173725349,,5.570248087873402,4.71635284143083,,6.272841646061778,5.310966485330218,,,,,4.999565305511394,,,5.537753970127678,4.951333541906038,,6.450755975311977,
PXD030304-Sample-1440,,,,,,,,,6.290962316976196,6.194070156920987,,,,,6.11362380410673,5.695672590427988,,5.81984315168497,,,,,6.227022498115252,,,5.955092253422819,,,,4.545164480930596,5.349374756733049,,,,5.532431004825649,,,,5.178927357335525,4.678042382299502,,,5.581696143291433,5.194148634130478,,,,5.002363292482461,6.071921687149716,5.648074520694643,,5.396544058383631,4.863537352826721,,6.164854249312761,,,,,5.251116166939267,4.903885942534983,,5.262247447639365,,5.75255992053229,5.254927632122373,5.43664366985872,6.055090343193349,,,,,,5.396658111565398,,,,4.53055188292325,,,,5.638657428149088,,,4.776785261528489,,5.98910292879041,5.081440111232346,,4.764686534779588,5.599040736535645,,,,,5.2826666605686965,4.874296491541696,,6.357481753807482,
PXD030304-Sample-1441,,,,,,,,,6.280340976582894,,4.840207720819142,,,,6.104064780627628,6.10439090187554,,5.785647240163254,,,,5.151376202990717,6.076624030550207,5.458075642047164,,5.413494397665467,,4.962407884877464,,4.519327517400527,4.715703411093498,4.882270019070297,,,5.207219776173291,4.683675305178185,,,5.444240239191198,5.446336643844873,,,5.3744879573644,5.480442229435425,,,4.74477489017938,5.286173558022135,6.074205550489703,5.810288340641305,5.519526362123444,,,,6.129210234051735,5.235284131087093,4.858812901411576,,,5.231175043182152,,,5.134246024692066,,5.995528451927765,,5.230054236123153,6.277855793713587,,,,,,4.769530073172114,,,,,,,,5.926297740687139,,5.007734160547543,5.057438257536477,,,5.52251433736189,,6.208606935854009,,,4.724266577751503,,,5.569725428242613,,,6.412287159171001,5.007517223921378
PXD030304-Sample-1442,,,,,,,,,6.134857981796035,,,5.438625137753045,,,6.197867214231321,5.946489260975461,,4.818425629349988,,,,5.669839048449588,6.192469092086317,,5.026314235584811,5.754816374523564,,,,4.938148918010323,5.066128418211953,,4.9142326553756135,,5.444088747821954,,,,5.279805961585773,5.389404500284216,,,5.793251395325441,4.801716621017798,5.16048831486759,,4.698134837894275,5.229373901508384,5.868344711779719,5.892917004995844,4.490644053243806,,,,6.067420838259916,,4.787623098152693,,,5.171003990028341,5.116686632338608,,5.08848182489263,5.224444133828171,6.040090600988078,,5.314892937199035,6.228766583068417,5.337985629233112,,,,,,,,,4.463195768928464,,4.585789075805718,,5.585384307640068,,,,,5.803447186237526,4.981733857250053,,6.422875399902152,5.502443647676883,,4.9756477371859615,,5.395568124278617,5.2242280484261325,5.098173413612142,,6.422931957505947,
PXD030304-Sample-1443,,,,,,,,,,6.008691963282873,,,5.582852250259453,,6.47849017517367,6.112272890752086,,6.28359397659589,,,,,6.130376217532655,,,5.723620760108973,5.369395615123569,,,,5.405417856464462,,,,5.321457827824632,,,,5.654177828715837,5.105900970018505,,,5.686626971811558,5.620969624900743,,,,5.13590470024333,6.044213382842964,5.573138781209293,4.743410839109238,,,,5.961777963243958,,5.008021137840006,,,5.092113647896672,,,5.279982752745963,5.354102437721013,5.180507716851363,,5.341310441104949,5.860756308727067,5.234625921813373,,,,,4.803664810548615,,4.909648456473329,5.731685607893515,4.65468164235028,,4.790129251952173,,5.7656539145965775,,,,,6.112067458273724,5.199071763539273,,5.493592735661569,,,4.8921779952625295,,,,4.957827097667654,,6.076502558163877,
PXD030304-Sample-1444,,,,,,,,,,5.98957331215513,,,5.982679747716617,,6.166367826368775,6.463202692684591,,6.192770800726063,,,,,6.316567493536834,,,4.9253950183601,,,,4.641240782497243,5.392970356461942,,,,,,,,5.801135801266266,,,,5.974865429001029,5.300491033658471,5.357447491188713,5.414421460114398,,,5.790313816352365,5.553839115870916,,,,,5.639471181918521,,5.00190596904567,,5.31195199446504,,,,5.2443163338755925,5.692935204217091,5.896514198392814,,5.3569289794411326,,5.525758570435271,,,,,,,,5.687257112074057,4.654873160423818,,,4.969052866610336,6.043629329397291,,5.152305770929054,,,6.180529931489443,5.203508627233073,,,,,,,,5.393553583998505,4.884369958731613,,6.05936908599416,
PXD030304-Sample-1445,,,,,,,,,6.214625817994743,,4.872264324279226,,5.173535849395985,,6.0451717659227295,6.047907232823567,,5.210584523090839,,,,5.163920585075097,6.102956227231186,5.491707491980295,,5.210101277810293,,,,5.022500586666586,5.28780486028035,,,,5.205524950375194,,,,5.861602975230221,4.981521372665273,,,5.940974131844239,5.380590237200978,,,,5.31147898412404,6.005983337620744,5.848495130551645,5.550071016009317,,,,6.207854538129743,,4.889299990261268,5.193951622997419,,5.252878944718352,,,5.176087381982031,5.343406890427998,6.042583292938945,,5.52185128353865,5.932404120684522,5.117938005340897,,,,,,,,5.59017086100728,4.575077544348964,,,4.867780515206261,5.949966665033778,,,4.785342235349552,,6.195647976070178,,,5.071239007349388,,,,,,5.31883887063093,5.334526402182644,,5.643398188539504,
PXD030304-Sample-1446,,,,,,,,,5.949199104522793,,,,,,5.920065084647076,5.729506519037835,,4.931376130070549,,,,,5.449297068924544,,,,,5.050764665877268,,4.568022439539496,4.9593325179446826,,5.0393531165620296,5.130994247152149,5.259778451517741,4.753953666801193,5.66623246893124,,5.636235409457112,5.42162365066033,,,5.428079256661003,5.787083242210521,,,,5.343953973133325,5.701007405190158,5.733853109248094,5.093680512091591,,,,6.292188677640038,,4.918453906877232,,5.2332320983704825,4.980488162377609,,,5.25062625811528,5.309568908795584,6.251438827703399,,5.410545580605665,5.956687625497619,,,,,5.2841725308934056,,,4.821538469055211,,4.600200405610147,,4.706621083852927,,5.979500439450784,,,5.117955199008434,,5.926324979787932,5.399661174418329,,4.850343151917301,,,,,,5.315157529300369,4.85907005260878,,6.288246561647819,
PXD030304-Sample-1447,,,,,,,,,,6.245770561519253,,,5.225646264419782,,5.569759358302859,6.359786155436278,,6.077852160898316,,,,,6.530072879055764,5.86046280738228,,5.372806057633347,,,,4.892465146047012,5.798430811453324,,,,,,,,5.890867109165391,,,,5.8494647111519,5.550027047162503,,,,,5.750469886901763,5.54401078272504,,,,,,,4.93773014274395,,,,4.954916519480251,,5.22962837149454,5.391421978160302,5.941400104959713,,5.6035323652209295,5.983015197076104,,,,,,,,,5.654628708910162,4.560971352379066,,,,6.001980734445624,,,,,6.358789000088116,,,,,,,,,5.343005058806258,5.605236247382865,,5.997019325035336,
PXD030304-Sample-1448,,,,,,,,,,,4.970731088655676,,5.747434383349811,5.03201073647947,5.141206183337258,6.168625455227314,,5.7111150912498925,,,,,6.44722670744208,5.600553201457345,5.619055631292083,,,,,4.675909843455291,5.776313507010539,,,5.691607453982265,,,,4.754869945678999,6.218579315951295,,,,6.118032096662498,,6.137108500142773,,,,5.70680079137744,5.552389105141891,,,,,,,4.972238642762818,,,5.125352389820059,5.310918687811843,,,5.45973573313709,6.201097293752355,,5.423509893401932,5.545359496101035,5.841392478293396,,,5.356023720577562,5.332205142816339,,,,5.683750802218227,4.6311533683649655,,,4.968795266487046,6.0515703266661145,,,4.882548902768086,,6.30075121785612,,,4.875207914837173,,,4.862286868402248,,,5.391651489790147,,,,5.172565441518048
PXD030304-Sample-1449,,,,,,,,,,6.31132151447533,,,,,5.145126462137285,6.467614981452054,,,,,,,6.431322299509098,,,4.9354765417786775,,,,4.993651041299799,5.609664728745294,,,5.218398265446378,,,,,6.082669205033193,,,,6.05974946893715,5.09378773167029,5.367865929868282,5.442729935114967,,,,4.996780952533001,,,,,,,4.992245519726529,5.2714017068903525,,5.270950067621944,5.014430205604858,,,5.407753027032891,6.025662787234538,,5.795213655825773,5.582260880764573,5.558134824473453,5.59747507003369,,,,,5.808225813203969,,5.693498466403483,4.655731379620484,,,,5.748503979781233,,5.146207400953412,4.889548658235274,,6.500563689327816,5.1876708459276175,,4.939565381666397,5.707614105908245,,,,,5.409487155124027,,,5.753983958788284,
PXD030304-Sample-145,,,,5.999436873232984,,,,,,,,,,,6.245699926331017,6.300637976951455,,5.622894684800629,,,,,5.922774344037868,,,5.732259052313742,,,,4.637709316039159,5.263095402510064,,,,5.330005913818836,,,,5.176579420348088,,,,5.5044649330615,5.616044931917417,,,,5.436574960922084,6.055860603490958,5.53003088945567,,,5.29364137986474,,5.656625469461983,,4.981801903982775,,,5.073179460752589,,,5.288610550266486,,5.865243293979662,,5.399738490275672,5.57196567770278,,,,,,,5.792161004583013,,5.706045149290979,4.654521936596059,,,4.981282220341682,5.746621628668979,,,,,5.712055194121983,5.197533937501314,,,,,4.913518895571324,,,5.405345705973298,,,6.482644274380907,
PXD030304-Sample-1450,,,,,,,,,,6.231360578736506,,,,,5.74694583729017,5.991487053577962,,5.438151777020449,,,,,6.343770708868005,,5.462985261031753,5.187733770214474,,,,4.586534702167509,5.45260167636901,,,5.153238479661853,,,,,5.77941260978046,,,,5.932370952583501,5.419010808403191,,,,,5.651339505012532,5.620540782282469,,,,,5.279390537339631,,4.927200924682445,,,,4.9528539609572055,,5.281194612120873,5.348674544017538,6.050687387982574,,5.216904485629574,,5.653438565632107,,,,,4.752066680144958,,,,4.582646091132749,,,,6.007291622473469,,,,5.583571892899623,5.945380149318004,,,5.130618058061286,,,4.802012407128576,,,5.350562638285957,4.830930459085071,,5.688162467494484,5.08670868600224
PXD030304-Sample-1451,,,,,6.286081164107667,,,,5.9063197273932015,,,,,,6.053058156288589,6.228767542952365,,4.925600682654353,,,4.611611243251779,5.195009367872392,5.975647815676509,,4.868308549172365,5.246594750279036,,5.4967164893365705,,4.856241157799101,,,,,5.238413671419078,,5.962553194666456,,5.5722150344194326,5.311414755445725,,,5.140932927470379,5.624588139285914,,,,5.386951563812382,5.966430042484017,5.752139414477878,5.532142083971968,5.409610401193412,,,6.281674329318598,,4.900881037260496,,,5.015156577141171,4.925301057176802,5.376489797109656,5.209224422866432,,6.040253234041353,,5.151403384317623,5.974386111156683,5.144546331220713,,,,,,,,,4.587927471320447,,,,5.983063695366576,,,,,,,,6.419530695217291,,,,,,5.325580198497399,5.304358614918041,,6.475299612498995,
PXD030304-Sample-1452,,,,,,,,,,5.936060171420507,4.908480577031526,,6.010750713599276,,5.8639714845793245,6.391544074996698,,5.427090280159509,,5.6069802541580485,,5.2089988164830965,6.29434287456583,,5.163879955362215,5.54858793724982,,,,,5.627638273653454,,,,5.254598802259053,,,,5.661544212280461,,,5.412125705539188,6.056136490965747,5.236849307425363,5.59939752458057,,,,5.650336744018931,5.536567858592822,,5.411398147721968,4.902343503794458,,,,4.925951429331408,,,5.003026248699551,4.9462403558564585,,5.193355658476519,5.286723168708993,5.95421257248796,,5.291515603865438,,5.772793986490452,,,,,,,,,4.878674857664228,,5.206647990231105,,6.001063929687907,,,,,6.188133728746957,,,,,,4.794112500834296,,,5.354131784074088,5.493969633508881,5.866940263884267,5.681158218761437,5.461134504201778
PXD030304-Sample-1453,,,,,,,,,,5.948482932102479,4.927510731843865,,,,5.802047407229752,6.335004446555062,,6.1234675253794,,,,,6.378570886797268,5.558005524889073,5.173917405334369,4.884687089185901,,,5.204524103358593,4.612082849273211,5.67289420547788,,,,5.281149906380514,,,,5.742960684036214,,,5.450628235228043,6.084222784757113,4.956570516170216,5.317408627322874,5.431696820499319,,,5.80594406718644,5.43309550049269,,,,5.070692481247198,5.908088514089052,,4.61841661436378,,,5.000879269053655,,,5.208596706352288,5.521739437175513,6.160566965415727,,5.548311306959675,5.526167183641966,5.487259200096751,,,,,,,,5.657219841335543,4.608217931897005,4.801792750897705,,,6.024247925554098,,5.099756870253222,,,6.3697601956071,,,,5.645572286251159,,4.817412345532585,,,5.358565448084988,,,6.414441231437278,5.413251800937663
PXD030304-Sample-1454,,,,,,,,,,6.059455769989815,,,5.348606226642673,5.105112560635956,5.6839576887789,6.309374280775478,,5.559512167591508,,,,,6.397301333552136,,5.463189901379882,5.185492094891488,,,,4.710667710084908,4.6281545821741,,,,,,,,6.177262076847168,,,,5.751954784461553,,,,,,5.855797563572978,5.431556972644026,,,,,,,5.0472205395172445,,,5.118890370967565,5.383524250556266,,,5.416786039485576,6.026677461465718,,5.382069316327691,,5.602670150800796,,,,,,,,5.757682915523356,4.716668152644274,,4.953032814759246,,,,,,,6.168754862955845,,5.481189494134528,4.931438217274781,,,4.923266471806149,,,5.489030008617606,,6.004395862799607,6.425921640358428,5.531145446229206
PXD030304-Sample-1455,,,,,,,,,,6.3411930419985865,,,6.175762749909204,5.093667292748158,5.486720723069291,6.37223141719422,,6.141219441905428,,,,5.490703078784253,6.415054493431889,5.636881487418032,,5.155185225172508,,,,4.681901246534878,5.201293832127812,,,,5.361976811558238,4.879202415538695,,,5.872928027785389,,,,,,,5.472042965731236,,,6.117363272537081,5.158333010566759,,,,,5.68242480674931,,4.754819624898822,,,5.147898552481654,5.050695493583688,,,5.42887591026902,5.7665314315490175,5.402877617983537,5.615420336682128,,5.889800494559947,,,,,,,,,4.689556622710852,,,5.039245459696527,,,,,,6.144473211756338,,,4.9074410136395645,5.759560328115921,,4.90046047647981,,,5.4505240159069865,,,5.794020380321591,5.49946668313404
PXD030304-Sample-1456,,,,,,,,,,5.868409989547521,4.858775269404583,,,,6.0819787126699225,6.046015468130704,,6.04162808304195,,,,5.437691745378244,6.0029973624370605,,,5.668429988348195,,,5.119804651123999,4.82571534767263,5.393296598060361,,,5.088942225137675,5.517020627987439,4.722318337734703,,4.63264176377086,5.149906882772991,5.146231106807678,,,5.933904466193995,5.371489171691255,5.238091002694945,,,5.283954286598693,5.75362383387078,5.709498552334419,,,,,5.928838097721163,,4.541652662768122,,,4.939781265658698,,,5.157395527266856,5.350580480240109,6.094405157686932,,5.392970540600291,6.138642024617379,5.406901378450292,,,5.241615934318557,,4.677992981374423,,,5.871055508678457,4.533816624189478,,,,5.951357911095444,,5.321520503112762,4.774585890413902,,6.133028986371276,5.052444718936682,,,,,4.740814327631788,,,5.265504184281525,,,6.423335505338246,5.020300215944117
PXD030304-Sample-1457,,,,,,,,,5.964829952643675,,4.865441389285909,,,,6.171371815054144,5.85285388853187,,,,,,5.960889818085101,6.426304337253379,,,5.9302823684303965,5.26903488732782,,,4.84857797797812,5.14827815372306,4.894853133887545,5.008450523571466,,5.240615555171355,,,,5.548909233400369,4.695120483068686,4.570693838007752,5.679738068959437,5.398169468480619,5.611412997159885,,,,5.008232124414473,5.987227930191137,5.919305047136991,4.597523582900577,5.375324423126421,,,6.05668002482664,5.257659440091407,4.947100944574181,,,4.95765840948229,,5.677999403375075,5.501672108288085,6.140547502850485,6.125508806790041,5.299215926232006,5.442094195995511,6.068256271422619,5.124594844135024,,,5.2551311469088775,5.246027951949267,,,,5.610392872763245,4.564443557509045,,,,5.640196052024494,,5.659225436629413,5.2894925568009015,,,,,,,,4.770518425185321,,,5.309129193306943,,,6.521589369531828,
PXD030304-Sample-1458,,,,,,,,,5.927137114107742,,4.877783754080429,,,,6.15180457327495,5.81031726292934,,,,,,5.959150871006103,6.094880324476104,,,5.564577788127978,5.268667702394734,,,4.550911079462833,5.413792878855428,5.207922244114082,,,5.255666097247538,4.73346033251767,,,5.820512594644303,5.296818559668714,,,5.710853455231472,5.403580942577063,,,,5.013519515856817,5.942800976458,5.913578051251377,,,,,6.270794162359442,5.5758314474682775,4.589586384252063,,5.220000655169929,4.986412576444617,5.223740355095096,5.363216741989242,5.498407500485461,6.041058410821819,6.210477934960286,,5.21579508844579,6.16932579924132,5.14290222343391,5.5066701227588695,,5.750250457442457,5.549159650969033,5.312859332569591,,,5.613485374788975,4.557990941055272,4.749428305201282,,,5.676574582298397,,5.535074370780799,5.108323025317455,,5.314287357830188,,,,,,5.080888197301631,,,5.298779471299793,4.872755459772284,,6.525294657328332,5.051958592430789
PXD030304-Sample-1459,,,,,,,,,5.958463920151179,,,,,,5.955806057963458,5.928610056304744,,,,,,6.10436616653719,6.227918981902665,,,5.915169647552099,,,,5.063026174126012,5.394853157265359,,,5.141651968574732,,,,,5.202337852194163,5.027963064130263,4.613509386642493,,5.616881962716065,5.248843393557591,,,,5.114749945722668,6.003916579968252,5.826459437760268,,,,5.911351869399628,5.888940656921064,5.292650848258132,4.94131253454109,,5.24811966034509,4.998083264169833,,,5.294519092019731,5.815417118408486,6.207496124057244,5.371766433997014,5.306887210229803,6.095806270477859,,,,,,,,,5.641124666604467,4.574865413816935,,,,5.987407714372288,,5.554954701100336,4.8342491369687295,,5.6455979575188415,,,,,,4.844354053576372,,,5.336140545349833,5.096781742300255,,6.489762038086834,
PXD030304-Sample-146,,,,,,,,,,6.3373981904487495,,,,,5.660585567193212,6.466726558829803,,,,,,,6.515661711542456,,4.952347904314523,6.121316239080061,,,,4.686267307764388,5.549312912225917,,,,,,,,5.849366947457947,,,,5.72751882881023,5.045974521023599,5.406107139789202,,,,5.750781305775374,5.2623313876773175,,5.524683296084215,,,,,4.710748254246512,,,5.133930116363027,,,,5.410660121706091,5.872234909518831,,5.258562331297077,5.601290679736466,5.569400467041159,,,,,,,,5.727572208054267,4.771033619095431,,4.911809972732327,,,,5.192743068109805,4.924073410237567,,6.295535602923836,5.250802627041237,,,5.741019594678627,,,,,5.431805633654439,5.278332821365453,,6.278236947832202,
PXD030304-Sample-1460,,,,,,,,,,6.359772029792575,,,,,5.849956292495866,6.36613286177816,5.792758538207476,5.96978812196961,,,,,6.372112800233866,,,5.906887603180441,,,,5.013162009910539,5.651887063940965,,,,,,,,6.053446831538556,,4.741996698381682,,5.541147235651901,5.072601020821685,,,,,5.7535280945258025,5.75724653372883,,,5.021503716685297,,5.422300260941397,,4.79800834833148,,,5.108103630831652,,,5.307955509959292,,6.128493130756413,,5.653377080191681,5.616963721758535,,,,,,4.877875886530849,,,5.7471624929549865,4.972572816440979,,4.831698630084175,,5.819463420498574,,,,,6.165685729165832,,,4.913025832408974,5.745532396862123,,,,,5.442360557100448,,,6.130483391434687,
PXD030304-Sample-1461,,,,,,,,,,6.059483163747533,,,,5.146089872210625,5.385595944175768,6.47183111876268,,,,,,,6.320545098732145,,5.692710919415644,5.020356682526324,,,,4.714772607988499,5.4669669879797045,,,5.588093512840671,,,,,5.759349446140193,4.855497098695085,,,6.175974903425622,,,,,,,5.372386656478577,,,,5.486026959218119,,,5.045086105320693,,,5.179059100145997,,,,5.459863683301302,5.761964652131321,,5.472268977144397,5.924274460145837,5.605598749406568,,,5.467621190430828,,,,,,,,4.868119631524992,,5.819107100703691,,5.226190674575092,4.959371219967624,,6.16654675121252,,,,,,,,,5.496128599218404,4.995893522555324,5.976855023221089,,5.634404065007233
PXD030304-Sample-1462,,,,,,,,,,,,,5.164084856581206,,6.176117141654249,5.769059954633386,,,,,,5.202025923239825,5.797635005845908,,5.111415727211057,5.5044995861412245,,,,4.859598136725792,5.499932106040791,4.899161700807428,,,5.271832168798594,5.00616504658299,,,5.423550890570382,5.302694401719452,,,5.697975154154843,5.394745046161454,,,,5.0159626350281314,5.929168699170673,5.824174895324575,4.5885193264605455,,,,5.943856871058512,5.269427357359039,4.554010680294093,,,4.973886987882865,4.9065861172063565,,5.1585703634557545,,5.987073479311926,,5.240212976802965,,,,,,,,,,,4.561466800802883,,,,5.961148178530011,,,4.792706501344958,,6.255745389195671,,,6.3300323555844376,,5.068000042481669,5.064362043766537,6.323739040848818,,5.5843839412640905,,,6.516021248176042,
PXD030304-Sample-1463,,,,,,,,5.710899087671044,,5.953781555581587,4.935851032773586,,,,5.405960042884566,6.512476127042534,,,,,,,6.261708017216252,5.872569959355096,5.189554889251592,,,,,4.620504354796971,5.728182092627373,,5.0593643767098735,5.177950778121221,,,,,6.10751845745159,,,,6.076635404939043,5.576990246461616,6.523991866523504,5.688640306052573,,,6.01747221081186,5.257955034919347,,,,5.088555813114896,,,4.725516547413036,,,5.056484926013233,,,,5.476061378947952,6.00768990789293,,5.908662013285591,,,,,,,,,,,4.622675348846932,,,4.939588648920015,,,,5.163160548310313,,6.323865949780563,,,4.832533632049842,,,4.829161852563749,6.083432391922813,,5.376123114804738,,,6.013277547010613,
PXD030304-Sample-1464,,,,,,,,,,,,,,,6.090245931016023,6.134272131761151,,,,,,,5.958435495975038,,,5.058845726881419,,,,4.863795406947926,5.443326574630083,,,,,4.919745196050692,,,5.963474261599681,5.211668432485757,,5.606397181808998,5.925090877481269,5.415773995148913,,,,5.525222550801408,,5.869388120658284,4.797620993936995,,,,5.807369972117776,,4.8856612068661,,,,,,,5.474584224541679,6.068659185891904,,5.681394378574392,5.676374946550163,,,,,,,,,,4.918089379621641,,,,,,,,,6.359905289091843,,,6.316385909492032,,,,,,5.52082274088102,,,6.355641274950659,
PXD030304-Sample-1465,,,,,,,,,,5.958155228935045,4.935036695771275,,6.025194421482567,5.032686239741209,5.764511720947148,6.188702473541905,,6.09785783427089,5.722292184732013,,,,6.365877289892131,5.566299274267263,5.373195066980282,4.927426885053026,,,5.180505247081703,,5.301228850546292,,,,5.283446704592536,,,,5.581804973210301,4.770336109144751,,,5.876320311064315,4.978217522896927,,5.44407912905403,,,5.688191639772289,5.531047664715779,,5.768307686700891,5.312820649358906,,6.290838697640563,5.348118057288224,4.981451564365679,,5.281236796379236,5.063255231286318,,,5.210353214891554,,6.108783558476279,,5.441983163258188,5.834804146050851,5.501648664639522,,,,,,,,,4.914830012706252,,,,6.025807275783242,,,,,5.842774452944631,6.074294433417842,,4.8578223709400605,5.66122776767473,5.140020881026735,5.1405895319789625,,,,5.278350834981604,5.9181040483243486,5.725717680045434,5.734065964387035
PXD030304-Sample-1466,,,,,,,,,,5.958888775918704,,,,,6.138561443805294,5.714169256177155,,5.597348721888031,,,,,6.063274368816623,,,5.809011863366678,,5.103378374651722,,,5.015481108080981,,,,5.308128652785785,4.819191154067456,,,5.626726169091194,4.755775471581855,4.641933143124555,5.494960345511497,5.655476919234743,4.998558328268195,,5.7185935611888326,,5.094769637272851,5.99182195880899,5.798113746745253,,,,,6.249072921196095,,,,,,4.979321445281314,,,,6.148774704616548,5.3468385837840495,5.261717391486851,6.246361519685637,,5.578174621227236,,5.939720132936807,,,,,5.980339381180111,4.595352650945326,,,4.963112269786438,,5.313880122924745,,4.868422642060244,,5.887964216272075,,,,5.6683544788551234,,,6.087941838056077,,,,,6.533766864208083,5.127266474092048
PXD030304-Sample-1467,,,,,,,,,,,,,5.682376162475665,4.980451788709121,5.66533840084758,6.117901225654398,,6.3759089325574365,6.009796781044143,5.414965037943461,,5.241946509782395,6.337544315169945,,5.454468651921752,5.82057893860118,,,,4.554544545786657,5.176308126223562,,5.040865878518969,,5.228114378680095,,,,6.023178557309428,,,,5.4220258313477405,5.529472554121575,6.002465916603462,,,5.021964456336476,5.930111521532143,5.35180710960127,,,4.898651429762246,,,,4.961998596558599,,,4.996412398386615,4.950607443809576,,5.167631301240431,5.589754514260588,5.906663056002173,,5.563873858611978,,,5.514005182259606,,,,4.714554472966655,,,5.606282382879985,4.552376897444695,,,,5.9869733804584575,,5.392819018914047,4.817176894255048,,5.3182576598899205,,5.357392873151481,,,,,,,5.325289817037128,4.876627236066918,,5.682355865194164,5.410167820836542
PXD030304-Sample-1468,,,,,,5.591601505960503,5.688248257674339,,5.83049902139099,,,,6.039648514090576,,5.980939232579302,6.229825069140997,,6.253300891486997,,,,5.091459752857085,6.283836144265166,5.440083566269496,5.463806619060319,5.326740563911557,,,,4.50093503604429,5.164347009591951,,,5.528183200479464,,4.631935052654649,,,5.910286155521131,4.923024132404413,,,5.888936610549453,4.849120322109768,,,,4.931815502713269,6.105412610743075,5.819618109125567,,,5.116983660762763,,5.64432688275037,,4.819429715084154,,,5.194555979726368,5.143219209156303,,5.064439400315306,5.237865642548492,5.932549534084538,,5.338242765569107,5.393556662709014,5.675547038516371,,,5.799214414651591,,,,,,4.766545107272325,,,4.828185212055156,5.886799797763867,,,,,6.250102776857467,5.008470509449928,5.283607301834757,5.001777341033175,5.519508218246273,,4.73826095906767,,,5.235465367527844,,6.04569334141359,6.195619247375388,
PXD030304-Sample-1469,,,,5.901889371534555,,,,,,5.903725649492215,4.911096700460868,,5.483761438978888,,5.527767036729042,6.172320065982122,,5.768722171633643,,5.101398976278919,,,6.377856306082284,,5.437292190131938,4.979837357822357,,,,4.87575294966894,5.559073351994695,,,5.427197389384889,,,,,5.831258739280741,,,,5.968017369524135,4.9143603055606535,6.237546430052827,,,,,5.3355881909219445,,,,,5.562554349742858,,4.635365418620276,,,5.010781523960651,5.222542837295857,,,5.415083686587311,5.985157245321569,,5.1770660158739314,,5.439742144292904,,,,5.56204284656672,,,,,4.532740495708462,,4.697439644004372,4.871818645622852,5.976795013493693,,,4.80451183856393,,6.362889365002408,,,4.772028513109416,,,,,,5.314481784678527,4.846174203544588,6.115163522744561,5.65032723867825,5.359876919677488
PXD030304-Sample-147,,,,,,,,,,6.212398223898575,,,5.191431436606604,,5.802853483488277,6.1031025250119,,4.932924672268397,,,,5.170588770911975,6.312512114028525,,,,,,,,5.65251679889265,,5.05994482107653,,,,,,5.996392174657128,5.18749331922905,,,5.902361135068095,,,,,,5.935139327715359,5.394979243310442,4.616991551983578,,,,5.558369868661624,5.282093872853962,4.9213697946786,,,5.305306756947281,4.971410219405711,,,5.30744639787889,6.094389457793923,,5.552711332903366,5.782048079718774,5.452989275239661,5.5132213183602685,,,,,5.695228182261321,,5.610438179380206,4.570907652183483,,,,,,,,,6.231863161660812,,,,5.622639308286894,,5.088826875783196,,,5.341790718334968,5.525416249065884,,5.982664340141152,
PXD030304-Sample-1470,,,,,,,,,,5.9202107065935845,4.929358345428106,,5.686719497792068,,5.899082521413654,6.295704531903725,,6.182294046660276,,,,,6.186306331004404,,5.45873710358786,,,,,4.893138276259223,5.264766908228591,,,,5.552419174906219,,,,5.983345686880387,,,,5.987323525820527,4.937937705659548,5.896382346727169,,,,5.704730391037985,5.631189611133864,,,4.916036091773094,,6.126787881267611,,4.904761883217381,,,5.287242787311326,5.24672906467239,,5.17616540996041,5.507274942130336,6.198029770720812,,5.306497519652294,5.490876993213661,5.461830218291009,,,5.290327821451818,,4.7295556346530505,,,5.61909269663389,4.631810967313711,4.830840063573485,,4.91264057843058,5.70291690988804,,,,,6.476932692708685,5.119377273794458,,4.798883378427371,5.640408088753651,,4.812780669880067,,,5.335302497090773,,5.848755674150986,5.691615038065551,5.419849679349861
PXD030304-Sample-1471,,,,,,,,,,6.21857261412284,4.899730532474282,,5.188727554751701,4.981681769977223,5.622067811164628,6.08794635020633,,5.943222006560862,,,,5.233872110360614,6.1351184833376005,,5.328679365375322,5.875654385279459,,5.042695439757442,,4.577420043762551,5.180257832581004,,,5.635246919527,,,,,5.921861314496792,4.706359787823033,,,5.726306202253976,,6.138350913703759,,,,6.025407646112946,5.342565583905036,,5.700660125884391,,5.545476251302685,,,4.9271676807072575,,,5.121424136338383,,,5.168671652384406,5.337154906980901,5.676089815509549,5.593189101434509,5.493434369527347,5.472841001928605,5.153321732464573,,,,,,,,5.609705660657895,4.556532473163461,,,,5.981638006067419,,,5.11936903114065,,5.352284198576671,,,4.789311401754408,,5.122205885482448,4.779698955589494,,,5.330367810062339,5.290526099764328,,5.676326533422029,5.504153661075839
PXD030304-Sample-1472,,,,,,5.688753804623499,,,,,,,6.00303930956771,4.990894520643915,6.043586220128611,6.18234072357513,,5.801543481518976,,,,5.186670504860008,6.231907540221059,5.5463105288514685,5.1759584157283625,5.175139869517651,,,,4.596027280892273,5.201506051178259,,,,5.262140139837498,4.7510887083148905,,,5.791942904188015,4.740950077593852,,,5.624599136592641,5.239828037108729,,5.41373460054786,,,6.174602829232666,5.8802840429919,,,4.912956436955866,,5.990742647030228,,4.9315589122855705,,,,4.949268130955364,,5.198246282095216,5.297839382320203,5.969070027187958,,5.36094618280624,5.975119289879576,5.468611105981171,,,5.599569117320186,,,,,,4.86780897831943,,,4.907422063270101,5.710105034609367,,,4.825956808464958,,6.132566398804851,,5.366663940460529,5.121570780344609,5.647455534944908,,4.79931613929943,,,5.644006637872318,4.875115620338618,5.870315215134459,6.291973050489707,5.4837073729539165
PXD030304-Sample-1473,,,,,,,,,,5.994400496556129,4.985840068820829,,,,5.7030785359852585,5.684101090682671,,5.877900327573728,,,,5.252650521867104,6.015691254066635,,4.932514105523595,,,,,4.695674790728072,4.866108876088279,,,,,,,,5.954329182934975,,,,6.066473607798578,5.043339649302539,5.862594232081631,5.453252364325809,,,6.258988445324199,5.436196934701642,,5.514860839404988,5.320755203510882,,5.378012826472114,,5.002449692448312,,,5.115138369253305,5.029045599249808,,5.303987698422299,5.490372837972631,5.849358557957699,,5.581641739233387,,5.723391164182415,,,,,,,,,,,,,6.060010196371091,,,,,6.197521989095763,,,5.35360202205476,,,4.9073017134663885,,,5.412882881625965,4.921234015613888,,,
PXD030304-Sample-1474,,,,,,,,,5.966609792614369,5.898622252999373,4.882897669034909,,5.179418957612666,,5.837831196700315,5.772075349343701,,6.417497355676277,6.081336139110368,5.410753909918983,,,5.957124982613533,,5.138458376698045,5.978163912789073,5.269818002853845,,,,4.845073006161978,4.907396305125058,,,5.234714494381945,,,,5.38661031136053,4.692705498658829,4.581029729217037,,5.7166676004117685,5.216181850563562,6.2810148862587925,,,5.338218463681374,6.157945995858125,5.636975620074058,,,4.897299387796815,5.022051769761544,6.16168950952714,5.269323130137108,4.907386352071432,,,5.3043150554713785,4.919058088635398,,5.184353624147068,5.29395584959923,5.331099794587766,,5.444111758601762,6.0726601120763295,,,,5.571591408732256,,,,,,4.539220825398863,,4.99553670731852,,5.96333203106439,,5.058174597023959,4.810394679274722,,5.6033366037208765,5.086434928488601,,,,5.388361642250707,,,,5.607132018382682,5.380758335606522,5.81158934727656,6.376101830573158,5.0597317553030265
PXD030304-Sample-1475,,,,,,,5.755939342120188,,,,4.884937719996167,,5.970207285273453,,5.90302500185648,6.268054000475891,,6.162316308050399,,,,5.203300986507825,6.231993139582602,5.514935359764865,5.530741304052077,5.536949543802178,,5.008388770374633,,4.8591317703051065,5.463371762563025,,,,,4.745579088568492,,,6.008096020936503,4.99272810940924,,,6.024644619018446,,6.2230937529631865,,,,5.641276267889468,5.7083589514477655,,,,,6.0488209487165125,5.278001545570257,4.609949020863197,,,,4.91709191009795,,5.159391004515867,5.391104740160664,6.287743580931702,,5.428336575945699,5.457610362949042,5.623982302731429,5.497291030322285,,5.9699559792991375,5.548317635608599,,,4.824341846785975,5.594182375232784,4.55409449890463,,,,5.692872738052489,,,,,6.217625593011863,5.082648392052063,,4.774497290898403,,,5.0767080242929135,,,5.313690778089205,5.174827733387412,,6.133144807637107,5.050005984190977
PXD030304-Sample-1476,,,,,,,,,,,,,,,5.674950208637923,6.309682147503873,,5.849289677816241,,,,5.240567718317876,6.279365505011405,,5.395562211596984,5.360528073022696,,,,,5.321247464146694,,,,5.299434362695237,,,4.756140924929164,5.742312218896142,4.775242357826102,,,6.03378684233193,,6.051876922206352,5.477459666466892,,5.411700249299915,6.018726927556015,5.42004907106163,,,5.310227625390417,,5.325006206887483,,4.953263928558336,,,5.070495781101077,,,5.258378208364139,5.457110917319248,6.144428049449744,5.350149894268459,5.36237850047929,5.583871184195209,5.217050261231479,,,5.833972496625622,,,,,5.675688110257128,4.615671043162,,5.077724833657715,4.9600887245235175,5.750177476724454,,,,,6.238640776208941,,,4.856140553402544,5.675029836408017,,,,,5.388990166791914,4.9099390220705255,,6.038309913109506,
PXD030304-Sample-1477,,,,5.8535845259339085,,,,,,,4.857746354717554,,5.4387364517271495,,5.489098225776536,6.373650202517993,,5.882740455030487,,,,5.14172016664611,6.337895078464286,5.779402624320602,5.400677859241943,5.278845850324754,,,,5.006258427007744,5.328402602335788,,,,,,,,6.04991089055423,,,,5.850536129273439,5.167138890172875,5.831865297674674,,,,5.953160057118276,5.751859824704172,,,4.833923860262919,5.286403429712926,5.692278475453892,,4.877793942818213,,,,5.180067937306063,,5.123929826285404,5.3940430500120415,6.239881160918493,5.275728849507203,5.236897970691588,5.900020597441016,5.703553118664327,,,,5.202363170736152,,,5.254846580858531,5.552500473294279,4.789125272196347,,,4.831342600611532,5.930780644599368,,,5.249694600870761,,6.390461745412667,,,5.058462027530739,,,,,,5.284916974428598,,,5.621449038433201,
PXD030304-Sample-1478,,,,,,,,,5.910441967526268,5.913671997277965,,,,,6.212438891085664,6.091796185030406,,5.5386308359261776,,,,,5.909554756085246,,,6.018102843703822,,,,4.872058136166035,5.591594263598405,,,,5.545338503784894,,,,5.641422166121726,4.725317955511076,,5.425574523132314,5.7219807703548575,5.533642078195278,,,,5.064808186706796,6.009763702534036,5.701497071307504,5.396878646351262,5.421722985100003,,,6.177387175226688,,4.9162504899609285,,,,4.929360085041118,,5.243840889559554,5.3277139189774525,6.06172087355018,,5.4864970611672375,5.468761778605706,,,,5.882395889254055,,4.757677987779317,,,5.625865530146512,4.567655737092139,,,,5.663795886639956,,,,,6.102820608755348,5.105022387756075,,6.303132806506918,,,4.818384030075732,,,5.315634879837237,,,5.982320935220044,
PXD030304-Sample-1479,,,,,,,,,,,,,6.02751825469603,,6.156842530186855,5.960661972823356,,,,,,5.183048909404555,6.011358180939588,,4.804581156857795,,,,,4.543685381848741,5.354198634600591,,,,5.225045218406684,5.004062663394138,5.946501996443287,,6.054635911709134,5.1645637990673965,,,5.8767504856264985,5.197549764462587,6.260271626002927,,,5.00750773534116,5.627289695603534,5.8834054601283885,,,,,6.286542601620598,,4.585320812307407,,5.212117916094605,5.276862857849119,4.9056015218271485,,5.135778700361815,5.272845989324228,6.044330911685815,,5.3002820300598,5.923475844872805,5.424856012577481,,,,,4.693398472996546,,,5.595154335865721,4.558593536972243,,,4.863974142164881,5.639990684356975,,,5.085256663870706,,6.0743977925845,,,,,,5.078220681188471,,,5.590023436455621,,,5.641262910045134,
PXD030304-Sample-148,,,,,,,,,,6.301921867287259,,,,,6.150716398315155,6.2227535032248085,,6.132237301530852,,,,,6.210685129002144,,,6.071843729223385,,,,,5.257784085637874,,,,5.622607840362179,,,,5.52676540677758,,,,5.801783160662333,,,,,5.112240306904845,6.038835321358096,5.6996312681549055,,,4.988239719581423,,5.958875728449715,,4.959934077225995,5.300753396100072,,5.380010771797759,,,5.285113536704063,5.36864739734368,6.243268123873527,,5.331313328837801,5.860233558061123,,,,,,,5.776199051296453,,5.69645147661796,4.666107893452547,,,4.972069974055629,,,,4.888533708345922,,6.098099309805582,5.492387189625211,,4.873552355112837,,,,,,5.396645086825677,5.490155342501025,,6.377178256928062,
PXD030304-Sample-1480,,,,,,,,,6.269152591582922,6.223326154208563,4.897164732156779,,5.232228531196972,,6.144025610301311,5.653540969809903,,,,,4.635895552291363,,5.836237043098188,,,5.473433072985558,,5.027109583495971,,4.88299953329734,,,5.02073854046052,,5.257699990269168,,,,5.202023089726676,5.31949007734164,,,5.728452882172972,5.417142113653915,,5.394670397780377,,5.330988708050201,5.949030448831691,5.731354946564394,5.636778289491457,5.42491378223212,,,6.435001223562782,,4.899016726494748,,5.250796632291764,5.300861546564258,4.937510796469707,,5.216724645081312,5.32768542835434,5.940079106731245,5.293428294199603,5.136769077161604,5.484040663994813,,,,5.287480859280719,,4.729122983142424,,,5.631073286992072,4.628150618418196,4.77136757063057,,4.911949048361953,5.6740411672295865,,5.071370624150042,,,5.798986982588654,5.106659133416229,5.345022190396375,6.525887089722788,,,5.1017857347647775,,,5.627360713282289,5.277048775962112,,6.39486901952603,
PXD030304-Sample-1481,,,5.883778240846128,5.888801347590362,,,,,5.890956739512365,6.1880882718284616,4.863167401960659,,,,6.076421608823326,5.969703196783512,,,5.647578986945447,,,5.180859815752467,5.79624939203914,,,,,,,4.844394296800518,4.923406037218712,4.894333454130132,,,5.5516636306938265,4.705994821240217,,,5.64337741607294,4.680817794720457,,,5.58152394943281,5.388801244950373,,,,5.313099727700933,5.960484216107355,5.787455422687503,5.5540370762891325,,,,6.211602180420224,5.254269838533327,4.5748402940835575,,5.212769800264499,5.2773741712352855,,,5.153025768447473,5.308463605564004,5.995691380601595,5.254787279094764,5.400966406228585,5.463431709634316,5.122971173732132,,5.184613905502735,,,,5.654632701933447,,,4.563871627744809,,,,5.947941260006611,,,,,5.765299273271175,,,6.464476668989828,,,5.0720455741649255,,,5.300401986972744,4.810158623836805,,5.943953536935188,
PXD030304-Sample-1482,,,,5.8829215248662425,,,,,,,4.865404712798608,,,,6.231131920995107,5.646019876497517,,4.91051422207522,,,,5.197420317573894,5.5886321612988095,,,5.532096184096783,,,,4.844456376645161,5.226678841821348,,4.981661813281691,,5.252087866388659,4.713824809953496,5.652048356966392,,5.50290536724458,5.390448118609058,,,5.793436241272002,4.893858006671003,,,,5.006857599292397,5.917353350088204,5.8704310144667575,4.58354295862538,,,,6.095868359566344,5.7385968338146975,4.574017510225895,,5.51717072816508,5.254358331062214,5.206755972974563,,5.445875561300321,5.303242340065811,6.198161831250654,,5.33623041943968,,,,,,5.534101950981551,,,,,,4.758153340292111,,,5.96088842609704,,5.042345313817358,4.781637568387465,,5.898176404799438,,,6.339291925431676,,,5.080786480887478,,,5.292778204752733,,,6.437492569157328,
PXD030304-Sample-1483,,,,,,,,,6.277376715628211,,,,,,6.042642694452525,5.5619761522984135,,6.0094221699504144,,5.100286529938219,,6.024941510010821,6.118287744034395,,,5.70491399591223,,,,4.847277568014525,4.763417744692363,,5.015236592462134,5.139886659180613,,,,,5.7847499514406975,5.00371634296177,,5.384687434372857,5.411371447472392,5.5176288974899,,,,5.0375557617755184,5.984602395196889,5.781020453578552,,5.390584657125896,,,6.280127294889726,5.751702330053162,4.947578721264222,,5.221911401841422,5.006340358065972,5.234002098600221,5.376981871714084,5.222954628949681,5.967472494348669,5.925506995137867,5.286663508385366,5.550455117594461,6.32095918970661,5.624090731310089,,,5.976248797998803,5.248983116167143,6.076595809890319,,,5.607889833829422,,5.052336030449616,,,5.678154318741141,,5.363177133763955,4.815539731294386,,5.788430822603156,,,5.077266074491414,,,4.82147622717132,,,5.310636339762339,5.234612449594748,,6.544051470559563,
PXD030304-Sample-1484,,,,,,,,,5.843650230538335,6.147506480546936,,,6.091434998366264,4.904192812159117,6.083024674636249,6.241344796468492,,6.29349672283794,,,,5.1606007991298,6.295536986513981,5.758565567408905,5.258522025735993,5.391305374975084,,,,4.802704267112213,5.184520028817786,,,,5.170060078552009,4.656926829358348,,,5.768650223209238,5.125517078840488,,5.3394888493807215,5.8313725675203765,5.463574072916464,5.212515477382103,,,,5.903503160205676,5.822904181455536,4.545431233999322,,,,6.051896170047926,5.514763118124238,4.826875708272577,,5.4678795277995205,,,,5.400743550345912,5.212124070519739,5.894189658405058,,5.2140872691246845,5.893295649189104,,,,5.21354356986171,,,,,5.550143863481106,4.492214063488963,,,4.828365706464397,5.913522361173552,,,4.781599648057629,,6.158541820533433,5.052051603445155,,4.722367213571869,,,4.722271508597751,,,5.249511309048839,5.202740837712767,,6.094310348968021,5.331701578543068
PXD030304-Sample-1485,,,,,,,,,6.282328062668789,6.246325816338986,,,,,5.964326279600319,6.071093920462215,,6.187112521828777,5.722076319676811,,,,6.067085728326084,,,5.853616427846106,,,,4.606637130031158,4.503941235329377,,5.043959873195668,,5.283897698812488,,,,5.4387776563038726,,,,5.466379792862961,5.268080766073604,6.506268446473546,5.435732056441435,,5.057748157681301,,5.565375562134438,,,,,6.269572570956818,,4.944009695439867,,,5.351152456010225,,,5.263537002343588,,5.742072397671302,,5.260700664889541,5.506048779206425,5.669554242693345,,,,,,,,5.646563907179739,4.636218758729127,,,,,,,,,6.06997004319928,5.144288277618212,,4.832115280923765,,,,,,5.355011779401146,4.871626099220502,,6.415425210340652,5.099760953266864
PXD030304-Sample-1486,,,,,,,,,5.885103661309201,6.176547565641619,4.852564244587256,5.509522239885931,,,5.904618627538839,6.219427964399765,,,,,,5.42582183716562,6.042911223867991,,5.09287387652754,5.82439044203813,,,,4.83381717789335,5.027158437095181,,,,5.20271179532064,4.69477196313891,,,6.006469648550032,5.136863220881079,,,5.927734624284152,5.664622321238422,,,,5.023772716359813,5.912606136783303,5.67891467285475,,,,,6.018351701401675,5.23362339958046,4.883446718752056,,,4.924931415358048,4.91237930528035,,5.169091131715111,5.246577331097559,6.105656202120187,,5.268646574768807,6.0379518237563605,5.404347894245071,,,,,4.677345246893739,,,5.575360087567279,4.537148330744731,,,,5.943842509756781,,,4.75899328332408,,6.189356255488663,,,,,,5.056583621576045,,,5.285519113596128,4.815553613894873,,6.2434784405465,
PXD030304-Sample-1487,,,,,,,,,,6.154378883656861,4.824565364122906,,,,5.928974830728842,6.128411538937858,,5.560998221588867,,,,5.394488220232795,6.376996637223803,5.442329449075629,5.069052878163922,4.773148387700104,,,,4.487345446051534,5.521636720111657,,,,,,,,6.043411220696901,4.947632187284357,,,5.967922397829796,5.713321971977601,,,4.714962917439528,4.951971520815562,5.914487730177376,5.609137518737978,,5.652170115583262,,,5.980789223358138,5.514037568248369,4.890012018351903,,,5.043811629442319,5.17001886804356,,5.104274610431654,5.325050606849528,6.074559773013325,,5.783583046601181,5.889469710585547,5.564414070749881,,,5.205117903748921,,,,,5.545299143257133,4.528729138645044,,,4.833331864505466,,,,4.728972317419704,,6.219683206011718,5.021260090123668,,,,,5.027733067231623,,,5.251303915095585,4.88571048507073,,6.086408351258093,
PXD030304-Sample-1488,,,,,,,,,6.270441711759981,,4.923286164748423,,5.263166978113534,,6.05382955808561,5.804057795342131,,6.081739408154716,,,,5.927050407961541,6.195999260694133,,4.871436575979611,5.184344893720868,,,,5.087803308309746,5.099932167512482,4.948088911540094,,5.465052923791148,,,,,5.315899573872886,5.203420200994492,,,5.741643570326603,5.425488101210407,,,,5.057428660240862,6.042796388417977,5.928430853788242,,,,,6.156541895631232,5.2998375956572445,4.9778666433939645,5.50900627985171,5.264774373690031,5.06863266609756,,,5.344508729385264,5.577720371896642,6.212044199470773,,5.378579171007976,5.989316780370166,5.4692088151259295,,,,5.601643937734058,,,5.334107081604508,5.645700367083191,4.888565868844429,,4.740973795431325,,6.012499334934165,5.290404022346801,,5.454926540665231,,6.130564657926822,,5.370279267056527,,,5.138719768410308,,,,5.373949028446432,,,6.501920368438901,
PXD030304-Sample-1489,,,,,,,,,6.225165880698861,6.222859401583236,4.894796044952538,,,4.958102234956162,5.882386231638179,6.317115767894298,,6.398786135329557,,,,,6.278247184765076,,,5.7030030196197865,,,,4.582753609612452,5.248499282742703,,5.037806046704615,5.140976229470962,5.249132087755223,,,,5.912848274289729,5.014942879613668,,,5.900733939968839,5.641040150071884,5.992642390470583,,,5.332814230668051,6.017017491397634,5.723906353090394,,,4.902560179393501,,6.180241599908419,5.278072169837274,4.921574043009462,,5.534573742549593,,5.232213413031096,,5.179379194857719,5.32191315821446,5.800367293795195,5.283103616070328,5.313175934839048,5.481069317584056,5.447423163023032,5.514590200639983,,,5.270795355872963,,,5.139711712354265,,4.586222379188668,5.069220213610304,,4.888985834598211,5.982995841513889,,,5.123703486460664,,6.412326303287891,5.095214129955374,,,,,4.780394426517753,,,5.340831433016212,5.409984523945687,5.828783551545076,5.973253144851245,5.462681339828242
PXD030304-Sample-149,,,,,,,,,,6.275908278549951,,,,,5.939910866057135,6.463313744104671,,5.473163409720545,,,,,6.202549964353369,5.570397670240362,,5.704217882065149,,,,4.623583367951634,5.680282883840804,,5.10243141342829,,,,,,5.701877231834741,,,,5.883999300648578,,,,,,5.686772015967282,5.613945286042824,,,,,,,4.9914532004159735,5.285387549990785,,5.056144169398072,4.98907292424518,,5.2636537545571,5.41454997428034,6.057276389126265,,5.383873490886513,5.855118372179117,,,,,,4.817083826037343,,,5.674197433607793,4.651359459349344,,4.782532539101108,4.948444633775619,5.743470235617559,,5.123872316024098,,,6.392261184018889,5.158692969819467,,5.171836380693076,5.67259606227746,,,6.091894351946023,,5.369802400872862,,,6.519581523248323,
PXD030304-Sample-1490,,,,,,,,,,6.263724408539677,4.939058190778312,,,,5.770240614925211,6.448877672454316,,5.296903609050917,,,,,6.577712605590933,,,5.391161195584758,,5.071434824649459,,5.108581488850426,5.644262081964717,,,,,,,,4.902915428749878,4.764117379777344,4.642931551642761,,6.02548910283755,5.00425063789199,,,,5.069049692045094,6.016124212538651,5.493974126802027,,,,,,,4.974202814911051,,,5.068314816408983,,,5.235322409212939,5.413534769440726,6.032752694260064,,5.296646174959431,5.537198051495137,5.687614825442033,5.569519697318896,,,,,,,5.664751013598154,4.907777134877208,,4.764008784903015,,,,5.431826238533084,,,6.35003946317325,5.167227279124794,,,,,,,,5.394154483347643,5.310277401503894,,6.200634402890431,
PXD030304-Sample-1491,,,,,,,,,,5.921641002331255,,,6.073294414308748,,6.063110760977126,6.330434086387656,,6.233044425855118,,,,,6.325414128274985,,5.147228065183628,5.212740948922667,,,5.180901004642079,,5.087926379652988,,,,5.253378176746771,,,,5.731756515896743,,,5.424361913243661,6.042386564709501,5.804097215388305,,,,,5.967459915555483,5.837021139193594,,,,,6.132387855778411,,4.909612381348969,,,5.032283711834224,,,5.196899691876774,5.322451389949989,5.766844329548434,,5.183994922268574,6.193339477627698,,,,5.293360292236531,,4.735616151654828,,,5.622825555173486,4.624233724182867,,4.726699198200722,,,,,,,6.377366969924706,,,,5.625046975299733,,,,,5.3262685112985375,,,,5.07498105840082
PXD030304-Sample-1492,,,,,,,,,6.2747926889339976,5.933730426169938,,,5.515569368487861,4.993827068069791,5.798028189841778,5.6843328628696606,,6.353996305725705,,,,,6.335119786412168,,,5.247347922660691,,5.061205195103468,,5.079840336321765,5.451342233360903,,,,5.560697132149468,,,,5.927803787028346,5.034201654614014,4.614584389761039,,6.05317894341675,5.738312833335471,,,,,5.651454494798576,5.750526662454636,,,5.253831867590002,5.055375402407673,5.774765497597556,5.3029070829213625,4.664419154246396,5.210945322946071,,5.3380448312997375,,,5.209603676768242,5.629292253549263,6.000880180364581,,5.323651976347407,5.977437398675048,5.181272010089971,,5.231046447480363,,,,,,,4.613012941818544,,,,5.700552434912063,,,,,6.368343476573791,5.120578737494533,,4.823247140726123,,,5.116989008650377,,,5.357040662461727,4.890185371221887,5.865654751190331,5.718277323716331,5.568083324978631
PXD030304-Sample-1493,,,,,,,,,,6.21237200246436,,,6.058767548948406,4.981145456809653,5.967198419476014,6.315006319499159,,5.707344932136745,,5.105310313844341,,,5.895040027443266,,5.152079488702179,5.566395382558222,,,,4.867185107809273,5.370824882675454,,,5.433536098795495,,,,,5.747172385956535,,4.611526242950194,,5.901222555431374,5.220005346215307,,5.344785808709224,,5.022705521477271,6.037007084988606,5.555687147885728,4.611440098230328,5.413958119957952,,,6.047883595646958,5.28628451961873,4.62939818563456,,,,4.919340151590067,,5.184607997849843,,5.770369494897071,,5.389068788978424,5.759879127160635,5.625740023223038,,,,,,,,,4.830880372700715,,,,5.67494843984443,,,,,6.236753092950642,,,4.790372420069423,,,4.7668568323022615,6.035319810979261,,5.332892150802422,4.833250283681847,6.123026594568874,6.15063697103076,5.593696958870665
PXD030304-Sample-1494,,,,,,,,,,,,,,4.945396193571816,6.215213716239994,6.399459818082532,,,,5.105338386995002,,5.174033780266739,5.718090207995669,,,5.295600848139096,,,,,5.367729777508663,,,5.123883273172224,,4.718953909921121,,,5.968593519431568,5.411066167240892,,,5.714498054711428,5.54081103968697,,,4.794099836181087,,5.724759180283876,5.981570749613061,4.610879284754614,,,,6.041087734655492,,4.922994087729919,,,4.977157445552833,5.231491955154734,,5.464987807315311,5.294768164275784,6.196143027557338,,5.315944426313745,6.251012311414211,5.140717849126305,,,5.281518175234454,,,,,,,,,,5.972288996613994,,,5.127771733324099,,5.789294302895715,,,6.079613415855206,5.611129951950455,,4.773963564645568,,,5.326187305879479,,,6.147932771199983,
PXD030304-Sample-1495,,,,,,,,,,6.240664911937552,,,,,6.088570899012375,6.13444901287629,,6.128849721283959,,,,,6.226599426183846,,4.848002110125691,5.637890645517556,,,5.187075516548955,4.889991055627456,5.534061785158091,,,5.446143611862753,5.264833223556435,,,,5.407884894413308,,,5.409903319384491,6.0470908278335065,4.930316571475692,,,,,5.987557701451021,5.5688014167440505,,,,,5.989733098109651,,4.663031379637699,,,5.074356624068677,,,5.172885311716367,5.440812090826554,6.085398523773572,,5.149873942401412,5.490048521269975,5.161753977941111,,,,5.270621072955021,,,,5.632640146442214,4.587438977440553,,,,,,,4.830480482082802,,6.239395690447473,5.117579516755542,,4.796435543303526,,,,,,5.330549266876329,,,6.29587882298209,
PXD030304-Sample-1496,,,,,,,,,,,,,6.086815452559758,4.994862994514226,5.938816606228882,6.186861560635256,,6.003872617534434,,5.137135815447654,,5.196007698454286,6.233004056510472,5.850512711940209,5.33967171079363,5.4935560193549575,,,,4.605578642457687,4.982635320362473,,,5.155256979140119,,,,,6.004243227991301,4.7293356376715225,,,5.937263037822272,,,,,5.354786163887479,6.0416062116682365,5.467884935364076,,,4.923118993431954,,6.076766740562324,,4.929321306222971,,,4.99958498261823,,,,5.359873444918081,5.4789705338392425,,5.529653401438965,5.496236177366489,5.1811317243113,,,,,,,,5.637382638830938,4.5896631244512,,,,,,,,,5.961582031036063,,,4.841881260993813,,,4.803516083511813,,,5.361703716220133,5.521158477422776,6.170930732641381,6.172053928121047,5.428344402332835
PXD030304-Sample-1497,,,,,,,,,,,,,,4.972065464795891,5.937365401504927,5.951541753771304,,5.9135762119205255,5.695640758830452,,,6.122274642390245,6.002996933616251,5.541158980097167,,5.7565436558269925,,,,5.077112398294141,5.199026307912297,,,5.152833831012047,,,,,5.865250469420685,5.03421652130371,,,5.624223480679234,,5.60158435216202,,,,6.047011502804016,5.697783627505619,,5.461196721619725,,,5.295115933609567,5.300140589265448,4.9706683147271,,,,,,5.224381554512636,5.418801015409212,6.077234572820132,,5.459176428096383,6.355307639339921,5.171045575364424,5.844805100922467,,,5.278404181124959,,,,,4.879263664163949,,4.729952733402789,,5.9969823133603,,5.081764740848849,5.321875588840896,,5.64490445923582,,,4.852914394851098,,,,,,5.371047714471682,5.4581161972435375,,5.999398871888212,
PXD030304-Sample-1498,,,,,,,,,,6.31511669766096,,,,,5.813566462303195,5.92520490255662,,5.639232580491289,,,,,5.829675617867712,,,5.1940810997058575,,,,4.65665173558059,4.871383896253597,,,,,,,,5.3017944688519805,5.285336070140286,,,5.8237245507046325,5.03847090557764,5.392385878800909,,,5.438807252370093,6.044070088174823,5.150391833276818,,,5.326144881938563,,5.967202500519654,,4.995227783588911,,,5.067871372831147,,,5.32272738825034,5.706255469706436,6.068244717180104,,5.579431654926825,5.893532458558839,,,,5.382284182016666,,,,,5.706259859966718,4.670756711374881,4.864711794627971,,,6.081643268122264,,,,,6.122592647028048,5.205761792688218,,4.903666730210422,,,,,,5.407080474424034,4.933340568353257,,6.391060364776499,
PXD030304-Sample-1499,,,,,,,,,,6.103996821385689,,,,,5.866960720300799,6.249263216390771,,5.605413827285317,,,,,6.117861015999395,,,6.055590638659977,,,,,,,,,5.429448136020799,,,,5.383898705333166,,,,5.799821951562848,5.121739266489676,5.505271571081411,,,,5.82517941138244,5.590712183361771,,,,,5.771987164549778,,4.796552581556727,,,,,,5.484384826065281,5.496397824142367,5.903707095354529,,5.444321899923684,5.672751402732868,,,,,,,,,5.804110625695114,4.750741226036148,,,,5.90763943686446,,,,,5.834210805078809,,,,,,,,,5.506928266459227,5.021281291427393,,6.361084808292876,
PXD030304-Sample-15,,,,,,,,,,5.990926760653142,,,,,5.854457441517628,5.868897335205861,,5.326974260996421,,,,5.624015240864674,6.375452931143957,,4.910950412907559,5.736924177245364,,,,5.1252465952356925,5.406267662796627,,,,,,,,5.478606768203819,,,,5.523308859811592,5.304242345961911,,,,5.128355864620328,5.837131797041537,5.536226345522001,,,5.01875362231362,5.118517406881421,5.849413447846727,,4.736608097648905,,,5.381863400995961,,,5.269797077304943,,6.113659627541869,,5.441364781258914,,5.230080460571295,,,5.841167741271086,,,,,,4.63304246139703,,,,,,5.159580199461782,,,6.3245626295589545,,,,,,4.875406223984184,,,5.419534064728685,5.520515366151314,,6.071278356361944,
PXD030304-Sample-150,,,,,,,,5.672044447848888,,6.230300642101961,,,,,5.776458410300814,6.120527587830526,,5.425660528287198,,,,,6.039971503941917,,4.853842286328975,5.810921539947175,,,,4.871860490204946,5.331332215739352,,,,,4.738659984849921,,,5.542512695825498,,,,5.727911198318925,5.236159195962562,,,,5.0257522436654885,5.990722075415257,5.727402011984173,,,,,5.88175186486625,,4.642630587222015,,,5.271738351809517,,,5.226465333823818,5.302417854923911,6.0666561750148205,,5.374166991313168,,5.635258576081983,,,,,,,,5.632108850101723,4.537787850785307,,,5.197379569993214,5.981682758302144,,,,,5.806879942953987,5.132716998222911,,5.092929833245867,5.612009158140747,,4.807680414224715,,,5.338765130001738,4.85535763185201,,6.292203370345092,
PXD030304-Sample-1500,,,,,,,,,,6.237160022664496,,,,,5.9832483390427305,6.303685803735178,,5.616507826814565,,,,5.204751237208452,6.451800433535159,,4.827476381282889,5.66994289910149,,,,4.5691665191420805,5.36839395125732,,,,,4.711142465111741,,,6.050396543409059,,4.590546774927104,,5.895659012954005,5.208315690245069,,,,,6.021291786932078,5.601589264344585,,,,,5.857550534381491,5.294072302359838,4.66405908460261,,,5.006275598821887,5.218307386787483,,5.1869875623504935,5.408945222379732,6.168597632323644,,5.224066065384398,5.48609858219572,5.744609448938954,,,,,4.7040310129501535,,,5.632309261421332,4.564375751444846,,,,5.673939726890597,,5.060146758218791,4.802346564640313,,6.395974961792087,5.432302728064341,,4.77337872649742,,,5.077110116533236,,,5.335102710993637,5.219666006865233,,6.137309741854705,
PXD030304-Sample-1501,,,,,,,,,5.9814823662647205,6.286920062382672,4.953935114676988,,5.956499486922787,,5.767647242414764,5.698344138080755,,6.07105172469077,,,,,6.299047221502129,,,5.3818451254942605,,,,4.917158376080279,4.52148018520372,,,,5.291394723260526,,,,5.750641615190119,,,,6.095174228130331,5.2758645685307295,,5.529675403390042,,,6.090742823931112,4.8168637995659855,,,,,6.017142817381214,,4.956919787439104,,,,4.98413246771774,,5.235691497471493,5.365075747064558,6.044837435230319,,5.543253040994682,5.82820389515427,,5.88514416820707,,5.343555559931674,5.308054917837594,,,,5.6599158383334345,4.636057791616311,,4.760457902091271,,5.717121823667601,,,4.855918044241617,,6.54129272150449,,,,,,,,,5.381567380189943,5.50271393972983,6.358327897813461,5.732086365060631,
PXD030304-Sample-1502,,,,,,,,,,6.128446281095291,,,,,6.1484598277381615,6.402281982017852,,5.632714053979762,,,,,6.400296369807856,,5.049023316181293,5.674552250863838,,,5.051507862416363,4.791555407770975,5.597297758231568,,,,,,,,5.637680471722613,,,5.322952042928883,5.881856614283302,5.323263755034233,,,,4.944246515061902,5.8880352087848085,5.701948575863708,,,,,5.793599906229954,,4.8275541798378265,,,4.913688355194024,5.144574788710749,,5.081813494051607,5.259205733172597,6.019833106720784,,5.471792692019853,5.705098678501275,5.555171325407786,,,,,,,,5.83168450911718,4.475980004288912,4.678589305991741,,4.818369528726501,5.89810367581809,,,,,6.282647332185312,,,5.06520972260511,5.518987711426768,,4.731388785504833,,,5.248800379557377,,,6.08033122890714,
PXD030304-Sample-1503,,,,,,,,,6.328459453283669,,4.9360816244824415,,,,6.024383809317019,6.280862539077255,,,,,,,5.4880490127541925,,4.868306383295012,5.748981375119596,,,,4.889172940970752,5.1969034591376895,4.9690362720473695,,5.157939685125134,5.311475665205811,,,,5.120580998242992,4.73439669355854,,5.765388808790834,5.138847943739378,5.4429041348493525,,,,5.06544922125318,5.970307144454811,5.63236533832259,5.562303944183614,,,,,,4.985036271885496,,,5.000659993070281,4.9728625744001365,,5.28336367609095,5.372641263102064,6.066044760576403,5.36929802413806,5.399311898057828,5.519013264258568,,,,,,,,5.164260618606104,,4.881627006892057,4.822300900365406,,,6.006087422970209,,,5.328975393872045,,5.658546826573551,5.125175715128176,,6.528484462210591,,,4.80602121639839,,5.928428389508719,5.399096420546865,5.682095086960781,,6.446033067717181,
PXD030304-Sample-1504,,,,,,,,,,5.959128290033855,,,,,6.097859765056057,6.439413789467801,,5.592368275519925,,,,,6.553874358315499,5.560513583113194,,5.454304970440913,,,5.199025757850864,4.621608814902547,5.432804929456389,,,5.180558852304377,,,,,5.621988607528958,,,,6.023417229121025,,,,,,5.761432878447561,5.39254056504765,,5.461369161553784,,,5.311252931703377,,,,,,,,,5.408690073712758,6.206941678181678,,5.3106015872553725,5.5226856618479365,5.808984077068578,,,,,,,,5.673671792708663,4.637174528966213,,,,5.714230364872509,5.320706453063598,,,,6.071146149739309,5.171295034501815,,4.869140952112155,5.677441631224277,,,,,5.380308551889087,5.2406358885202335,,6.335636549058428,5.122794018332093
PXD030304-Sample-1505,,,,,,,,,5.863100360414349,,4.819896623233283,,5.988734706412228,4.896533693077274,5.999810198856259,6.064314945101917,,6.169377902069996,,5.343678256577838,,5.408743791180148,5.95636025857665,5.789626404623888,5.47347303777545,5.390944178475735,,4.975404844208724,5.058922676686956,4.795579434977978,4.8763406102523295,,,5.054665156640455,,4.968194002865288,6.069037191274564,,5.918474491569906,5.110560316578492,,,5.534051633944703,4.844629684954904,,,,,5.650637365194944,5.7548062588880144,,5.950751021120361,5.141643417634636,,5.976948295247865,5.205018688141273,4.858418550605686,,5.173671319353405,5.228435604686192,5.164708583872119,,5.113741432818654,5.255160166775601,6.001496780548324,,5.511658369964016,6.014681568800457,5.073271982808304,,,5.685375776350535,,,,,,4.798536397695582,,,,5.907205516644567,,,5.040558038394427,,6.259318386034979,,,,,5.333664194624627,4.71258261641363,,,5.260623213714224,4.972823169296522,5.770053156697371,5.607135894651652,5.324569097461624
PXD030304-Sample-1506,,,,,,,,,,5.922529886558822,,,,,6.01444533736654,5.795515183039316,,5.254727768535248,,,,,6.3539137719404994,,,5.776747540075058,,,,4.888937381219614,5.451833307397933,,,5.142995951532639,,,,,5.647415805647392,,,,5.98916172102426,4.932396807024528,,,,,5.759399107227979,5.567828061732924,,,4.921710671249191,5.051734116358136,5.578733916220791,,4.926334002631408,5.2334005258152745,,5.05205705285668,,,5.182524449504009,5.425676047577229,6.141281077308258,,5.449557416772856,,5.775917132587666,,,,,,,,5.619849189901006,4.563968502079744,,,,,,,5.121643300184845,,6.252041608391469,,,,,,4.809319649512216,,,5.35686754122372,5.516626218206996,,6.292866013286568,
PXD030304-Sample-1507,,,,,,,,,5.864116867848594,6.133241134988767,,,5.72551048810506,,6.032175054529813,5.938983635933551,,,5.579058667621036,,,5.1611665899134405,5.949698433607985,5.445307753567368,,5.137012972407628,,,5.06205428694198,,5.345439552360319,4.833758484141015,,,5.1593199391671725,,5.574848005304417,,5.253282553494804,5.0976441532316805,,,5.881283847827548,5.693386894507087,,,,4.978062178460993,5.680039929888462,5.859608534775932,,,,,6.32629345803839,5.685380638275078,4.833723282833791,,,5.209791757326476,4.840395154753404,,5.099953627685464,5.253165045191163,6.0103851317205805,,5.398362290560513,5.880492533600619,5.05843417462831,,,,,4.940885737927162,,,5.527296681188871,4.503039152494406,,,,5.5750965783737465,,,4.714070627305739,,6.033954118147935,,,,,,4.698659494345527,,,5.536578700973314,4.951156177217187,,6.3009388987904345,
PXD030304-Sample-1508,,,,,,,,,,6.364687076287867,,,5.9849992173058535,5.116637881823567,5.760717076033022,6.041446897723564,,5.696792433979767,,5.570407478560145,,5.3352341313582015,6.288928241593426,,5.482043179276666,5.425639491282479,,,,4.745506475030608,5.47371791593878,,,,,,,,6.18433581526207,,,,5.2892165162289455,,,,,,5.889507214437231,5.36991971144361,,,5.051693394635604,,,,5.065645963554696,,,5.282405670952437,,,,5.523931341730728,5.604119572821043,5.46059527519081,5.609424131890764,,,5.702506103119026,,,,,,,,4.687736300327748,,,,5.837348518988979,,,,,6.496962896020321,,,,,,,,,5.481358093187519,5.220835206220188,6.49580233932169,,5.572137296645458
PXD030304-Sample-1509,,,,,,,,,,6.323219625969582,4.998955260254108,,5.803668443543039,5.104613448679206,5.775100452629455,6.438147188132625,,5.033850005205157,,5.217897145686054,,5.339671278534751,6.357013274261786,5.661643713917583,5.652042212184534,5.525484562884073,,,,4.666647915789252,5.540644245667715,,,,,4.872541799241788,,,5.956251022241501,,,,6.07922349748281,,5.387516604403297,,,,5.820785606345583,5.62727003688364,,,5.001558495332866,,,,4.994910152216254,,,,5.033850005205157,,5.288468335333463,5.461030168520171,6.014709401567074,,5.394704264613385,5.588920803175112,5.730229090790444,5.930739522743614,,,,,,,6.01605367202543,,,4.820597515326294,,5.769025573145213,,,,,6.55521021402188,,,,5.711296814637634,,,,,5.4544746417056444,,6.252404084559539,5.795015877319118,5.714341180633557
PXD030304-Sample-151,,,,,,,,,,,,,5.443368621581914,4.9020180642658335,6.228202157437705,6.253118141763487,,5.878331148273692,,,,5.152247864121265,6.348610186252733,,5.388633117736172,5.708553096238839,,,5.074328465350272,4.504910554359541,5.417026374264151,,4.97048511769898,,5.1906383928039785,4.969700096002833,,,5.580617792332204,5.126779555400099,,,5.979883835818117,,,,,,5.92635964037649,5.726206811056897,,5.387999392424423,,,5.987601675104949,,4.498517886807767,,,4.922431617663401,4.873201173825422,,5.1180484295764215,5.289514970891638,6.0356269066816495,,5.190629314689574,5.426519484619165,5.575757835778547,,,5.240663239119519,,,,,5.555230578041177,4.475261165153384,,,,5.917300690158902,,,5.055210520751461,,6.341347621938985,,,,,5.02628396509615,4.724388399869033,,,5.26425075911338,,5.776565217605072,,5.32728920308865
PXD030304-Sample-1510,,,,,,,,,,6.243047876020479,,,6.16519047694535,5.006529184181869,5.497583360435678,5.991647747781869,,6.175055207141087,,,,5.252043038377983,6.295281966518809,5.559142968452642,5.575587391167633,4.879247624782634,,,,4.900458652550942,5.339716660363546,,,,,,5.701506555923479,,5.925189483265936,4.754444080567848,,,5.762712684378659,4.960005305451314,,,,,6.172690440870035,5.623473881613551,,6.049102272689295,4.927672095361025,,6.155870774120745,,4.678386498513845,,,5.01611806179929,,,5.214944776772553,5.349223159137969,5.996061020607432,,5.366231574686336,,5.795126080478487,,,,5.288733117681116,,,,,4.877187177018759,,,,6.005236245376729,,,4.860071628144246,,6.403582767113372,,,,,,,,,5.362897122448536,5.589216225568644,5.885819206378988,5.720225205909056,5.447302479619996
PXD030304-Sample-1511,,,,,,,,,5.820741102150137,6.118229845334493,5.097773354253465,,6.026959145583846,4.856050290943923,6.234123131180463,6.05942380258937,,6.247183181921452,,5.31929584073221,,5.140339611346377,6.111593787817167,5.726870157067329,5.045778414105909,5.459495235378695,,,,4.791296275844499,5.506283822261474,,,5.03705237782818,5.139142331982467,,5.575897733790603,,6.000453552308418,,,5.624994692241615,5.881010330257415,5.434963247120377,,,,4.935228997957768,5.541457031326342,5.814708160810338,,6.01680710762704,5.139373891967701,4.957378383409,6.1847444085084415,5.180899372277373,4.809076899339348,,,4.895194577074963,5.136610358197254,,5.067751540977426,5.28410887892851,6.03162038430074,,5.1754451695516765,6.09103870874605,5.059064886661438,,,,,,,,,4.758865943166069,,,,5.880732268185724,,,4.716430137494866,,6.2720480381784665,,5.252123920384394,4.686709349509042,,,5.00539804446501,,,5.229003924059,5.572594131290559,5.733054691436075,6.177348381558684,4.978729680314771
PXD030304-Sample-1512,,,5.874367720284112,,,,,,,5.874905594310632,4.858541987802172,,6.082175265804782,4.928968021168767,6.273714419287245,6.144136656183981,,6.340549269414293,5.6852446878238325,5.566779677925962,4.5745126834313945,5.178083725640766,6.389595649958956,5.799651090972661,5.294313104139179,5.428417309298808,,4.993991779461695,,4.5490129412366365,5.486222077594656,,,,5.518452306962174,,,,6.089984900390725,5.283832038737592,,,5.945383835061014,,,5.306356459417969,,,5.901699836975127,5.812941983498862,,5.675941531794173,5.174823215212695,,6.138659433654432,5.548733334203346,4.861049127550804,,,,4.897106383153929,,5.132129008225407,5.295800924465049,5.848863050903971,,5.346170717805328,6.048929098170701,5.605461219844068,,,5.249164369605205,,4.684498290272486,,,,4.816097718191652,,,,5.94790677122506,,,,,6.253452513584595,,,4.780255373645192,,,4.746863682683523,,,5.581404118672276,,5.78427003088811,5.645475029960643,5.058422403706197
PXD030304-Sample-1513,,,,,,,,,6.2872883998799605,5.944149648912274,,,,,5.995073372838051,6.069584984194277,,6.421814872261308,5.726902549498896,,4.652710313969689,5.206535362344979,5.81290720817959,,4.903439567058223,5.374528712106327,5.823078518906482,,,4.912766646931546,5.294714067729687,4.979235611854772,5.073272692943806,5.66391178710568,5.595998974949131,,,,5.307242749438359,,,5.567392151575716,5.470804241099348,5.287120782824587,,,,5.162612175596321,6.062748765198046,5.673696247272199,,,5.272458272792683,,6.101285163508551,5.320172949624865,5.040746339872786,5.836322446521177,,5.087054742658377,5.281382021735447,,5.414051921738856,5.326667461861683,6.026700949935098,,5.343090100766144,5.825679812794101,,,,,5.297177012639355,,,,5.981284161473878,4.882086893935523,,,4.935886833654652,6.018968880347837,,5.409953053282093,4.841761313827662,,5.9792141377639485,,5.380321894075723,4.8486582854714815,,5.135135386962861,4.817106945893861,,,5.36252887959764,5.519921256137691,,6.443835123340973,5.125150808175234
PXD030304-Sample-1514,,,,5.9054983323383725,,,,,5.890407179334376,,,,,,6.070644734364367,5.718993757259687,,6.284608590084424,,,,6.066339030315935,6.18556409128163,,,5.792100636875161,5.261575716957631,,,4.838315183881504,5.055293891879913,,4.9853721162076745,5.599644152324073,5.7045669267601085,,,,5.16924167664389,4.6813751163140624,,5.429964434832524,5.700796930709461,5.60991780567764,5.258753501397471,5.337551136823821,,5.110360871904544,5.947407366414727,5.792757040628395,,,5.198009094729048,5.795486434401871,5.719037670694265,,4.912641426651394,5.782055151933585,,4.968967334126156,5.212129091724087,,5.20041433296663,5.273639393129211,6.040486596988924,,5.4456643572878125,5.929929425556036,,,,5.5557106015696425,5.232045035885891,,,,5.60219032801229,4.562596513409177,,,5.166853859151348,5.954393140716853,,,5.275666409806363,,5.591115036107807,,,4.762200275405571,5.585176676493947,,4.771028950506488,,,5.302936427555597,,,6.5173437764111695,
PXD030304-Sample-1515,,,,,,,,,5.876259268915367,5.83961993806508,4.830566085587757,,,,5.909846127463164,5.668823309681792,,6.508824759966444,,,,6.08100225378458,6.104690596288169,,,4.822721087588087,,,,4.522167106090791,4.702525668697939,,,5.549510040919235,5.17727721951745,,,,5.432459714044059,5.127747804773644,,5.365786275719984,5.84387722945127,5.189446550303191,6.318306600630873,,,5.284486660175754,5.9211152083068255,5.912721151400985,,,4.825474754831395,,6.1216146027302765,,4.84048307921633,5.450796761402439,,5.264317877006413,4.862642146637967,,5.22063089011266,5.5399156510361705,5.667831943426625,,5.147118159868629,6.112796639183612,5.385673676919323,,,5.692193680914264,5.200279068586041,4.668596671998569,,,5.557661956912716,4.498727383260956,,4.677382161195482,5.314759289464177,5.907868913773895,,5.612812665424025,5.226358772505479,,6.172769387982072,5.0289584641510485,,,,5.028676875721331,,,,5.267528143327895,4.773892498046448,5.745073154794024,6.420613783124544,5.001116857603427
PXD030304-Sample-1516,,,,,,,5.710796362764642,,6.279954619427711,5.874279143681712,,,,,6.005423933339135,5.892052452541703,,6.387255387685052,,,,5.749032556864196,,,,,5.738444547910633,,,5.025481481349512,4.435547586331104,4.90135982163571,5.074009994358572,,5.693423233248212,,,,5.067959124082182,4.9724859721008485,4.57413582065534,5.702388819319824,5.692109719544932,5.595572229767484,,5.819310397737663,,5.347103554963546,5.633780001207382,5.704605237759858,4.575400469964932,,4.866699164453732,,5.256060796223551,,4.9165955017779615,,,4.939462643681912,5.21251495883396,5.347547894501924,5.242693434302034,5.943568489392278,6.025334204681048,,5.435342949123824,6.310118392497252,,5.480781521212326,,,5.535429876986622,,,4.800291948610392,5.900220844103326,4.812192085099741,5.038851333636762,,4.863151606687035,5.966623465248404,,,5.272574630833696,,5.904182582408435,5.0668321623596775,,5.08567229857531,,5.074551060206791,,,,5.304482030031587,5.191676839342361,,6.505635089557833,
PXD030304-Sample-1517,,,,,,,,,,,4.89637331696124,,5.806058787626387,,5.844031502482436,6.292359497708519,,6.053407081438086,,,,5.257088607075612,6.127608504504115,,,5.790187719614512,,,,4.596684445543886,4.465600889784743,,,,5.252504680343067,4.735606029356579,,,5.447509523001231,5.003052427519414,,,5.819701334906283,5.402518822155288,5.280439776290215,,,5.3351787503168495,5.906392516796494,5.486214697466158,,,4.883366488487355,,5.979856731086084,5.2765059511236085,4.891625719797674,,,5.36413807163135,4.939008007267027,,5.165006335573535,5.330534037326258,5.727162630769858,,5.419129836596053,5.957838248238203,,,,,,,,,5.602137210290757,4.572910663071682,,,,,,,,,6.181221370246757,,5.328510249922555,5.107744234975954,,,4.779853285369928,,,5.335242415709361,5.466641445112746,5.838110437450318,5.676179079217948,5.096617785308478
PXD030304-Sample-1518,,,,,,,5.7019044761711575,,5.872150351859365,5.859793151933929,,,,,6.126236454863909,5.520362954248495,,6.195863054155031,,,4.557947341189025,5.420033584947744,5.373846833480241,,5.085555847266386,5.892723919377082,,,,4.525936933731854,4.420248208140046,,,,5.204505830610465,,6.092961897363324,,5.644467633967677,5.379703271991433,,,5.550602936493145,,,5.323671423326323,,,5.924301516445927,5.697036551596964,,5.682422859438817,4.913419093967517,,6.013804858720733,5.242368448285877,4.861717188415986,,,4.9328113150539625,4.880948967620398,,5.118297847020647,5.2695834646683934,5.815268265752792,,5.277526408178578,6.290075049606516,5.585782764635393,,,,,,,,5.558249201589993,,,,,5.936883536217036,,5.016777638496475,4.770567586307287,,5.972417084372813,,,,,,4.766419582610926,,,5.291564974837336,,,6.328658035944489,5.034759341257454
PXD030304-Sample-1519,,,,,,,5.750663215829916,,,,,,5.209819850832895,,5.864092774219281,6.270926738145327,,6.164445062630158,,,,,6.352074820086216,,5.167602887765535,5.175269025240239,,,,,5.398461950586968,,,,5.287696131784241,,,,4.993844719915789,4.722170438983626,,,5.927003096644804,4.955795898491371,,,,5.03998141380396,5.952212426565155,5.536313364073751,,,5.225703437469179,,5.980885649265034,,4.905037297833693,,,5.314127008342714,,,5.207990989814403,5.628004078152409,5.815147727123391,,5.374981209543005,5.488216149109315,5.467690053171846,,,5.332286485313571,,,5.6947860036219575,4.83936218684599,5.625944533725758,4.589839169162456,,,4.906777323984801,5.9960000698426565,,,4.838671223577417,,6.427101008966023,,,4.8350257917142985,,5.097159326459537,4.845045629570919,,,5.363585964326131,5.263906459232802,,6.298095579239974,5.397894548581576
PXD030304-Sample-152,,,,,,,,,,6.230767984105865,,,,,5.485507073069869,6.103606851053561,,5.655776428136506,,5.140995406591229,,5.489430425240238,6.199636972108509,,5.165785566838318,5.888223098403327,,,,4.607604967577502,5.612870038896522,,,,,,,,5.563133226832262,,,,6.003378582696697,5.249600636718908,5.605783117006702,,,,5.647606729901372,5.309948850542417,,,4.918517430373584,,,,4.921343982549724,,,5.087775684406477,4.950321127650687,,5.1877249507274135,5.392452505426588,5.843154465282966,5.309214578629605,5.36176380759747,,5.169197728028959,5.531176661907496,,,,,,4.844813206782646,5.627698773289352,4.631175883691931,,,,5.997864447614431,,,,,6.1876181084829565,,,,5.633452052456733,,4.826161556223522,,,5.384032314549551,5.776266100121782,,6.303840104753119,
PXD030304-Sample-1520,,,,6.055632146892553,,,,,,6.393789482742739,5.055826705815586,,,,5.615053136717778,6.275809401606068,,,,5.291394208392137,,,6.339834678720715,,,5.445337449029514,,,,5.031383586015015,5.705722426225262,,,,,4.912481736198421,,,5.718590426246716,,,,5.742925878734288,,,,,,5.776594975522948,4.605285396971005,,,,,,,5.110169586209763,,,,5.097011506136692,,,5.497121745705774,6.069732103725666,,5.6307329341624,5.641087626753964,5.597556381276183,,,,,,,,5.757897307527144,4.699859929183626,,,,,,,,,6.194382091262475,5.25936145579191,,,5.757974527723663,,,,,5.4672241025006505,,,5.859954591760839,
PXD030304-Sample-1521,,,,,,5.680976421302338,,,6.269049852106898,,,,,,5.896569164934204,5.379903666789214,,4.968120586855895,,,,,5.430635511858646,,,,,5.642139224704263,,4.864192416153129,,,,,5.5526226440931765,,,4.677259565102193,5.698260001789092,5.017400365419975,,,5.445816574602295,4.924580924276282,,,,5.341057485240311,5.9571360247911445,5.757737611822188,5.531285069189559,5.427746908341464,,,6.232819121464393,5.292834512136181,4.910185870860348,5.202072896090809,5.237934892591736,5.322132500649847,4.936138423190321,,5.2587362027622735,5.295628652079747,5.788024662934546,5.288107184399573,5.386380897470499,5.499837900311785,,,,,,,,,,4.631967786774736,,,,5.973720523902785,,,,,5.312010298001848,,,5.91996080232326,,5.102751777169575,,,,5.62252125984908,4.860978828216836,,6.473105705699697,
PXD030304-Sample-1522,,,,,,,,,,6.281989530398001,,,5.874342564525308,5.053875793282383,5.6086205225297885,6.2678107138091335,,6.159996328863974,,,,5.740146912042778,6.32170376706368,,5.2165737220993815,,,,,4.630728732933072,5.3859255365805865,,,5.695534743366095,,,,,5.911421856917222,,,,5.970511403433645,5.019826454288478,5.346527630211343,,,,6.218117658775651,5.210130373036265,,,,5.615441901989015,6.115564710371326,,4.991808151012999,,,5.044088164263909,4.995733447797371,,5.242813423071715,5.37787924812226,5.8305467477883495,,5.435879363597151,5.539440590978987,5.522126724454145,,,,,,,,,4.646067852525315,,,,6.044512418023554,,,4.875542416310813,,5.43603900613397,,,4.889193480058489,,,,,,5.413273503905297,5.249437643944314,5.90383097890001,6.040654819296661,5.266936730208274
PXD030304-Sample-1523,,,,,,,,,,5.895672159768395,,,,,6.187334649315554,5.862249414049674,,5.962532708592207,,,,5.760208593885608,6.325066813256322,5.809731247129237,,5.546876129166753,,,,,5.154191474908559,,,,5.22916724043193,,,,5.675254920934591,4.996170883513386,,,6.013663586165539,5.207505972317852,,,,5.011107330853172,5.964088873728192,5.770358193743075,,,,5.042052345294567,6.34336727465684,5.566494952492745,4.599399414306054,,,5.285485061353278,,,5.1737598525374375,5.321610172194805,6.170268205599875,,5.237594041432422,6.167085439464016,,,,5.562083423683334,,,,,5.593103049677136,4.577620259268699,,,,,,5.043889351157949,5.52288998089642,,5.773328029587328,5.09369158674756,,4.772686918141185,,,,,,5.313472777774972,4.836678089527083,,6.440278567010963,
PXD030304-Sample-1524,,,,,,,,,6.03322077930186,,4.950655027494952,,5.221170608462292,,5.500166233813458,6.050463575770095,,5.824178655782413,,,,5.499750926063436,6.199553801306873,5.572905613655732,5.182290820917412,5.955595038670035,,5.08819771982824,5.176096403851538,5.092561212970569,5.40761162338454,,,,,,,,5.729515132386126,4.735036410956335,,,5.752886434016296,5.449342779662424,5.933893164598297,,,5.380844490683597,6.0574315668337,5.555933883410264,,,,,,5.319952569394374,4.991381005576079,,,,,,5.213911850823645,5.644964589383896,6.017690475831596,5.357492024822324,5.625302328240029,5.501415016320155,5.179151086855323,,,,,,,,5.95496781014542,4.62207557953465,,,,6.023477262785514,5.294286506132564,,,,5.680825657897669,5.152313258402131,,,,,5.116595518906364,,,5.3620302631583,5.296704063703031,5.871365743311755,6.433483567894571,
PXD030304-Sample-1525,,,,,,,,,,6.182614063728396,,,6.132642079693937,4.934458641115389,6.15763000610694,6.225708510421694,,6.419139205815112,,5.08536460709842,4.565988978525362,5.176045536933058,6.502961190826617,5.4881282523105375,5.287282810489992,4.813826391213079,5.736867790183718,,,4.826866099296915,5.475345938347925,,,5.390574490501453,,,5.625349048030942,,5.949306393175055,,,5.371392532137054,5.991040381293492,,6.095813730141884,5.300600818718347,,5.284078912393776,5.919875338042433,5.800857694016259,,6.001683995877801,,5.0016341282283685,6.077694964618461,5.237540117551407,4.572199868553013,,,5.277348544731444,4.888071711320597,,5.129276130897725,5.238851419494347,5.498416303802013,,5.324821377839513,6.137136080884459,5.40732076585621,5.781794503991623,,5.538472461580242,,,,,5.564950229370213,4.491992925611329,,,4.846414367584179,5.622405285013131,,5.034653676192888,4.762808337621564,,6.410312114731288,5.071428461733116,,,,5.346356971252328,4.738502511371281,6.006723381234666,,5.580275612182231,,6.262073274819903,6.24412626804331,5.068141678178349
PXD030304-Sample-1526,,,,,,,,,,6.202814174586703,,,,,6.21537612233206,6.084453254921277,5.651526858745305,6.061910332931371,,,,,6.288723496988158,,,5.347907656339888,,4.994357819269839,,5.025243709713133,5.30154153663678,,,,5.209488681213403,,,,5.275300269037157,5.171520073344703,,,5.706347438913848,,5.255456042572335,,4.773086401549388,,5.6241251454466905,5.677228726029085,,,5.1923058196108105,,6.202878858867251,5.261335425122074,4.864111775293341,,5.517859095217055,4.9760717479956735,,,5.1941957373231045,5.3310078465952015,6.20087585220049,,5.316178098853624,5.758498368911906,5.127799034827486,,,5.742254703075534,,,,,5.584594809564203,4.524842221673176,,4.684025449731695,,5.652012503435044,,,4.778698021170507,,6.362528113332047,,,,5.583336571595368,,4.791368644598701,,,5.2878302355047015,,,6.438533037873708,
PXD030304-Sample-1527,,,,,,,,,,6.215614513513505,,,5.904574215484804,5.0358456124729365,6.158155689189528,5.721157437791066,,6.474039356433289,,,,,6.455686397978601,5.8364926872162695,5.150536174884845,,,,,4.868077066293387,5.523125359807908,,,,5.239212391951205,4.7272160212608645,,,5.779191748498844,,,,5.607586398058681,5.230320221430666,5.280603792914056,,,,5.979286095610679,5.679133428959244,,,,,5.74914444605098,,4.992683849335427,,,4.983303528049388,4.93224723485434,,5.175451554911443,,6.092474690190511,5.298560094327216,5.321607113820666,,5.149976096518626,5.512856364106128,,,,4.735868806790007,,,5.613847742799728,4.842088856673734,,,,,,,4.826326228595258,,6.391388648675841,,,,,,5.0905378578197,6.05631587749962,,5.335685698599513,4.966503937872351,6.315341026842309,6.285802277281277,5.843606997247221
PXD030304-Sample-1528,,,,,,,,,,6.293235418557137,,,6.149384021384888,5.042090840893778,6.024744796682651,5.972792965618621,,6.498863287767557,5.746483127581611,,,5.247711104437154,6.434215698727249,,4.9362502337165655,5.345557508677492,,,,4.637338658156542,5.3990405795647884,,,,5.329462000698228,,,,5.689487157067063,,,,5.202452892034859,,5.36537926912181,5.4547780969195,4.917132631858898,5.107713108540442,6.036837942900328,5.639261650464729,,5.481884838193247,,,6.323424954403524,,4.993746859672252,,,5.081636048701034,,,5.276942359756096,5.425304490542205,5.693325955461191,,5.31391849732618,,5.2274206369610345,,,,5.3345738666038605,4.844818523051103,,,5.686377788026186,4.6368099853647085,,,,5.7661997488948735,,5.143724628641891,,,6.1987021210272655,,,,,5.18541960317985,4.861741033909367,,,5.402601089749653,4.89101297114279,6.216567049382368,6.243889699516525,
PXD030304-Sample-1529,,,,,,,,,5.93005736632224,6.199389201309403,,,6.086166004525218,5.022695259628462,6.007694274736316,6.291140255130788,,6.446936215693364,5.680105086166531,5.102656321938872,,5.2484787985729975,6.22272055076031,,4.809251112831746,5.321044942290841,,5.006469291254574,5.110886132478159,4.854327888402305,5.494802150187,,,,5.209107617282254,,,,5.869626710542094,,4.579880034785164,,5.114885917583735,4.903006824396122,6.22738999020031,5.36277674516442,,5.312938570131783,5.995650480463053,5.742095951594781,,5.878990269005724,,,6.259931142633694,5.26616119628904,4.8935487573519305,,,4.980632272113997,,,5.172653771747831,5.246765568784154,5.4293278757586485,,5.551026893518928,5.756129870367986,5.739917010696794,,,,,,,,5.595223319261217,4.830700351639407,,4.682544250423032,,5.947569246013668,,,,,6.20647103223106,,,5.249661651643155,,5.372884954862792,,6.336738510654705,,5.3031651339284975,,6.288236644093754,5.673714326539743,5.582177554140439
PXD030304-Sample-153,,,,,,,,,,,,,5.612483675149281,,6.015701980743453,5.446880698263702,,5.038444727034694,,,,,5.703960580204064,,,5.368444677515373,,5.11296577494954,,4.65180220229241,5.042621160339464,,,,5.367412357000723,,,,5.592773588310421,5.111625584665117,,,5.207932025408686,,5.374885213679126,,,5.134970158811363,5.832316484858784,5.884450785366601,,5.490311045486242,,,6.230708052844976,,5.007989929692879,5.298204852032712,,5.107031767582524,,,5.310002628889307,5.439016794814905,6.109313329437924,,5.376270170740804,5.568912522678068,,,,,,,,,,4.664007783974794,,,,,,,,,,,,,,,,,,5.401061435547849,5.748880697843468,,6.266669438809045,
PXD030304-Sample-1530,,,,,,,,,6.215806520383367,,4.882019268981575,,,,6.172214126016261,6.161548622960936,,6.394327031428562,5.648011134360276,,,5.450548269461968,6.329430787073742,,,6.053129371534348,,,,4.845212601838383,5.3610036857987,,,,5.53164840057107,4.721059667540655,6.132758749470648,,5.909747155180184,4.685328655502535,,,5.704177550857245,5.386484035885194,5.263098928382101,5.320903959690187,4.777689828243541,,6.02481328745094,5.807416381015523,4.597261490969797,5.4396768464107295,4.878068250674967,,6.211117961998042,5.562745096483096,4.89509956195429,,,,4.912849806501984,,5.188387678753267,,6.0150184892237455,,5.252604776012172,5.952734863408542,5.443800171903923,,,5.74019501655516,5.238275344657069,,5.661951378370308,,5.593713583305083,4.53950812674567,,,4.870027668610919,5.953228947151222,,,5.097605553545847,,5.907209397547308,5.096590957875249,,,,,4.76300120358397,,,5.308465463040782,5.328526323141774,,6.26774891986318,
PXD030304-Sample-1531,,,,,,,,,,5.881834656076124,,,6.091434432743027,4.939664621703406,6.080875231265852,6.12329800952226,,6.348893660838687,,,,5.17425727680565,6.460247750073672,,5.108831005900569,4.832178766747775,5.738020918844662,,,5.016643773543528,5.595911420283982,,,,5.226576935599984,,,,6.024610689673635,,,,5.698394059905199,4.8922278091468,6.2683345664347,,,4.997979316419738,6.096108995867784,5.759866530275207,,5.687024681668563,,5.032621781170505,6.456250042056714,,4.876238800231819,,5.206955742067902,4.995479895686267,4.909663017940749,,5.149937174247052,5.272172140439278,5.75092232663182,,5.411113794566647,,5.134678574589555,5.485163454205087,,,,4.692383970012021,,,5.581462290694156,4.822394281806553,,,4.861198498081971,5.952831279192573,,,4.777205483412339,,5.990150460605505,5.067918975996834,5.308547689523377,,,5.062025369863806,4.755933675365613,6.01074897330286,,5.301971351501342,,6.092865249414317,6.250385491354732,5.376115288305578
PXD030304-Sample-1532,,,,,,,,,,5.927011838772823,4.925543832621704,,5.921687042632552,4.993752139240382,5.90136843375196,6.1293001771803866,,5.953945774825501,,5.618380385119641,,,6.265189703991096,,5.160368356493844,5.882409177979279,,,,4.587533428442339,5.496410445392119,,,,5.285859969098544,4.745894856898216,,,5.91035888312849,4.729706305021609,,,5.840428144529123,5.42809985026451,,,,,5.765638463264846,5.697785467530346,,,,5.666674526275472,6.071532747928335,5.299102911533846,4.917849435805936,,,5.06914011781993,4.9485368958605545,,5.1958414302523455,5.344419399353116,6.238374588876303,,5.521185053378691,5.488351420278008,5.782200397890006,,,,5.279860055000825,,,,5.630339439422986,4.875696293361345,,,4.913861571265764,5.991079023391699,,,,,6.123609073407442,5.120912931034678,5.371845156455043,,,,5.107253223247328,,,5.34760187492998,,5.841881434758166,5.701547866886961,5.486168359651671
PXD030304-Sample-1533,,,,5.917415234575367,,,,,,6.219525715281597,,5.564870262439888,,,6.238777716205926,6.139905230049722,,4.940529909400125,5.6772617536355545,5.135852014330204,,,6.352918275255156,5.524198400877795,,6.033512696147973,,,,4.587749319235816,5.32954273419845,,,,5.262942697589051,,,,5.579883273406354,,,,5.981053684173359,5.534628629155285,,,4.817865444831876,,5.9951778292256925,5.735129130817042,,5.465319579470831,4.896389852563139,,5.894672070891881,5.288225759352234,4.642621846754588,,,4.995157377528571,4.938478986608245,,5.206344855573289,5.336968638008215,5.810649899252337,,5.305265743378353,5.789622486857396,5.156057930885198,,,5.287720744174666,,,,5.333354867208728,5.632998521946045,4.85708295449008,,,,5.672687726888534,,5.070876764872983,,,5.92572328020909,,,,,,4.809598068852172,,,5.316328910912393,4.896911004460636,,6.542437017619083,
PXD030304-Sample-1534,,,,,,,,,5.932054728682589,,,,,,6.212918381815694,6.260860535041875,,,5.677840949943413,,4.606711490827512,,6.011872434578331,,,5.0798738452888,,,,4.849357656212838,5.542601995279202,4.907242779052723,5.001046420031553,,5.286437898084826,,,,5.174114805533847,5.180203350240495,4.597732883250176,,5.097716745814868,,6.058456505750911,,,5.341081568254601,5.959749467939293,5.787141536436127,,,,,6.167810862913062,,4.972126042516515,,5.219508576391157,5.288693811123448,,,5.214246206336475,,6.051742313850042,,5.461058202687503,6.072049554251677,5.136622963922142,,,,,4.703265064988652,,,,4.577291143453128,,,,,,,,,5.923913474431975,,,6.420090236101502,,,,,,5.3348107401937135,5.243057804150518,,6.295131868390336,
PXD030304-Sample-1535,,,,,,,,,,6.260325616581726,,,6.025130812801216,5.01443455030351,5.957143507367368,6.001861941397127,,6.021127229116807,,,,5.262923470217436,6.396948105189263,5.575836611848062,5.49344521542891,5.515107802968899,,,,4.919622745631732,5.669325866056884,,5.056960313629965,,5.293663446444828,,,,5.715419282435123,,,,5.8680536005756805,5.26879369743992,5.8018557316787,,,,6.032553105488819,5.60216431884725,,,5.286804923790312,,5.790848460157316,,4.736873948336048,,,5.0576663306569865,4.9762978137538,,5.235326090975311,5.384801382419546,5.924328589970977,,5.336145000964418,5.513938004066859,5.49396557897912,,,,,,,,5.65160516269336,4.889967724161445,,,,6.022605979988419,,,,,6.323511986817099,,,4.870591931149431,,,4.877084986751586,,,5.397654947020051,4.929146561242839,5.898837948218032,5.717466828208992,5.496891087588923
PXD030304-Sample-1536,,,,,,,,,,,4.930261645657767,,5.271757159784096,,5.988528014911469,5.961844909422563,,4.972795305974386,,,,,5.867589220817717,,,5.474231768593477,,,,4.913053978729065,5.112250671997655,,,,5.296071331044433,5.08428036393064,,,5.374540464177653,4.781103238488542,4.631452469728967,,5.462049197115829,5.260028615649815,,5.397111523558912,,,5.985957220122334,5.742058334530953,4.64407273912562,,,,6.099546234963076,,4.969700134556719,,5.285347269245202,5.0351061237931605,,5.417826045629205,5.26272037053186,5.391509053754602,5.985170721324867,,5.32780919971009,,5.485179685025446,,5.244949992533681,,,,,,,4.601420809814084,,,4.922774346415991,,,,,,6.385160734989714,,,6.501952259390476,,,4.8159503270174495,,,5.355119643677616,5.257317308819845,,6.580816299324527,
PXD030304-Sample-1537,,,,,,,,,,5.896358017365575,,,5.189337487171652,,5.867843183619333,6.356970019061219,,6.289823898232322,,,,,6.3643985595568,,4.833117123935807,5.373988528885067,,,,5.033719871162738,5.461946472976249,,,5.600186683653767,5.525839961551734,,,,5.916561112629589,4.68782325549092,,,5.817477613942629,5.771407236005004,,,,5.054393323259832,5.644838223014261,5.70902096960557,,,,,6.158743941844353,5.293639990426982,4.869211993063266,,,4.960952850363095,,,5.221531134651149,5.561310473171321,5.965890327106731,,5.3388833674934695,5.490500360011878,5.133541800278949,,,,,4.731416122831688,,,,4.574881599288007,,,,5.661414624952775,,,,,6.083365720316872,,,4.788609618532354,,,,,,5.299793751631015,5.373438068559805,,6.14829415817516,
PXD030304-Sample-1538,,,,,,,,,,5.933914541788389,,,,,6.053937631303255,6.208210826085315,,6.005282828578223,,,,5.252910651771389,6.153605442061465,,5.157610222155354,6.228450683908011,,,,4.599917861043879,5.103472904695493,,5.058675131456488,,5.267804806041077,4.7552473655991285,,,5.517767531754991,5.219600515118674,,,5.617856708404586,5.654678265031841,,,,5.368393591857327,5.63762474713868,5.580384537876953,,,,,6.308554029066537,,4.931764482497017,,,5.016314816337265,5.269591504803977,,5.243541879661297,5.341047632776293,5.848649967256311,,5.235955780229595,5.9899316149762125,5.172827098803042,,,,,,,,5.636675009697116,4.605759396473969,,,,6.006282631733363,,,,,5.367740258451741,,,,,,,,,5.350899438194841,4.868707451934032,,6.408406383531754,
PXD030304-Sample-1539,,,,,,,,,5.946911339883626,,,,5.533215643982608,,5.947616079793148,5.910823794273281,,6.088375165816718,,,,5.527586436077905,6.133944182486342,,,5.619412052978325,,,,,5.416726223045018,,,5.16645852184669,,,,,5.984561255697426,4.738962085800879,,,5.935113629126239,5.257039588675898,,,,5.058753191923577,6.094394961143332,5.595934181356915,,,,5.991652153426092,6.366840105407658,,4.90954771295238,,,5.359283724720032,,,,,6.001783235910501,5.316334672734199,5.580093834319996,,,,,5.615980366021467,,,,,,4.570811431750575,,,,5.7003561688787885,,5.09838695997323,,,6.41365408185543,,,4.8210885983124285,,,4.8153059264679205,,,5.3714642015730245,4.924257487801814,,6.55634413021798,
PXD030304-Sample-154,,,,,,,,,6.21807142180555,5.896283483305212,,,,,6.273748901956321,6.161737408547855,,4.922004226686461,,,,,5.419157767009371,,,,,5.625063223867781,,4.854313570224001,5.4203494600510655,5.207973204753796,,,5.26236905034251,4.719571000159104,,4.960748176901069,5.68103079768233,5.2989721326762185,,,5.960266804131971,5.389761040249534,,,,5.040906048389569,5.936258578256548,5.853297443937371,5.0778445245957045,,4.885091459318128,,6.315979756148197,,4.5924382925323055,,5.2223087818901455,5.2648794612576255,5.220086087321128,,5.162022185116176,,6.23993891855474,5.309564607348981,5.271565452465094,6.31512308448802,,,,5.26809152662721,5.252010030588562,,,,5.602927838590319,4.553065021283623,4.7690929556295,,4.875527471814646,5.962156404384629,,,5.277363675087295,,5.780497147974154,5.102286345553266,,5.485532376055057,,,4.772817460762745,,,5.611338830648615,,,6.527163850038439,
PXD030304-Sample-1540,,,,,,,,,6.348806167644608,6.324191566395502,,,,,6.025949593350278,6.156739904731071,,6.457497601770109,,,,,6.307758119209585,,5.432480285341288,6.267437476452658,,,,4.981261428155046,5.278439580894718,,,,5.351055622018384,,,,5.63663231975465,4.807644710367298,,,5.522284161984088,5.525145351808451,,,,5.144515958341054,6.0972491638914885,5.631909922253677,,,,,5.998604295277923,,5.03283050277073,,,5.080756773455291,5.0315636484999136,,5.442572093232297,5.368678365158381,5.723918285175987,,5.309919628600992,5.588756503713486,,,,,,,,,5.711293723850456,4.673035536822336,,,,5.766173092322333,,,,,5.753435842132764,,,,,,4.902143217875778,,,5.413098017378561,,,6.093359768831446,
PXD030304-Sample-1541,,,,,,,,,,6.178754258704348,4.868851325248711,,6.090391599834116,4.92689867239528,5.33610763079662,5.891420315034415,,5.384863232758372,,,,5.746506694551584,6.097722593331453,5.798876616474516,5.2934454291404816,5.312875713356483,,,,5.019922492326483,5.444613820241277,4.888164719781844,,,,4.692102383399744,,,5.512949130962724,4.67007397463854,4.565767211791095,,5.793130674792452,4.907335541944008,,,,,5.966634050550929,5.586190032775317,,5.6878818240272135,,,,,4.928315277159044,,,4.997617884498333,5.202862296086537,,,5.605604739081865,6.111064603718107,,5.361884048489336,6.058471953127418,5.604620953736933,5.780667560156472,,5.261651694268338,,4.695071460744219,,,,,4.744682132489494,,,5.953215123173517,,5.761454737821972,5.0766230044564695,,6.299602039954667,5.368954081911214,,4.7718041261250725,,,4.746739743862776,,,5.316304711336844,4.8562947109981,5.790654051284881,6.124974330251092,5.392023523716352
PXD030304-Sample-1542,,,,,,,,,,6.175901950698066,,,,,5.930316457276501,6.100988823035442,,,,,4.574190662211585,,6.32197797409578,,4.783182316530025,5.107381220742802,,,,4.820568277113283,5.744617160548334,,,5.3946845645329695,,,,,6.03283461762023,4.962087384340802,,,5.9364498781736375,5.476939217603586,5.855551859251444,5.614351862993708,,5.274943557517551,5.587937889940097,5.677804752948178,,5.844147013211068,,5.775728965393137,6.142866988795264,,4.840244173880723,5.163262378931217,5.184472546096966,,4.89387505494016,5.321650889928244,5.137915395494874,5.69844059315031,6.076946639376026,5.241942828199057,5.501451631610964,5.42969248169468,5.404463603956238,,,,5.212701114855614,,,,5.587329172188408,4.527401542967967,,4.685941071270919,,5.668588789012392,,5.322767956235706,,,6.429784218173214,,,,5.585098831552172,,,,,5.297740159751736,5.240024580538472,,5.925022998380919,
PXD030304-Sample-1543,,,,,,,,,,,,,5.565028533141751,,5.61471947501065,6.28049834992501,,6.157392629335046,,,,,6.3213052413904105,5.911735708569971,5.609369007365167,5.442506092314126,,,,4.641977129967855,5.145778329385092,,,,,,,,5.610552247630074,,,,5.888069574689911,5.310259244067048,5.959792898020325,,,,5.692806672192416,5.358756520718348,,5.782999397799514,4.960973603582074,,,,4.98785019473225,,,,,,,5.3994858709691,5.773232408918585,,5.366015782442336,5.549516081583504,5.525740812305653,,,,,,,,,4.626279615948588,,,,6.041336280214933,,5.445238963269194,,,5.869521908348021,,,4.96236290269333,,,4.886636457648336,,,5.422990767110461,5.642968739658836,5.921787232855895,,
PXD030304-Sample-1544,,,,,,,,,,5.934939212706138,,,,,5.750800572630529,6.129020603566538,5.64839212265704,4.908212037006902,,,,5.176215060859108,6.062710183832968,,5.120834232733257,5.317529622834001,,,,4.543870609418677,5.409460476363474,5.210329244244734,,5.125201645227791,,,,,5.7079406352207736,,,,5.70586151910577,4.903273484465851,,,,5.302519415864506,5.984739837965719,5.510943442201827,,,,5.011574180176485,5.554482887104713,,4.907172141151916,,,4.975564275214434,,,5.177710139707386,,5.951606815882421,,5.371305720946125,,5.7451404179269145,,,,,,,,5.612346453160907,4.562416181839824,,,,5.643292546366238,,5.3696524195814375,4.7819978247909365,,6.281001037081118,5.087902555864434,,,5.90277281769934,,4.758411757023514,,,5.299782161086845,5.136886780445048,,6.273744051529523,
PXD030304-Sample-1545,,,,,,,,,6.2835201901510604,,4.87526264359188,,5.962682709142768,4.931793457686558,5.940202437198308,6.381306046126564,,6.317244956047201,,5.108536435257669,,,6.499245482394839,,5.107368655375116,5.30227754564148,,,,4.533605449932621,5.530294889014486,,4.99104785377495,,5.231765534986772,,,,5.542087638670653,,4.559317369397791,5.3683698465249625,,,,,,5.043440902015132,6.104831668164466,5.719059994275296,,,,,6.295819158800549,5.729398473381967,4.879994851810155,,,4.937506849835542,4.898290172310283,,5.17744328397572,5.291346128194718,5.699725756869422,,5.118841151958071,5.756980230354192,,,,,,,,,5.57986500103353,4.579525278432606,,,,5.950567884318533,,5.035295385193447,,,5.276418473563126,,,4.764408462616438,,,,6.012975470987568,,5.587941490548736,4.813539743457196,6.281851771366627,6.439658276624602,5.396684876160548
PXD030304-Sample-1546,5.944644830309963,,,,,,,,,,5.035730845750262,,,,5.592370680061222,5.91019316214331,,,,,,,6.419879204315942,,5.282641836353892,5.616061082141053,,,,4.697496223526462,5.509782762556726,,,5.293853372350736,,,,,5.773157579074556,,,,5.242294100346441,,,,,,5.767348833717056,5.906014913017072,,,,,5.3994817605811845,,5.027365319133867,,5.367939719796462,,,,5.326770281000359,5.446853844162168,5.535572808842997,5.409785187640204,5.441603728100222,5.906251792731784,5.5804241309243725,,,,,,,,5.736723650930973,4.706875347190891,,,,5.8345845879413805,,,,,6.317509331731744,,,4.929771799815263,,,,,,5.45232192918918,5.08202149407354,,5.858989565076205,
PXD030304-Sample-1547,,,,5.882383962840467,,,,,5.910262337030141,,4.880511611007885,,5.478748824715975,,6.24717305976016,6.239195345550288,5.646735022012589,,,,,,6.102721125310506,,,5.434680052523019,,5.805432779231105,,4.543465318317146,5.229435953380807,,,,5.532177793883906,4.702718820099771,,,5.240636374696646,5.387227757547929,,,5.086058559203842,5.695269771435017,,,4.781538849410488,5.323323193617093,5.730503090030982,5.945982290138038,5.292574095967546,5.682039378580748,,,5.947092165805493,5.253995032790155,4.947001423430161,,5.207532189398654,5.2761798312048445,4.904329939708516,,5.250009767188964,5.308305247700271,6.142812962948287,,5.307823233630048,5.941898829586356,,5.5038894108367415,,,5.538056941814493,,,,,4.55751215433506,,,,5.965284875700296,,,5.0922450525631655,,,,,6.366767434276942,,,4.767709468083846,,,5.617959899369041,4.839847706332474,,6.36394213493139,
PXD030304-Sample-1548,,,,,,,,5.691902838314286,,,4.913014698881463,,,,6.299327900633841,5.831429629433774,,6.260020613244756,,,,5.79916908082514,5.929059878734538,5.824413477361725,,5.778758207433604,,,,4.869998277237979,4.486926461774022,,5.033184729139801,,5.580015201099547,,,,4.801546336893458,5.193443576781299,,,5.621624875947229,,,,,5.386083650712756,5.960868050123269,5.8733118171050585,,,,5.373542670772048,6.197660922322776,,4.589707857205744,,,5.29089607769348,,,5.492568668829177,5.26371227122257,5.993384275954831,5.297049736539225,5.223711385268071,6.097474271292848,,,,,,,,,5.618755527447521,4.574828618292484,,,,5.682943482127744,5.264215763978491,5.376018918107754,5.122459288326645,,5.813914371098237,,,5.126956830272442,,,4.78902216400494,,,5.315923813173144,,,6.564622391249374,
PXD030304-Sample-1549,,,,,,,,,6.270951749845844,,,,,,5.997408313565316,5.6038697680631,,5.724839948626618,5.710638778936114,,,6.051832136603649,6.159037344751459,,,5.8231784027809015,,,,4.574123016197997,5.388945304387754,,5.021466055985671,,,,,,5.785506558526015,4.735670257623939,4.623379370217705,5.74641538456592,5.609081556377177,5.631565133031982,,,,5.056574974854691,6.138984401129857,5.76195422870105,,,,,5.613355997103123,,4.943090470784089,,,5.314258948442009,4.940312667762957,,5.287970552889575,6.076926712237171,6.185770822588779,5.311401310229552,5.376673737822423,6.2013550541156,5.464058472421058,5.519323352810595,,,5.266752412323589,4.726584086653817,,5.136241085649894,5.638154930579813,4.589341109935543,,4.735670257623939,,5.981404470595807,,5.11548399019086,5.139485654786376,,6.029842709341595,,,4.857454022425236,5.625969326387184,,,,,5.35239464938941,5.62803830491871,,6.564116522658663,
PXD030304-Sample-155,,,,,,5.689980564491478,,,,6.241610327145288,4.923711980841699,,5.538299430530151,,5.880288961607219,6.141996362945344,,5.863092576452445,,,,5.218376467667072,6.30144311151241,,,5.5974169445348565,,,,4.583949707496855,5.197242458501765,,5.058049380297408,5.154264188088063,5.26643220571255,,,,5.633694121964601,4.755001628087406,,,5.6176326872842495,5.430761733592523,,,,,6.145864000648761,5.505947380607494,,,4.92442318244969,,5.290709351792197,,4.938126637516973,,5.25651102589077,5.089887391006648,4.954022464039486,,5.197488881334399,5.305449423189454,5.8738857599296,,5.463114620600859,5.990442846307278,5.4805654236441015,,,,,,,,5.647509736967966,4.599948763850804,,4.730453402970296,,6.018000605086659,,,4.832761596941521,,6.128679848646758,5.159069925115764,,4.902606404701419,,,5.112910809131376,,,5.345588184040124,5.390692234959736,,6.404582744519322,
PXD030304-Sample-1550,,,,,,,,,6.210661842844819,,4.8561318511383655,,,,6.176738821946584,5.683697803186932,,,,,,,5.686861864762266,,,5.511522716173908,,,,4.825719498692837,4.744463255118571,4.892360101652381,,5.574885958289018,,,,,5.663758972668797,5.304670963967302,,,5.07722637236049,5.5915428447662885,5.242081184207197,,,5.306558803698114,5.934034938612059,5.760627666514618,4.589899603115986,,,,6.096271722930545,5.2426584448948175,4.877237240086208,,,4.96951761122706,4.892840793384513,,5.161120652682813,5.445341838621942,6.036746816021742,5.248145058570287,5.206992897175426,6.2910739933852815,,,,5.242382082612906,5.228737714941339,,,,,4.540263036076369,,,,5.932049230277384,,,5.25304638481134,,6.073280651430216,,,5.054428225575288,,,4.782038755595144,,,5.307284747389952,4.781071540576049,,6.426287567729358,
PXD030304-Sample-1551,,,,,,,,,,6.212127188133611,4.901528361695495,,,,5.658004827275662,6.3257581549992485,,5.223553559262524,,,,5.492300172848745,6.277107319853134,5.832421471746192,,5.356722403773761,,,,4.574855341175782,5.588629333538583,,,,,,,,5.745589173812808,4.704217303912556,4.592252921684944,,6.039499120265737,5.22901746591273,5.270228532014563,,,,5.818326119623522,5.435473095455058,,,,5.0231964326908765,5.570911391883846,,4.5677618551038925,,,,,,5.150550319503553,5.650528973043762,6.282627154397854,,5.628757404667293,5.463660805119255,5.745531313308352,,,,5.252057481966864,,,,5.604240000078225,4.558059932843775,,4.735384410371918,,5.960683408159996,,5.357298685527675,4.79569211501996,,6.416747946131409,,,,5.606354169675563,,5.083036323701741,,,5.32433678849503,,,6.268970479793049,5.368293077117146
PXD030304-Sample-1552,,,,,,,,,,,4.883500369139463,,6.160226554389457,,6.166947115002522,6.318342766204758,,6.213275662513037,,,,,6.325786429827217,,5.4444059703258345,4.840783335850284,,,,,5.473733354467737,,,,5.528782593267907,,,,5.845577268829727,5.002653933874255,,,5.906889263752978,5.637101031718805,,,,,5.962265830971089,5.786361914700986,,,5.231563391997375,,6.119364729355347,,,,,4.966502741637988,4.92226815160329,,5.170000934514118,5.344303289072865,5.837285448042573,,5.438169710484932,5.469822010715153,,,,5.272238255134083,5.266252459789397,,,,,4.858752934928592,,4.701203715910144,4.880539852639855,5.666244052654527,,,5.1013907079274645,,5.930261406105315,,,,5.601347471594645,,5.075910125527539,,,5.317404982236779,,,6.373570530266505,5.379609874142714
PXD030304-Sample-1553,,,,,,,,,,,,,6.09591349431631,4.888678405223392,5.86998412002624,6.293710727728495,,6.333589337099088,5.602447911458891,5.037407240844372,,,6.26995147048033,5.742405030390017,5.370775714977168,,,,,5.109740074250421,4.872025828164743,4.851113633261333,,5.538168689628411,,,,,5.722460180835167,4.936585365142484,4.52526674661527,,5.66026310207739,4.842934197201309,5.808144048280129,5.257573232443094,,5.261428423833005,5.938783519066819,5.754316741016288,,5.948860129638905,4.828693961626957,,5.797409189222518,,4.872404480079906,5.132850073072409,,4.933798287017531,4.854495866050158,,5.0989096140472085,5.312792627840854,6.073858815096012,,5.254689418256257,5.883907057791179,5.687289983669274,,5.138938022162923,5.204825901095382,,,,,,4.474334859404537,,,4.813359164415198,5.894403844237764,,5.000738117703957,5.225938256299688,,6.309088777336264,,,5.026455750497636,,,,,,5.280910493526935,5.39276202355584,5.7842044341506105,6.085356909096087,5.032621965943248
PXD030304-Sample-1554,,,,,,,,,,6.324210819115375,,,5.291314048491915,5.080063165397701,5.560233028270922,6.390906272065179,,5.039156709294246,5.776251099510463,,,,6.500464315779174,5.614767800556521,5.428745052545041,4.988541141680774,,,,5.154787883637265,5.482795307121889,,,,,,5.76838875310995,,5.777544904689965,4.809524955871037,4.710133646504058,,6.022222829626236,,,,,,5.751907128188243,5.138325042916772,,5.520796191438785,5.350741388435824,,,,5.010570813598802,,,,,,,5.566079672896821,6.042339187329642,,5.454063677583385,5.601981721828448,,5.613533343225835,,,,5.128924286566741,,,,,,,,5.775378706771368,,,4.921072019566982,,6.274338301946832,,,,,,,,,5.411418755234797,5.213008613128412,5.950057615159959,,5.505304752452921
PXD030304-Sample-1555,,,,,,,,,,6.320811880893267,5.001355472134534,,,,5.349914743672645,6.38528743316931,,5.055992475038749,,5.260852625533673,,,6.198117389470674,5.638030402028781,,5.665462725381421,,,,4.69164817823375,5.36335479769315,,,,,,,,5.93343772956278,,,,6.0183709776856205,,,,,5.13547834323044,5.811850767149268,5.449239320792145,,,,,5.3779148121050016,,5.026376655202369,,,5.118962221227645,,5.478837308046944,,5.493102598143101,5.910168594716174,,5.5564381446170445,5.609971666354076,5.86372528439867,,,,,,5.791866644071042,,5.71826955260185,4.671506862450138,,,,,,5.483535613332386,5.222549227316606,,6.480435807990785,,,,,,,6.1457488094732975,,5.448688458332985,5.366824504102468,,6.088817079468237,
PXD030304-Sample-1556,,,,,,,,,,,,,,,5.969563156548173,6.304371776893396,5.736862253696487,5.311738491637054,,,,,6.007671126680169,,,4.99251235660086,,5.392156390229347,,4.63790882508418,4.841083537051385,,,5.202130150626283,,4.805688332913637,,,5.689249722039989,5.411161021788579,,5.484184991830179,5.502591940769171,4.990485053473972,,,,5.114401143054298,6.134491837921583,5.94831544292042,5.47363937472177,,,,5.957591312353297,,4.7566279858743705,5.321270373313143,5.313916995223678,5.356229854466145,,,5.242323472823006,,6.297153466188021,,5.56545182127763,5.547433801968405,,,,,,,,,,4.93058290419116,,,,6.055285764451078,,,,,6.003829022661773,,,6.4239212344392085,,,,,,5.41212094489703,5.697671841411051,,5.779969273632782,
PXD030304-Sample-1557,,,,,,,,,5.894047273317117,,4.852785312734162,,,,6.177663110713669,5.420798536335115,,5.671261170352083,5.627292759508665,,,5.151910187929727,5.777545162417537,,,4.834301169857304,,5.699199577731917,,4.519297950216223,5.127201592025712,4.875851025448524,,,5.227257468103843,4.687720939774231,5.92116816348793,4.933360850227903,5.445572166852777,5.160614786670387,,,5.871156442029176,5.666344292659122,5.242378133050656,,,4.978775006297599,5.986923318180229,5.902455504666126,5.5795310391430775,,,,6.02450363362367,,4.905510446405837,,5.503265542450412,5.288939789032969,,,5.157600946210592,5.3021740211815125,6.191812441628795,,5.326511992587282,5.920114618056787,,5.471155656542391,,,,,,,,4.548700128091775,,4.682839138697746,,5.930500688980011,,,5.239891538509193,,5.977054800460505,,,6.040559864200876,,,,,,5.572698730589681,5.430322289640356,,6.431448918912159,
PXD030304-Sample-1558,,,,,,,,,5.911455092658169,,,,5.825631554465512,,6.171153044279048,5.926372325349013,,5.715325802784359,,,,,6.236411992282527,,,4.962186433496494,,,,4.869815976139396,5.37760710488891,4.921535292922105,,5.129069303343033,5.271545060050273,,,,5.535640180940751,4.703867976415343,,,5.827654710839866,5.622665588813716,,,,5.034155591954118,5.952751733303998,5.624379065155558,5.631102687892625,,,,6.359139812740992,,4.92259568095956,,,4.963785640682958,,,5.206271270731321,5.36460557642585,5.931885279908275,,5.240866340116693,6.079153096277905,,,,,5.260685301476389,,,,,4.639264934859064,,,,5.987302921308035,,,,,5.922126553771151,,,4.847229453910394,,,,,,5.311641540039509,4.827238578410903,,6.153587522516186,
PXD030304-Sample-1559,,,,,,,,,,6.277823396395135,,,,,5.724724527859799,6.190377770234592,,5.990604662406304,,,,,6.385555585475806,5.527240843231251,,5.637821456762133,,,,4.559509290902471,5.084468045919289,,,5.45040787938705,5.258468757219415,,,,5.5498667901101575,4.710242887158684,,,5.830097746606965,5.80931591767815,,,,5.06459758384995,6.13004202726893,5.56696874088365,,,,,6.135098473365836,5.590514414064948,4.608663850484273,,5.542362710042137,5.091263081937477,4.931776510014411,,5.23316612590021,5.388539877608268,5.925519972244851,,5.358216075517301,5.956470026427216,,,,,,,,,5.614129167905091,4.692383735914934,,,4.899963070162917,5.667232126886522,,,,,6.193133026585352,,,4.858803669053982,,,4.781111872866726,,,5.309780272606128,4.8819768590196855,,6.390122554706975,
PXD030304-Sample-156,,,,,,,5.78347743452473,,6.253215768724456,5.905256394300953,,,5.233704420235127,,6.027607521004317,5.4942857815235415,,4.9279437181065,,,,5.22964721163755,5.741396467630207,,,5.9864941240849525,,,,,4.469898744777868,,5.02777507809045,,5.2476274645165,,,,5.401657717836242,4.704112071208124,,5.404249336315287,5.595846104540212,4.916176465958171,,,,5.343272548726706,5.813667097130976,5.59848000702662,4.6082782653399805,,4.890518665118695,,6.290420731089391,,4.895127960414498,,,5.321473761274966,4.927113651932015,,5.23122640991844,,5.4506317064098,,5.1217844053488335,5.784218565009416,,,,,,4.720480476726021,,,,4.603566576777401,,,,5.983325035957346,,,4.8011609044155446,,5.9142391016754186,5.118238819534769,,6.465312548653304,,,,,,5.332946300554966,4.825621095423054,,6.161415632696939,5.062734684283026
PXD030304-Sample-1560,,,,5.86106561526681,,,,,,5.856943420492881,4.848898072820302,,,,6.196754237070316,5.319973039444634,,,,,,5.445051787634721,5.550029347414841,,4.783156439415833,,,5.579092480693656,,4.507618043046141,5.025763214053798,,,,5.505300695154183,4.695835735941524,,4.622718685524857,6.013899644392729,5.261953590710984,,,5.386883183525126,5.654692036168044,,,,,5.938152827591113,5.866553711427378,,,,,6.281104703620279,,4.859189581161469,,,5.273374244654215,4.879427651736329,,5.150361405149281,,6.14187181598964,,5.175055401741058,5.742250383299256,5.402288449583547,,5.165540530482974,,5.505513979889003,,,4.7696467640143005,,4.82339048652694,,,5.147571699409499,5.9267936285218505,5.219448462999658,,,,5.981189324979527,,,5.931147309076639,,,,,,5.2887125183838055,,,6.333727801448619,
PXD030304-Sample-1561,,,,,,,,,,6.24411751434414,,,5.247584530304586,,6.000011459998257,6.236938623815867,,6.110735424174059,,,,,6.157912351917007,5.536212148698893,,6.081166121878454,5.304915693297079,,,4.885493790200812,5.5756650232253975,,,,5.266593416833086,,,,5.516026622351275,,,,5.140210507223009,5.436358330441779,,,,5.090425038735141,5.651160993967165,5.700174483020742,,,,5.114774970681245,5.585835923891711,,4.93298139127604,,,5.025126972149297,4.955105627473722,,5.2447782122076765,,5.904130547701955,,5.130713813633049,6.104838569718797,,,,5.304307673123867,,,,4.843895905385068,5.650602432642985,4.641145982765216,,,,5.695893030443169,,,,,6.050573673272402,5.137708861479619,,5.307862518050444,5.6311086991797366,,,,,5.645935380131297,,,6.408069579860483,
PXD030304-Sample-1562,,,,,,,,,5.941721837482106,,,,,,6.129862186816705,5.9734212630261,,,,,,5.202676369077095,6.140311337024013,,4.841824568634241,5.651768347390409,,,5.1938102557597325,4.887081509099166,4.959527225274764,,,,5.2579980378706965,4.737269661762466,,,5.277587766256618,5.0154967226743015,,,5.146697727312643,5.415937190858843,,,,5.036091741679493,6.015765189100533,5.718335079767159,,5.405690010275345,,,5.754619186863344,,4.920824717722044,,,5.011327425682644,,,5.235039596495519,,5.924145329722252,,5.412138971013162,5.9634125648283165,,,,,,,,,5.633778166084403,4.592428706049316,,,,5.671974327073789,,,,,6.035353065720477,5.134823794898026,,5.2928092894057,,,4.819301604387394,,,5.325791177822899,5.284789836809575,,6.307165906383408,
PXD030304-Sample-1563,,,,,,,,,,,,,,,5.5525646014272745,6.2299821651494,,,,,,,,,,,,,,,5.419575128689762,,,,,5.187993207874079,,,4.96901413689789,5.185781813664617,,,5.578855964980532,5.700557623722197,,,,5.489023203538061,,5.843795026294076,,,,,5.7532501378759,,,,,,,,5.731765740819033,,5.454751255855753,,5.919245260528235,,,,,,,,,,,5.071307026612382,,,,,,,,,5.858110572349609,,,6.147361722888639,,,,,,5.814894115124854,,,6.145877997176534,
PXD030304-Sample-1564,,,,,,,,,6.0035340184956585,,,,,,5.783707428643076,5.585686652797516,,,,5.127903367861473,,5.280301201927692,6.153004239621427,,,,,,,4.901610558723418,5.191942229957507,4.935384237879103,5.042037776870839,,5.280069142150308,,,,5.453944294164934,5.200079202814752,,5.467430323607419,5.605037597911017,5.549500148850092,5.2929562536869526,,,5.371177591396692,5.963555426974873,5.808317010956383,,,,,5.767105703922344,,4.931014726983892,5.2367646404094375,,5.034340639347933,,,5.216591905457966,,5.962224195903122,,5.46777937957901,5.526107248780607,,,,5.293861354024691,,,,,,4.626443063377031,,4.7461154062196735,,5.988166601343958,,,,,6.052171333716887,5.117517880568048,,5.89520790007042,,,5.130468522157686,6.389171398405079,,5.342151136608131,5.427274421683053,,6.408831190052796,5.076225081156126
PXD030304-Sample-1565,,,,,,,,,,,,,,,5.83052222432417,5.831457141542478,,5.519237310083776,,,,,5.7148587110995726,,,5.510413236361254,,,,4.669438011886033,4.579186611080815,,,,5.366578749523349,,,,5.447244316298026,5.111448692829819,,,5.233300720030146,5.033380267357203,,,,5.160663291906634,6.107724830957367,5.465705095333023,,,,,5.985519516819772,,5.0069985020404415,,,5.416653836160885,,,,5.392250049644502,5.950065111855918,,5.315164652298963,,,,,,,,,,,4.797539135908766,,,4.997951502453636,6.090813338013112,,,,,5.740631883473604,,,,,,,,,5.730646914520793,5.574453354584257,,6.485608568483948,
PXD030304-Sample-1566,,,,,,,,,6.227836810090899,,4.85237060290735,,,,6.116862406461115,6.147713283707885,,5.196313541665488,,,,5.126739065219346,5.985960859847895,,,5.164085460262879,,,,4.821488771906482,5.337897318768005,,,,5.24031358862162,4.689320487808397,,4.631762393811893,5.598380553647409,5.381024805090368,,,5.3841676879067935,5.366397052623169,,,,5.317303998385399,5.706420861312936,5.892497832620205,,,,,6.246544900981867,5.24605799622337,4.885029123491272,,5.208811744832948,5.267278496719677,5.19335928717997,,5.183008387897623,5.561616897354092,6.142844841882801,,5.410171105532647,6.047036786678033,,5.473834505648942,,5.240200600635789,5.523271423527369,,,5.271715171027275,,4.532200544194707,,,,5.941567452219646,,,5.082581860648782,,5.264958655709597,,,6.462171531935004,,,4.7431268000549816,,,5.310649007495129,5.295983783185574,,6.50767289800663,
PXD030304-Sample-1567,,,,,,,,6.088437307273464,5.973698751163142,,,,,,6.018096554031127,6.146891255413697,,,,,,,6.091321006124148,,,5.321632426590275,,,,,4.962919972886925,,,5.144319567697195,5.571240197603222,,,,5.686342074730933,5.211827762682588,,,,5.42674902315138,,,,5.374224212416244,,5.862979796518632,5.333235888063879,5.432508942481499,,,6.14518321648527,,4.92406724183452,,5.244797144071405,5.31950108198368,,,5.239026288364685,5.308293423435062,5.958532862209399,,5.263954714181432,5.9760341017345935,,,,,,,,4.852927182970071,,4.859884197125923,,,,5.994239960276469,,,4.823210129669981,,,,,6.4168426349365495,,,,,,5.351775979042604,,,6.482082898448086,
PXD030304-Sample-1568,,,,,,,,,6.249087011647756,6.194008299881263,4.877421354926166,,,,6.257927359398041,6.261940035837339,,5.699000709795079,5.66382607356101,,,,5.906589223977758,,,5.4353098515017,,,,5.02902299090459,5.060080429569225,,5.005985890787749,5.126944511423628,5.24216087576578,4.738100585548591,,,5.249861246001797,5.403281641826603,,5.703359108199719,5.5784069121168605,5.224818009175954,,,,5.3291443122552735,5.950415550199955,5.902698803309074,5.296212173380996,,,,6.226002065092144,,4.912354173376315,,5.2218324545402,,,5.36218195953449,5.502368758768717,5.332375761956988,5.989964184382549,,5.23763578895608,6.31295302701355,,5.498207880603534,,,5.555695574463379,4.702264310419971,,,,4.834560870173551,,,,5.6773711875750426,,5.065014307813158,5.104016461201726,,,5.081086124623639,,6.382177529822984,5.59409491233348,,5.086537937958027,,,5.330271362785347,4.836362534569269,,6.453227820295906,
PXD030304-Sample-1569,,,,,,,,,5.9761806981295145,,,,5.694673151969775,,6.167704552443992,6.3932731141798165,,5.855332235987129,,,4.62441206096996,,6.198721294421725,,,4.873035214980997,5.284605407470423,,,5.179409335421997,4.959882397851083,,,,5.25423753769199,4.739448648088773,,,5.454178031665098,5.205123702165764,,5.417345419112007,5.744729666553756,5.544096834673547,,,,5.362104151085164,6.07439623160829,5.811575664201727,,,,,6.301352319795106,5.2851244317400345,4.651340343285361,,,5.027112626294082,,,5.477063696381969,,6.181769508978704,,5.477387466490994,,,,,,5.260116404500639,4.738440568483377,,,,4.596103005166269,,,,,,,4.826885953792024,,5.938943014974113,,,6.509066735700993,,,4.786406899190213,,,5.331270921567765,5.017743425494981,,6.184104334011234,5.067853223088092
PXD030304-Sample-157,,,,,,,,,5.8070189429767405,,,,5.70540073545004,4.855014833460208,6.180137098145874,6.292351055461386,,5.741243187431046,,5.009669272289175,,5.092418411144262,6.322179956906518,,5.526395014251099,5.048906841418518,,,,4.777369185098154,5.11582264515224,,,,,4.649290238139338,,,6.024226773792355,,4.499036087523553,5.315613264280252,5.94556767080797,5.517731492466939,,,,4.935210144841536,6.017005024974631,5.775892520138584,,,4.795542900731405,,6.025622218896478,,4.817161009105142,,,4.916135740040545,4.827331535210361,,5.080684176920118,5.199800059024429,5.946167564107125,,5.325528354052267,5.378670180036888,5.356977708686034,,,5.656840576448505,5.176324527998128,,,,5.529146873816052,4.755961761194257,,,4.794864889501727,5.561935996455079,,,4.728441176700155,,6.31318120124457,,,4.998065606159757,5.808677360436973,,5.001828580164532,5.933318748519804,,5.235750422991297,4.935889642038533,5.735326509041923,6.178950658740936,5.292198211633395
PXD030304-Sample-1570,,,,,,,,,,,,,,,6.115904876996138,5.50582635350889,,5.2666501565945545,,,,5.274491051328263,5.858556129041484,,,5.115753192785268,,5.528313770658178,,4.90014865054486,4.4987135704683965,,,,5.583269515042652,,,,5.009515970564689,5.05428481552246,4.625467027837589,,,5.660619075992208,,5.376245101022424,,5.377217133999526,6.1297461022780855,5.711749700955118,5.605664139103278,,,,6.217362529583543,,4.935209961870685,,,5.050770974339618,4.958303677608488,,5.247142117539934,,5.95923081877988,,5.297259634345593,5.9881192853748,5.177086888791624,,,,,,,,5.632542397895091,4.57708806840385,,,4.958276154713821,6.006683160960504,,,4.838671439458573,,5.828896188353517,5.121371959697175,,6.349624808889257,,5.113201508460769,5.141134049255967,,,5.657993043663915,5.249892326026605,,6.309580683627375,
PXD030304-Sample-1571,,,,,,,,,6.038105954952636,6.032194482324721,,,,,5.793588432265039,6.090712137859903,,5.371838548074796,,,,,5.967038833816767,,,,,,,5.000184814633592,4.597039046322486,,,,5.361917239718955,,,,5.405538506008607,,4.740100715195237,,5.555780610312354,,,,,5.147181408358571,5.874770919114056,5.477666152237859,,,,5.158088623261548,,,5.010849491892371,,,5.1007905734161625,,,5.385295285227242,,6.030010409024774,,5.388191251044703,5.616543662866715,,,,,,,,,5.734288541322055,4.684110051737003,,,,,,,,,6.162876411967261,,,,,,,,,5.434562408867668,5.003588383100717,,6.417815489351794,
PXD030304-Sample-1572,,,,5.883712280670546,,,,,,,4.87785838115333,,6.03493355572878,4.9763382718105085,6.021320895376609,6.122946685669195,,6.530781283664749,,,,5.202572965762065,6.485702058482126,5.493939481333065,5.114156060758082,5.451104965068897,,5.014466354901389,,4.54116678393551,5.449238319300955,4.899208851356876,,,5.21560147667392,,,,5.879666621988185,5.162202205800813,,,5.388959494441028,,6.167393764977878,,,5.03243309619032,5.980137539075814,5.5379041159733,,5.868439285364325,4.866057611129328,,6.371421244790147,5.555730993677131,4.8775568641966025,,,5.301385825325926,,,5.16432691447421,5.282629633756994,5.771183565402469,,5.075632628417882,5.772100182496652,5.121714470464708,,5.183122620628708,,,4.7391923948422,,,5.580572785789073,4.813656221211185,,,,5.946109445184071,,,,,6.297812930901623,,,5.089613047486944,,5.075547271440112,4.752732217877477,6.336914261859549,,5.59361963952596,5.182786543230406,6.100915751990822,6.131093343527709,5.4096805745512375
PXD030304-Sample-1573,,,,,,,,,5.869036784960302,,4.844329506232165,,,,6.00208413073698,5.93594870756503,,6.329392607907611,,,,5.738675839193721,6.419748179667357,,,6.062083021210975,,,,4.534144778074712,5.327910695093837,4.870545713552328,,5.564937507785799,5.196391125339154,,,,5.343868105710797,5.262139407168857,,,5.779898662723622,5.483343021853732,5.834851653823367,,,4.986216196024279,5.943937148243694,5.902062210019568,,5.346811943158585,5.169077103104993,,6.173130893097177,5.539871866718024,4.861496721468401,,5.500483838054797,4.917189593418872,4.8791698672841095,,5.1338819657595804,5.570398144113607,6.057037173619935,,5.359511059752119,6.1202347122369005,5.40842884517738,,,5.234323461810325,5.513065996374413,4.718948166075989,5.639560104489215,,5.88884092287758,4.806904917653959,5.205829003014978,,,5.932222987059035,,,5.245486291828143,,6.167032413618024,,,,,,4.74034120387115,,,5.565707698456834,,,6.48402589818083,
PXD030304-Sample-1574,,,,,,,,,,5.801743533158296,,,5.808965711915279,4.868076648635275,5.866302506844945,6.258975553235038,,6.350186711603287,,,,,6.229508310847407,,5.214538978376774,5.59941738320145,,,,4.770441056060095,5.412508369432997,,,5.331705026140997,5.138979819538387,,,,5.795047852230884,5.080891793274289,5.346726102851486,5.306180762634238,5.869239905468187,5.676194134696409,6.08932778616424,,,4.924546807096235,5.5010551751836765,5.816906574432913,,,5.154803643043134,4.947873861572337,6.215448995971529,,4.851417979517863,,5.434922836211659,4.87346490208209,4.822788459324407,,5.074040325109796,5.263826723030669,6.123227591740365,,5.346596564564764,5.671118693582888,5.344953321276126,,,,5.1590239649006016,,,,5.505631891641277,4.488762713724005,,,,5.877105686948206,,4.96232395372818,4.704590177254201,,6.1212707196887495,,,4.986712648214347,,,5.0029658248291184,5.9265879319341455,,5.234296565664248,4.75029512187872,6.032632556490965,6.049524241023898,5.298861695731508
PXD030304-Sample-1575,,,,,,,,,6.150147133015647,,,,,,6.256419196354125,5.984107403713907,,5.30621478034572,,,,5.064947050143228,6.07170106525075,,4.731526491127085,5.761526984688344,,,5.046144168355292,4.953047194384444,5.149932389197509,,4.913583158374371,5.036692832431295,,4.93868183745246,,4.876283901055755,5.775945845426801,5.217852518136981,4.488193775287966,5.299793374133694,5.93150252928646,4.821354302816645,5.1910855631161645,,,,5.9887138656580055,5.89392478747646,,,5.101621600901575,4.930421921860625,6.296302027487807,5.177592052669759,4.77944618693897,,,4.873871543850585,,,5.07889719790021,5.227562435728282,6.057433310501112,5.182233646564322,5.310500237172225,6.162151083151482,5.536621389319708,,,5.786301026824908,5.467932195522622,5.094267693428715,,,5.521478894113548,,,,4.806688475167112,5.877355265189344,,4.965170802776541,,,6.272685647919062,5.011476322991721,,4.722336406690269,,,4.725370190179961,,,5.210801787517408,,,6.358916348706967,
PXD030304-Sample-1576,,,,,,,,,,5.989294639904793,,,,,6.027971689578745,6.221586559898225,,5.012392196411198,,,,5.299587808318858,6.011681154527149,,4.909179849510422,,,5.100522703928699,,4.680888345292204,5.257275474499599,,5.08946967017115,,5.313021981990682,5.289619297272261,,,5.17364912261074,5.394374010265561,,,5.902068846165672,5.712755374104516,,,,5.108597915869673,6.045778911399901,5.993946955185447,5.477810447547611,,,,6.366057229106085,5.361460334710027,4.684410207793293,,,5.371621643123645,5.010438245447257,,,,6.197957289012392,5.374737703015597,5.364093302053894,,,,,,,5.10530596540044,,,,4.6563935136866,,4.799893902823502,4.977280559572024,,,,5.189309860009691,,6.243143900807381,,,6.527228730246268,,,5.191511437502245,,,5.390412387446965,,,5.753224331729763,5.146694359963162
PXD030304-Sample-1577,,,,,,,,,6.178759033453602,,4.838712157085944,,,,6.179847963320757,6.270586556904085,,4.88064620506292,,,,,6.148214709537325,,,5.601552287951203,,5.768394195105498,,4.794984486816453,5.191583908421313,,4.950364073535445,5.383630346286772,5.178419191648033,4.6808440155544,,,5.599522595342078,5.120207755886417,,,5.534890059025781,5.339872388757546,5.2161338968749815,,5.0664242278856015,5.276563256350383,,5.867906132981822,,,,,6.218083953237212,5.216518756072037,4.839559198472485,,5.470143026218135,4.916933204285367,4.866183112132812,,5.456864838419864,5.195485077275556,6.097897196660563,,5.149543082388268,6.140581347382832,,,,,5.191266330683003,,,,,4.810766298883993,,,,5.921536769403924,,,5.052883438120526,,6.106050591999212,,,5.69266284716126,5.55995951055424,,4.7142313138861605,,,5.269669026605075,,,6.406912259293094,
PXD030304-Sample-1578,,,,,,,,,,5.949607203431882,4.930779443090473,,6.094913388691372,5.000198801637465,5.98621467678804,6.435237137365959,,5.678375479235369,,5.455348643993182,,,6.173344204212803,,5.369719228230407,4.891186850772987,,,,4.604751082471482,5.517209327145711,,,,5.290293898085866,4.8059453340466085,,,5.613346287727357,,,,6.072041084557726,4.960249590816692,5.323098836718233,,,,5.982108660730225,5.785428283683087,,,4.943952783069165,,5.790757407051429,,4.941952387261261,,,,4.972777695281132,,5.188277138044768,5.347706891111647,5.88754003730603,,5.198385893328217,,5.6785296114333175,,,,,,,,,4.890837051989676,,,,6.014000415265063,,,4.860895780729177,,6.3704779637625055,5.135778627712452,,,,,4.841706041959501,,,5.374332815167301,,,5.707336844301888,5.612128847150542
PXD030304-Sample-1579,,,,,,,,,,,4.914685276135426,,,4.978050502405827,5.872546439870255,6.1645898618794766,,5.26148287733583,5.699083278025031,,,,6.163808603349185,,4.854141403524403,5.127749384700357,,,,4.890205145729877,5.502466602349796,,,5.63794554157201,,,,,5.845516666847501,,,,5.9234483648452265,5.43283732777816,,,,5.052271977294674,6.019814191263102,5.476130575901811,,5.440604439676881,,,5.786114798062844,,4.932241413396771,,,5.030585730487029,4.954183884952072,,5.233319012814252,5.280110135796684,5.976527479769519,,5.371547920088128,5.5167495726957565,5.480733617854424,,,,,4.741623814686435,,,5.63308661868196,4.587968409280388,,,,5.68843159004586,,,5.135616312948746,,6.1890638095761945,,,,,,4.8826097100383885,,,5.360382906422284,5.517583490805906,,6.188465813926856,
PXD030304-Sample-158,,,,,,,,,,,,,,,6.134242918234872,5.509412412031922,,5.573967745553377,,,,,5.632985067687534,,,5.000053551769534,,5.359693923456525,,4.599235975764035,4.508832154037124,,,,,4.760497712746539,,,5.479923660021686,5.453585109803978,,,5.158410234708543,5.580200645481749,5.3297144207219,5.40835515333828,,5.386962608579063,,5.718161522173631,5.357249271283426,,,,5.917933651619675,,4.929317983327915,,,5.323689838765875,4.969470663367774,,5.250589688972375,5.369913162863144,6.0043747694047145,5.322850640305565,5.210292984536605,5.8135492795938,5.187526423966991,,,,,,,,,4.627210373188012,,,,6.024845625052376,,,,,5.662212906824927,,,5.793565353977655,,5.129334573606445,4.834797697819886,,,5.367314086502501,4.90623370713822,,6.501920532809657,
PXD030304-Sample-1580,,,,,,,,,,6.215546610527113,,,,,5.7966294780868886,6.120190331847835,,5.876027404880216,,,,,6.235850016764256,,,6.142648586137657,,5.003555629368012,,,5.05680401704849,,,,5.2175897632546375,,,,5.176024942014378,,,,5.807494130080519,5.703443442033597,5.272626057661828,,,5.019645891774082,6.024585755304351,5.026650926253258,,,,,5.965892650241285,,4.880547080295266,5.201687067288744,,5.314063091546374,,,5.171535941404709,5.277341333390215,5.868044755133606,,5.593614644297213,5.468107664271675,5.610583381858119,,,5.25604015388461,,,,,5.588329202140292,4.575966276105802,,,,,,,4.796521255841666,,6.148029478648169,5.376100758464314,,,,,4.758178531559916,,,5.309639614718261,4.838386682473638,,6.138309483669492,
PXD030304-Sample-1581,,,,,,,,,6.3207170725363095,,,,,,6.080331161270205,5.824015577693884,,,,,,5.535862382888759,5.876375210568906,,,4.894241217042237,,5.697026205890053,,4.609079921437773,4.516727150876045,,,5.486053905188727,5.322214476222079,,,,5.622564249797815,5.246968441790224,,5.511083925417886,,5.589049140700273,,,,5.391813676973785,5.78126388647813,5.778495209041539,,,,,6.0368559909163455,,5.04849226146382,,,,4.975765568125344,,5.238251840130268,5.407478655489247,6.154483543932818,,5.482943804339331,5.524126492638281,,,,,,,,,,4.621859343907027,,,,6.037902919967662,,5.4234839103229495,,,5.658269837274725,,,5.534457338131527,,,5.147777174742788,,,5.382296736753192,5.2598106800717686,,6.438137300297596,
PXD030304-Sample-1582,,6.270035304389432,,,,,,,5.901573155399258,,,,,,6.1985566343910685,5.545552857571772,,,,,,5.633758329281369,5.398118068191656,,,5.207808734743666,,5.478696101075268,,4.840811542599834,5.296464553675107,,,,5.53954560571792,4.723236241782018,,4.648126629120735,5.696590481415709,5.292408690185039,,5.377327389936466,5.572852379224273,5.385627046645453,5.257788761654338,,,5.039369308084339,6.112344519486706,5.869754501064566,4.590445010121856,,,,6.255733550166465,5.560823241389857,4.865657121959344,,5.511943439191081,5.265239324157472,5.208649899911271,,5.165803101208316,5.28195923019516,6.127322311191808,5.255047941635769,5.278033712644434,6.232872038378513,,5.489480498145632,,,5.232002911548257,,,,,,,4.679948972985721,,5.96053572172646,,,5.263267375663448,,,,,5.677280221805278,,,4.755843923209644,,,5.587749276791336,,,6.353590414140873,
PXD030304-Sample-1583,,,,,,,,,6.160067413449816,,,,,,6.112525618360493,6.055638797142654,,6.008742517518414,,,,6.055376130962249,6.258504788914948,,4.722138989124642,5.800389368458408,5.468419962266983,,,4.747161476081181,5.063139162080521,4.807917766247138,,5.335755574830011,5.444513019750882,4.629515043329888,,,5.774825239993564,5.210299093712647,,5.614795506310047,5.876573808893469,5.604741048923721,5.166099793312225,,,4.96127531203343,5.811826042279802,5.767566499589866,4.494384125812798,5.334758539935472,,,6.213841376195724,,4.805117577282815,,,5.190894391219503,4.817370635823647,5.283494873293347,5.175842151477659,5.880961427684923,6.049104396495334,,5.302791233943905,6.173215945405025,5.520850542724989,,,5.783541354976635,,6.050309945925823,,5.026333111439295,5.546462370623056,4.5689832661566285,,,,5.87306093972369,,5.570960013591047,5.004263679748801,,6.262912941504731,,,4.979150284209619,,,4.665261435889924,,,5.205092327672348,5.004250577673977,,6.368454387470043,
PXD030304-Sample-1584,,,,,,,,,5.943104406368829,5.861407624181104,,,,,6.17500688950428,6.195877628450067,,,,,,5.911774451066581,6.46769767005736,,,5.115258918119909,,,,4.99993426230354,5.576242662446085,,4.98957660201123,5.105657266672582,5.500774790060075,,,,5.678533094108098,4.680281434769117,,5.363791515295357,5.780382585081278,5.66885660836315,5.2608676871668205,,,4.978247161828337,5.950899066052124,5.679512797065477,,5.665397756269422,,4.994000678051534,6.353549963053549,,4.8787218903089,,5.1896143414218,5.316269538302092,4.885053764909031,,5.428000578702495,6.087161104302716,5.707510998264125,,5.324785981587869,5.45029163249904,,,,5.846931176960102,5.213842946888037,,,5.272398245328777,5.578145140716932,4.519890175371584,5.018953751862473,,4.84670759718039,,,,4.768835453937784,,6.196012005936906,5.050778082492623,,,,,5.040605627115065,,,5.570744168674882,5.543919796096394,,6.49661307919007,
PXD030304-Sample-1585,,,,,,,,,5.942216244045027,,4.907458254297554,,,,6.027052129485172,5.359632470562383,,4.929522655505315,,5.111366243450088,,6.154262039281498,6.215228488541971,,4.8356661571772905,5.791284280994483,,,,4.885118725937812,5.3746373262667095,4.918195291253697,,,5.237759356841409,,,,5.816892610777792,5.011012101536239,,,5.71799762234887,5.230154277198229,,,,5.333892492777036,5.972415627172496,5.862663241289816,,5.401286678759077,,,6.181844440489349,5.277746304883292,4.920619586845571,,5.232178627536066,5.298038524519479,5.236860837958609,,5.25071461800002,5.887800315567589,5.967516276262119,5.334322190799151,5.396912129996919,5.5005962766019385,5.451120846340363,,,5.765668746569303,,5.423849025449938,,,5.62273941980399,,,,,5.976361794324568,,5.680078432332543,4.8085330104833295,,6.021679814980272,,,,,,4.785025448133643,6.031866269649544,,5.346441849204949,5.425970774714092,,6.544205769314583,
PXD030304-Sample-1586,,,,5.966610631729553,,,,,,,4.948490498002494,,,,6.023810679477457,5.768786771425632,,5.462182562636282,,,,6.195091071158972,6.187837789321094,,,5.996516025778687,,,,4.908327529196635,4.99470965982913,,5.0522768519791486,,,,,,5.792946389444434,,,,5.642286579424906,,,,,5.079801772861663,6.028073797815236,5.547064763011035,,,,,5.942086289742099,5.342558747593986,4.714351474899372,,,5.327891175257933,5.2798499274315125,5.43980077295082,5.267792022371093,5.36339647647141,6.030080114314716,5.349024229084416,5.340354851537983,6.01463954452815,,,,5.3245803547865,,,,,5.662496758489925,4.619995904488426,,,4.965664916446569,5.727483874570667,,,4.857005093441429,,6.215823680311407,,,5.19320760963854,,,4.833053267524224,,,5.3711235310353445,5.376802753596549,,6.440056684676978,
PXD030304-Sample-1587,,,,,,,,,6.218790285141328,,4.903771948602683,,,,5.945929767483601,5.487594388703506,,5.402472296375561,,,,6.034626957718041,5.601609860847003,,,5.341067208400476,,,,4.887571482086781,5.248552525298683,4.917156122137035,,,5.565080182273402,,,,5.444930427231555,5.308744790247599,,5.712889097634522,5.608786777261131,5.535955720576693,,,,5.022386917198883,5.958611716769109,5.749679352606025,,,,5.05582650511694,6.123654920205862,,4.887565835789563,,5.531908674058856,5.3063307081192805,5.230321816589558,5.397773771334524,5.21675433081903,5.3547570629731736,6.167711668826253,5.911173693821589,5.537988882381303,6.327763827189971,,,,5.982553509011655,5.250315884308036,,,,5.625209194276898,4.5884709357867495,4.757247008479363,,,5.965922414562404,,5.369656575632816,5.124501531813006,,,5.092885838094405,,,,,4.781867116064098,,5.505502042388473,5.309494877873832,,,6.5454238583303805,
PXD030304-Sample-1588,,,,,,,,,6.1933148329387375,,4.854721318817242,,,,6.028990704492765,5.87392298961289,,4.889853688469232,,,,5.996465095130069,6.34254788264456,,5.101816193101287,5.898926673908628,,,,,5.804873008862574,,4.977481459389826,,5.219792485917035,,,4.629571885111991,5.852557149652495,5.158394654265023,,5.3545386294796185,5.7866144593987485,5.192372997471344,,,,5.300690908196172,5.6779644304157815,5.95448834372382,,5.416329363407346,,,6.19278695839055,5.249580022355887,,,5.499200717946511,,5.201075803309997,,5.432932914745916,5.944222193696872,6.168597194065884,5.250415981447837,5.417372503334006,6.141494252446024,5.589539648637009,5.475165154955974,,5.94318046505847,5.535670611677979,6.044935050991452,5.6678828900186895,4.77785349359472,5.878335630319285,4.551062162475483,,,4.860997110935256,5.654407237588617,,5.734151268206813,5.371162924175279,,6.240569144674643,5.052878503097736,,5.049074167842275,,,5.0568258633073695,,,5.278228435412177,,,6.493714903569558,
PXD030304-Sample-1589,,,,,,,,,6.2348945090989,,4.899668697097585,,,,5.968415759724124,5.459188467576042,,4.917310789619451,,,4.598447801692766,6.01844189575975,5.980788261510761,,,5.889106872553054,5.269608786972021,,,4.570573643679004,,,,5.149960837128218,5.7184212687573295,,,,5.489263829063604,5.369662111204555,,,5.593454031026192,5.217164996866945,,,,5.31684136244313,5.985782199936707,5.922146524859551,,5.392193071797537,,5.025044128815841,6.185549631314978,,4.940310174240808,5.233770676489304,,,5.225095206444892,5.355239503907251,5.370620106024783,6.063091065653918,6.102331971162543,5.307293645854038,5.27173528502662,6.263192658765036,,,,5.574319038105788,5.566654097182964,,,,5.614822190946741,4.553433884624505,4.750781711651125,,,5.652221066232153,,5.664085856319461,5.104501547036475,,5.924409732844984,,,5.090884832013709,,,4.774544657447228,,,5.3124348974783375,5.277742124830058,,6.536073694927184,
PXD030304-Sample-159,,,5.930918778735744,,,,,,,5.9309914831188735,,,6.02751355942732,4.977636642255241,6.023416633089834,5.799053593770687,,6.217495572055092,,,4.632007659761915,,6.239506851995369,5.531645510722709,5.4752503829238695,,,,,4.58489469061581,5.042735176884199,,,,5.277145117521808,,,,5.718429237783091,,4.6142358217903405,,5.995742942767458,,,,,5.360417084753061,5.750740282818577,5.768905885989872,,,4.928632402646587,,6.199928681114443,,4.94538234765623,,,5.032339568492182,,,5.204408949407979,5.345334897886588,5.669556309682501,,5.237239014298807,5.802334337153443,5.655335889214395,,,5.300414462888288,,,,,,4.870693612312414,,,,5.685334029609108,,,,,6.205157896317156,,,4.882659019574086,,,,,,5.332084431269683,5.487148077942991,6.364410472044794,6.180368495310104,5.409212258250954
PXD030304-Sample-1590,,,,,,,,,,,,,,,5.768259393501186,6.228614870638612,,,5.572278923968078,,,,5.522910523482558,,4.766152545828798,5.2927080497178896,,4.928383040686947,,4.63176924980294,4.6791722881055335,,,,5.461317613098808,,,,5.180791627886471,5.352586103511493,,,5.734845343034983,5.448419175311942,,,,4.932467892398908,5.983681006194696,5.593884689173105,,,,,6.253326244804814,5.191419460862051,4.846118759281729,,5.138755718365017,5.07453501017052,4.8387341377206345,,5.12514763278392,5.276521279590108,5.948928142286346,,5.527199769998523,6.019550476005644,,5.436276812956656,,,5.169543013253207,,,,5.522654852977915,4.595821709477291,,,,5.572242184715143,,,4.732449642167556,,5.8239316546711,5.004522891591129,,5.84810170632216,,,4.685314519524658,,,5.260155024321313,,,6.392883268271566,4.978164252191492
PXD030304-Sample-1591,,,,,,,,,6.246811852075421,5.89725836014304,,,,,6.225166045608663,5.989883387639799,,6.075958965465036,,5.104057017629877,,6.027139422326256,6.325983083905774,5.504770010358068,,6.128222539401484,,,5.125646458136921,4.55209796682516,5.676323767734039,,5.306493191649832,5.117251550327612,5.531393106853956,,6.134632696517491,,5.592806620230517,5.17150000355687,4.5803456437384975,,5.590738968435787,5.390491207152683,5.576550679231596,5.3961814485345645,,5.012580452382148,6.0651406536807775,5.77518073230445,4.595542462064188,,,5.634550975066699,6.385778431756114,5.2822209172155,4.910174611621019,,,4.9444041482296965,,,5.220430368876904,5.722158079114995,5.688830732537879,5.757090055166049,5.550676867161395,6.249127382912883,5.137230237125487,5.499637809867066,,,,5.055035726332836,,,5.6093117265073,4.562954069448526,,,,,,5.759917465737586,4.795266993165733,,6.085753039143567,5.084955596357803,,4.776067822321716,5.599016643392575,,4.786566470932291,,,5.335675409658024,5.187277621558065,,6.456732128344404,
PXD030304-Sample-1592,,,,,,,,,6.271244352878327,,,,,,6.101918334512567,5.347229488217391,,5.941560588000025,,,,6.145491887388493,6.289313006584507,,,5.633953624807556,5.589984635312423,,,4.563657191045027,4.4650686178581145,5.221145423251954,,5.137561650336258,,,,,5.691416666512947,4.698977396220614,,,5.727424499461228,5.227488651622427,5.277227444959581,,,5.086006970182323,5.963962676905862,5.6849715442323605,,,,,6.058825313371866,,4.627183235476231,,,5.311902472458936,,,5.259798816898384,5.965533978586861,6.058224600926927,5.3738719941474935,5.4110903584321,5.497953890856423,5.141743664131946,,,5.890913050200964,,,,,5.910230147345518,4.547622555153431,,,4.933602948953296,5.657540410417243,,5.5496558707860775,5.107660459208313,,,,,,,,4.810933332599455,,,5.327594461989062,,,6.493303618313885,
PXD030304-Sample-1593,,,,,,,,,,,4.95634219517282,,,,5.815069037444959,6.160117907139437,,,,5.178185406498751,,6.006245758641056,6.448387433638644,,,6.021649386057213,,,,4.618224746885177,5.52661472351924,,,,,,5.718545725802342,,5.98242090065265,,4.645464630762414,,6.083400555703417,,5.334261028194684,5.430760746580432,,,5.712255326711371,5.669629407278877,,,,,6.028667301861366,,4.955392737318116,,,5.095457326949783,4.985399238314446,,5.264156196285279,5.473849211311032,6.159827321549869,,5.431198811448822,5.829877057992679,5.685613222155786,,,,5.310734788901782,,,,5.664184603976612,4.6357667229298665,,4.760696198901023,,6.032560748367909,,,4.864229933385888,,5.359945875716725,,,,,,4.8341181441071726,,,5.38925496435606,5.438774886891264,,6.338557545541654,
PXD030304-Sample-1594,,,,,,,,,,5.929039757322348,4.930545293710595,,,,5.262024791634665,5.938473184575569,,5.2544415927128245,,,,5.811598440661679,6.329362789594295,5.548682458889799,5.351468755760395,5.358084771396969,,,5.15429701959533,4.897733455082618,5.5367263618929305,,,,,,,,5.997703456654515,,,,6.0569483078978745,,5.297481067805903,5.6860496495662565,,,6.055175988907173,5.538247704262674,,,,,5.273510200001612,,4.936489660417188,,,5.096474566199199,,5.41773055403576,,5.4072007529200246,6.114543240633083,5.347270487891448,5.576869945767468,5.802713693522439,5.649332394542209,5.8590402334664216,,,5.275441889629644,4.745426391244349,,,,4.55965172333108,,,4.919479245403041,5.991641638675203,,5.808386782777188,4.830247904644667,,,,,5.115126159234353,,,4.801793267905308,6.053978493930648,,5.37940672235058,4.89129356773947,,6.172564954207427,
PXD030304-Sample-1595,,,,,,,,,,6.19446482055436,,,5.9691342364298094,,6.202855582274937,6.09929715877804,,6.390740692081955,5.64637564992788,,,,6.2570469534889215,,4.8234710845703805,5.613730594772058,,,,4.839688334577856,5.354949130408492,,,5.111401090865985,5.52594388337905,,,,5.905205902282212,4.703995985687028,,,5.70608485809832,5.599240442447017,,5.314996694839571,,5.015008091743808,5.944749339766073,5.593057225565988,,,,,5.861520834547282,,4.890585762907077,,5.212639611203004,4.954065060709885,,,5.171913673668199,5.31237632024526,5.9386462554582975,,5.104295939621542,,5.606771028754064,,,,,,,,5.895085012597588,4.604108028800164,,,,5.653008835263242,,,,,6.256888202261435,5.073526423354917,5.317286039142835,5.104395038815288,5.888182419477521,,5.062180292608577,,,5.298738802996322,5.186012723806652,,6.265913724197839,5.03970107071738
PXD030304-Sample-1596,,,,,,,,,,6.260630134956896,,,5.857810542988343,,6.118078212755828,6.270752398316386,,6.191841784498151,,,,,6.329397510830189,,4.887171208047528,4.914181398469139,,5.068991775046026,,4.619456040655315,4.995563081729516,,,,,,,,5.530926983233266,,,,5.88158328698131,5.279706713520572,,,,5.096946208819629,6.053620691266851,5.336958615666426,,,,5.075472333868487,5.794536603371034,,4.949333548742392,,,,,,5.2444989817983,5.345167193779737,5.505529441059483,,5.415037572152914,5.519886731831672,5.507603742885865,,,,,4.783070635777313,,,5.6614368052957404,4.6031706972057576,,,,,,,,,6.079738146163063,,,,,,4.825911148374981,,,5.380557627533469,4.90917166196678,,6.035243059361312,5.10295111993436
PXD030304-Sample-1597,,,,,,,,,6.328919930593848,,,,5.52797263591254,,5.924360496125267,5.592384831631833,,6.155010224159865,,,,6.064122936304642,5.839275199309685,5.851293007750203,,5.89670691527738,,,,4.570650233003864,5.080324640328679,,,5.135901751282626,5.253658119117138,,,,5.453508141368026,4.711323303616847,,,5.597165859564896,4.949438209773516,6.138717969025952,,,5.0407561006186965,5.9386414759781125,5.803785062292252,,,4.894184946346699,5.356137956112351,5.9813953773759,5.777270368324172,4.906421330751895,,,5.34355390597813,,5.374443544757429,5.227220518777711,5.330133900519139,5.892135595229928,,5.243423379663242,5.498041110370256,,,,,,5.039688564426875,,,5.615782537615114,4.578285264799487,,4.710463948142779,,5.991308471238129,,,,,5.31326746139928,,,4.798199559307157,,,,,,5.329035591091319,4.879900176481554,,6.4896107168075545,
PXD030304-Sample-1598,,,,,,,,,,5.867492821526342,4.894302735498591,,6.02425547973182,,5.684088112847005,6.059922829533092,,6.080943583632483,,,,5.987061971807587,6.35408087619188,,5.095996642330187,5.724483997275019,,5.018552191270248,,,5.51996344783915,,,,,,,,5.295650164926507,4.673882456354938,,,5.784314773234945,5.182292139640152,,5.3347250755762285,,4.997978413563383,5.589722407996285,5.57875691539859,,5.673448008138236,,5.847808247743999,5.70319481066735,,4.944777519769601,,,4.998061020324871,5.193526731651879,,5.159528163397589,5.37385898710261,5.863144960360629,5.85938699001681,5.47687372618046,6.141550320443944,5.112289210479988,,,,5.523298775711357,,,,5.568115012276959,4.5289944998059735,,,5.150878981109214,5.950204983920776,,5.736002169630923,4.796136446809001,,6.135830629470506,5.357942861598622,,,,,4.754927527600845,,,5.323742068903607,,,5.935188158934109,
PXD030304-Sample-1599,,,,5.873687920072828,,,,,5.915347004775117,,,,5.86767003303769,,6.235014546093382,5.9893165524368746,,5.678609705755901,,,,5.927132042272924,6.218568145564201,,,5.306822662614182,,,,4.853395885748894,5.135228358568659,,5.020501187845412,5.4037374023323705,5.237636250984802,,,,5.233817566132722,,,,5.9386334430806125,5.49869339175855,5.247593068122892,,,5.105782020799336,5.994502224479442,5.830215239648669,4.913763520611705,,,,6.2439135212174754,,4.872997846157275,5.965574275773364,,4.969550969331426,5.199466947430548,,5.204304529972847,5.85826454374799,6.149260414986427,,5.230856117673296,6.044693667141823,5.419356311606189,5.791861739349371,,5.550447406349657,5.535373970459593,,,5.287749565558319,5.599127440159742,4.8223457247485015,,,,5.946343732134762,5.237916917445611,5.518043941617594,5.391346523188807,,6.142390455941337,,,4.765217564101655,,5.367777496753801,4.749439849440811,,,5.6033544696493065,,,6.515313851362309,5.039169883588244
PXD030304-Sample-16,,,,,,,,,,,,,,,6.071173917423547,5.764892318568366,,,,,,5.201891043110415,6.272388549236966,,,5.860930693719932,,,,4.849302643344996,5.24387685300024,,,,5.242559428939228,,,,5.765479312388951,4.695394796931907,,,5.122835391536174,5.388166275498914,,,,5.011574551735166,5.91636873659539,5.853003913548083,,,,5.964269274301932,6.175567379621114,5.276167438696481,4.886216981191311,,,,,,5.225390057075283,5.273288338352844,6.089655103357567,,5.249915899760987,6.169880507842749,,,,,5.2492202916041695,4.710058104361451,,,5.623296790863778,4.596168685787395,,,,5.9727193032311625,,5.377529525027709,4.800624743307244,,6.163112996545606,5.094627786110526,,4.828665885207113,5.608429258493311,,4.771435368099041,,,5.3473529203911285,,,6.374434835805326,
PXD030304-Sample-160,,,,,,,,,,,5.17171466154819,,5.881106139317673,4.946778935438227,6.198483961129993,6.20346927678434,,6.124080853165549,,,,,6.395985729224821,,5.428227763110384,5.412548272959374,,,5.112169722111106,4.5562951847913205,5.697301023155356,,,,,,,4.654079692964797,6.113329276508035,,,,5.8038572814580025,4.918396312835835,,,,,5.943629107633907,5.80224976778447,,,5.183219844470901,,5.5458352787997125,,4.906362625680786,5.202904408939543,,,4.934916169108595,,5.166468278533787,5.436782972286912,5.942881674808279,,5.410029871963248,5.455211307668848,5.7517096699035495,,,,,4.717789326678451,,,,4.828976512890295,4.756918758244131,,,5.957145430127425,,,5.401026018949771,,6.393029076427929,,,,,,4.758751837758166,6.323620512007206,,5.304724273064239,5.27854506831623,,5.956675850179366,5.398740542858272
PXD030304-Sample-1600,,,,,,,,,6.202352924690752,6.152868306959711,4.84147829281638,,,,6.136088288820828,6.033511989836708,,6.183188415540584,5.626270684948596,,,5.973354468416813,6.073598418963947,,,5.583581693557306,5.2380602977912405,,,4.554322678204994,5.022860643892806,5.17091119087616,,5.381382067056578,5.220742793080113,,,,4.74284594708463,5.276181965195507,,5.372734061678485,5.845749169767984,5.484809741183956,,5.2834480398899135,4.740216734543434,5.015757058895212,6.096800157750057,5.837947305613489,,,,,5.688288877397127,5.710801426596302,4.861500636183797,,5.485510474188796,4.949517458983072,5.189545721669244,,5.200281628026089,5.526201857114742,6.044766218939371,5.319576894960294,5.264339669830763,6.283720968865755,,5.764100488855302,,,5.523346021402157,,,5.252888942562985,5.569003557602871,4.794161950547408,,4.666513559261859,4.830169073219715,5.934348929615535,,5.624780962890219,5.400172771623023,,6.118392844486224,,5.288852638423123,,,5.351577253592123,4.725102757976044,,,5.570465621848342,4.792236713431317,5.759821639557255,6.425795755081454,5.0163823422481295
PXD030304-Sample-1601,,,,,,,,,6.23805145453054,5.870180170198654,,,,,6.120171192796139,5.789565417291337,,6.01997771153129,,,4.57789145282248,5.62320493473478,6.05204359764909,,,5.6393638950577305,,5.02239245649006,,4.529032839876729,5.288449342714847,,,5.0919355276410645,5.202911334728883,4.696079413203859,,,5.529113215296499,5.150853184975794,,5.692961004685557,5.397370155495347,4.925588039115308,,,,5.01721117625226,5.621409305449198,5.79230014469766,,5.37960971288205,,,6.250441405611527,,4.84980149181283,,,5.27421871612246,4.89215145097668,,5.187746649359759,5.248540798317676,4.451906730394045,,5.196328526018051,6.230503695355541,5.109645139548887,,,5.241309451468263,,,,,5.583653023178702,4.557135722651427,4.724005589342418,,,5.946428041866618,,,4.771080428642839,,5.269817520451744,5.076851411018619,,4.828569410243013,,,,,,5.586807187421208,5.1944159694981895,,6.499537321015538,
PXD030304-Sample-1602,,,,,,,,,,6.2674582963892345,,,,,6.031484244641929,6.076556231310184,,5.769570825626602,,,,5.565217973030454,6.336941961872328,,,5.399681402437572,,,,4.938665408435017,5.433073874217911,,,,5.287649602605044,,,,5.547342577290298,4.763182011396874,,,5.956452575096548,5.278040234509019,,5.413538547013144,,,5.993753756267948,5.674231741483699,,,,,5.822762530010413,,4.97780785868785,,,5.061078257348352,,,5.255046546144009,5.380660720127695,6.240808286335843,,5.402559279382825,5.569659898078436,5.508122473306029,,,,5.328982954839878,4.777050489237216,,,5.676078629101775,4.600102802021756,4.817104178650764,4.788410654948585,,,,,4.861252689130637,,6.458679446077453,,,,,,,,,5.402641713567991,4.885301899789397,,6.44144197078534,5.118667160823812
PXD030304-Sample-1603,,,,,,,,,6.256560896449072,5.877008778649299,4.866737001225458,,,,6.134974083543703,5.964751840230945,,5.955853482499239,5.646941580255422,,,5.950350741059766,6.229723421332919,,5.117340549188413,5.692088463021321,5.566335236414729,4.998744834335545,,4.564656506086067,4.452603618578564,,5.001752699045601,5.406105169102888,,,,4.638216262028767,5.301706729932491,5.153120254895008,,5.391805807827806,5.584834323995478,5.5006759357652255,,,,5.095664604208384,5.985630822573243,5.859606463079357,,5.41832273783368,,,5.5433701975829095,,4.91315699062236,,,5.320797730047859,4.898425333302913,,5.259941748759835,5.223974017447504,6.226824160185673,,5.2828633388074016,6.167478016545649,5.1151802411913065,,,5.85995307077292,5.237621182136279,4.7229098788627,,,5.89845826899089,4.507342131053177,,4.671212004519529,4.873176392884122,5.962385256666005,,5.529368066232181,5.397925725551809,,6.148720244200764,,5.307286501617302,,,,,,,5.308325668648673,5.287932177741466,,6.515263671468524,
PXD030304-Sample-1604,,,,,,,,,5.969974780244919,,,,,,5.893027500251655,5.8394583070418085,,6.0635200879772055,,,,5.511513598602682,5.98957835923556,,5.147789152019646,5.188896533115204,,,,4.595811239886246,4.7891127542055925,,,,,4.743615165761978,,4.687159181313186,5.781191211320226,5.014446167661147,4.614152873645919,,5.440990532649149,5.416966142227155,,,,5.353834628747133,5.948835175785234,5.756962894994969,,,4.926210193738811,,5.98769291187113,,4.686560290972476,,,,4.939000792443353,,5.214459031595448,,5.350403318125261,,5.511229954495935,5.788192492039965,,,5.217798114252029,,,,,,5.617699012645729,4.552114933021409,4.770728543934484,,,5.695885694758475,,,,,5.9374905351912535,,,,,,4.793024666141523,,,5.336863752116807,,,6.158281045154975,
PXD030304-Sample-1605,,,,,,,,,6.27292710937354,,,,5.790596171625771,,5.877174273921162,5.980464093169674,,6.4277704287594615,,,,5.241151915789518,5.963099838476121,5.818719536923652,4.830750947280164,5.433364760255631,,5.0457567694008585,,4.547598724684187,4.749299749871176,,5.010877933858291,,5.536608411481498,,,,5.170472672983028,,4.571332012967074,,5.410297599247076,,,,,5.350600038363117,6.074458971423042,5.609622229498965,,,,,6.389564904516095,,4.652251829684374,,,5.300455661231959,,,5.164349973021452,5.2677557090126825,5.983152981059378,5.294120063589955,5.303433444287523,5.472209731901987,,,,,,,,,5.5902829265220975,4.543418360183661,,,,5.946253276898637,,,,,6.008962482003421,,,,,,,,,5.304836283057288,,,6.450736420410138,
PXD030304-Sample-1606,,,,,,,5.760429245512657,,,5.894116216506497,4.885501572776291,,6.098609707395895,4.945104702033668,6.298031453901076,6.323371018035603,,6.4219036949955335,,,,5.220842901667379,6.242872460949305,,5.313396146672614,5.552013364157943,,,,4.55772272285561,5.466404804138726,,5.001567104022236,,5.5266453113790766,,6.130879945336936,,5.881514655588836,5.18202261860739,,,5.90420624690746,4.9043551576998,,,,5.009987306915511,5.955490757110535,5.864090616306936,,,,6.002591960343148,6.035616174077576,5.265967339872055,4.895100221367211,,,4.947980631498528,5.217948926722698,,5.169388489842194,5.343288660941568,6.156357368989804,,5.455993794360667,5.75583010213498,5.747601476595923,5.801078390205329,,,,,,,,4.578914346228959,,4.694298830043393,4.900905037976576,5.664017658107444,,5.05991660386012,5.095923699863627,,6.152156404115901,,,,,,4.765781093250284,6.022522967082411,,5.293641252675927,4.829493926553855,5.80955124154154,6.5155643924158895,5.4011261806195305
PXD030304-Sample-1607,,,,,,,5.802032514237048,,6.311605729994568,5.922110119845952,,,5.70493193484446,,5.9981069753441,5.738231852077521,,6.559882818676263,5.696845109078469,,4.621663517552848,5.504472468716893,5.946014634022758,5.86075611122609,,5.45011085861902,,,,4.90033892648214,4.483147055086392,,,,5.262740419094505,,,,5.278178471169887,4.739885663868099,,,5.618422965252595,4.950278774505167,,,,5.058605382776944,6.136381838568835,5.612458848984113,,,,,5.777929379451312,,4.943220869281373,5.811824559052501,,5.048678636184992,,,5.288333678076752,5.338459996599113,6.014289934283141,5.7962198103378455,5.379583970585555,6.19715629434109,,5.835098634031693,5.224905722972234,,5.282395432087895,6.120196203761651,,,5.648232216961199,4.860773005645929,,,,6.003313754079381,5.636775843182893,5.383443066925921,5.145133805738809,,5.81506940972411,,,,,5.5916007056837485,5.129846485687041,,,5.3509381177559305,,5.842822570337478,6.501086141460014,
PXD030304-Sample-1608,,,,,,,,,5.886964155556712,6.134096247695085,,,5.837268824104912,4.900609146083663,5.873133766143417,6.172457187146777,,6.457257118157107,,5.037493387924786,,5.426187205241948,6.239476354948364,,5.072405760213712,6.0609695131584775,,,,4.787914770341093,5.578276518905687,4.8534273613315335,,,,4.651417488603969,,,5.69515262353747,4.634488720064341,,,5.531611571716046,4.84475685322765,5.206212504227017,,,5.002271653935722,5.903225979485926,5.574032190988898,,,4.815510201329355,,6.355160775066823,5.233563012580328,4.833041425591248,,5.159153995684554,5.222569803997287,,,5.0952556543674135,5.235551773328404,5.67701068767223,5.230158489876937,5.431473591647601,5.897905097254805,5.0762231562074565,,,,,4.649107712865783,,4.758750959940257,,4.513264770353223,,,,5.897193011557583,,,,,5.5423560295606,,,4.723894010688533,,,4.723249208225102,,,5.256055781535324,4.800886074689561,5.759274302999017,5.611045948167595,5.312802107171442
PXD030304-Sample-1609,,,,5.876345625687907,,,5.725172220408501,,5.914608706944581,5.87918527883546,,,,,6.292938369758968,5.885883483322884,,6.442534577404884,5.639985082231002,,,6.069896960464378,6.068535346610075,,,5.826426731316296,5.264016889257989,,,5.145637111192067,5.23010225373758,,,,5.241859686740937,,,,5.575518113513167,5.164770938742128,,5.689001521830952,5.884376023043839,,5.556046182125786,,,5.304650143042601,5.949405685214739,5.737509009047508,4.888154001789376,,5.221509712195176,5.01027402780338,6.33972734851606,5.561261384503272,4.9160757583418935,,5.214951732195349,5.261961378485253,,,5.236398229984426,,6.163830518014244,,5.399445499793414,6.05713380125515,5.4261102363307385,5.78716190174124,,5.551775547106095,5.545231241019437,4.687703699731413,,5.3000821410764525,5.893908187264432,4.82147812227922,,,,,,5.342627856123833,5.087230187837291,,,,,4.753985575334405,,,4.7514415767566085,,,5.604097872555635,5.459922513093985,5.785011089534089,6.511907187280134,5.048474881339756
PXD030304-Sample-161,,,,,,,,,,6.323602147111595,,,,,6.018206493434311,6.333211573257477,,,,,,,6.384381695196243,,,5.968377435510873,,,,4.966943604215775,5.4871839923247565,,,,5.338037234442231,,,,5.603166402627297,,,,5.22082292392334,5.330086425449879,,,,5.124070854573872,6.055210361818922,5.624780561080441,,,,,5.693213038485969,,5.004421727818059,,,5.106275585640731,,,5.300859357162298,5.400353447501799,5.3037259549010844,,5.410253092353664,5.885559768307394,,,,,,,,,5.716809743560809,4.6704830724334085,,,,,,5.191522089959651,,,6.21392821235167,,,,,,,,,5.41194720921356,4.999993113268273,,6.39055778214758,
PXD030304-Sample-1610,,,,,,,,,,6.385817363345595,,,5.981074298233055,,5.391965379959808,6.339267410224638,,5.386389564173761,,,,,6.556255446791129,5.972543549992995,,5.393081762917088,,,,,5.22989466336349,,,,,,,,6.052386329564824,,5.063774417551812,,5.9822637646275085,,,5.605162201122233,,,5.838143156543833,5.296424674039051,,,,,,,4.705879043425184,,,5.200697020773754,,,5.331130787841559,,5.6917738676324205,,5.71676280730165,5.62262089970574,5.9074816717245815,,,,,,,,5.762024751952689,4.699116112753393,,,,5.831393499332536,,,,,6.613272723599736,,,,5.7640917263232,,,,,5.467247145038657,5.3420347481993,,,
PXD030304-Sample-1611,,,,,,,,,,,,,6.277143198745081,,4.895076268596556,6.464665337674356,,,,,,,6.32036097743425,5.657097617088512,5.286123058959465,5.413263455487683,,,,4.705560753948948,5.808541750190361,,,,,,,,6.063106127897694,,,,5.74110668196597,,,,,,,5.179864178584721,,,,,5.397222646442391,,5.007528118256813,,,,,,,5.510953120195316,6.235025009331228,,5.395253397734908,,5.600840870128996,,,,,,,,,,4.927643798504649,,5.128480041348128,5.826654753243054,5.403746054846703,,4.968580367383203,,6.520623902468085,,,5.236374503227005,,,,,,5.4758153229020845,,5.969527895521306,5.805731289845902,5.588117484776392
PXD030304-Sample-1612,,,,,,,,,,6.2927771957217296,4.977889588935528,,5.997087703457847,5.054134649050361,5.444210737357025,5.914345187185619,,5.977174725617815,,5.508961178980386,,5.277548198006823,6.450278018982189,,5.525410751142487,5.4133375132290045,,,,4.972898362397778,5.403349105270352,,,,,,,,5.688253304007642,,4.690163123287812,,5.985904690642448,,,,,,,5.298362592857142,,6.092589272913981,4.971622051869393,,5.3508179535199565,,4.978709887255025,,,5.11011304155038,,,,,6.043436265256774,,5.505677641737155,,5.229446358116958,5.5914649299776285,,,,4.8027715997528615,,,,4.9335693005802055,4.845842739210742,,4.986520151301675,6.060213785955437,,,,,5.407047763969456,5.176997750463053,,4.881949942944091,,,,,,5.404052656518264,4.9240337130024265,5.90999904204158,6.239308198271766,5.578865255599293
PXD030304-Sample-1613,,,,,,,,,5.909391919617265,,,,,,6.146369069556025,5.91387238549148,,6.262520053786516,,,,5.657161960697247,6.126696121761972,,,5.706660745756038,,5.025040220715534,5.169666771191299,4.564476057607748,5.17055388625312,,,,5.554274721206343,4.740353884050828,,,5.238173779360901,,,,5.589889415821693,5.626488419767203,,5.340972467205907,,,6.123820957468881,5.763022015661244,,,,5.745586513557801,6.127734612406176,5.589103838018431,4.632637832108483,,5.532332036045817,5.284306790768988,,,5.176555719405301,5.581462463265795,6.148792471367782,5.279572354491555,5.43479952265297,6.260108889782508,,,,5.278644537923589,,,,,5.611696567536756,,4.788322848250098,,,5.678301397229682,,,4.808175245405439,,5.615512770247022,5.094490970351252,,,5.610345246901196,,5.103581645604493,6.337143677078169,,,4.822024791823433,,6.542379726037368,
PXD030304-Sample-1614,,,,,,,,,,,,,6.128037155916076,,4.897690275208288,6.256198316304578,,5.922120533216,,5.253927138115089,,,6.447152945908947,,,4.996601188001249,,,,4.702606747542834,5.462460344039984,,,,,,,,5.865525682559334,,,,5.55897979687298,,,,,5.165597110561901,6.086696069098093,5.428172903698759,,,,,5.3994671532458085,,5.057036265434681,,,,5.378803997255755,,,5.428460985188745,5.960579389731866,,5.677346098240487,5.913453928897122,,,,,,4.85945025494043,,,,4.703385685746795,,4.853803111232038,,5.806405053469369,,,4.949440316705586,,6.557014373930004,,,,,,,,,5.4759467705051135,5.528022211401009,6.2779201714198,,5.536931450544798
PXD030304-Sample-1615,,,,,,,,,,6.188605217769687,,,5.865775347669622,4.940053897993035,5.878687449999741,6.152305365206578,,6.016543366675367,,5.56214204399069,,,6.098783585378934,,5.51258930956179,5.433705945904402,,,,4.84466428005498,5.395449411915703,,,5.094695933524831,,,5.9306060124868525,,5.986440087376189,,,,6.000411509566771,5.366585314381704,6.219387788017615,,,,5.930753104578115,5.485470344621133,,,4.864465481124429,5.919853028983481,5.53627208560695,,4.867813547758701,,,4.929928575697632,4.895089740958935,,5.129169010149977,5.354429056637025,5.914832920785719,,5.2724572071658535,5.736790554909901,,,,,,,,,5.57191956179432,4.8165186310566375,,4.695787231119279,,5.948210023817843,,,,,6.066892295527619,,,4.794251701887929,,,4.78210939471748,,,5.282306353710174,,5.792090295245668,6.117759046393003,5.398668468731393
PXD030304-Sample-1616,,,,,,,,,,6.3756841693714605,,,6.042286929816138,5.095381091512292,5.808450708692488,6.510917428998599,,5.67954902396704,5.805521327945243,,,,6.543392999330764,,,5.403908211357439,,,,4.700188929700791,5.466026791080977,,,,,,,,5.419488818823591,,,,5.8682361881046186,5.071368143089824,,5.491316298944354,,,6.157627110902245,5.694620288190089,,5.558188439423922,,5.177310184420453,,,4.774555600788447,,,5.158133394419096,,,5.305797772153491,5.485052495072006,5.922624821754802,,5.4341376234575085,,,,,,,,,,5.749536146925992,4.67699241233331,,5.948891952057211,,5.834830435338599,,,4.943735865235356,,6.175337539558241,,5.4833288980486,,,,4.932723476454113,,,5.462886235658967,4.98868274579439,5.9974278806544,6.417425719758729,5.590757420626548
PXD030304-Sample-1617,,,,,,,,,,5.969425344736523,4.954219776016016,,5.56152890239625,,5.610161324967828,6.153976084520703,5.732587461696741,5.851940061783084,,,,,5.899677069118475,,,5.63130157510658,,,,4.622270096639274,5.49530753764066,,5.103241245583945,,,,,,5.642878530521884,,4.663502804194341,5.492866168334458,5.795197169528225,,5.342468420933926,,,5.082558652859977,,5.662139250325337,,,4.966029531966991,,6.304573487883681,,4.967070818147665,5.285168722045163,,5.143165347386288,,,5.284621658888473,5.362117733943403,6.136861486715112,,5.532705385044792,5.5484090663371495,5.209951088204638,5.584537517842597,5.270692481591369,,,,,,5.677759804177993,4.603318642465324,,,,6.049909444756922,,,,,5.669811188123265,,,4.898731062090185,5.681447530850654,,5.15062563889975,,,5.3924621735341685,4.9118037577715725,,6.055133306040725,
PXD030304-Sample-1618,,,,,,,,,,6.229536057507433,,,6.066783535388469,5.277524926504152,5.959327782419625,6.250999166883448,,6.1563722152074245,5.688166645536952,,,5.259851692292149,6.41398793161634,5.53045643428453,5.155098871482777,5.169340703687274,,,5.153072055957665,4.905086507485332,5.26716286349474,,,,,,,,5.910475011350773,4.7238996009362575,,,5.987808217072895,5.426933337278126,,,,5.038824064587399,5.658105927980386,5.736055000923855,,,4.9818066436866735,,5.5808027250525765,,4.918410373800869,,,5.05979615649621,4.945960503709259,,5.194282606499687,5.390864852855587,6.203673888407656,,5.353450136802049,,5.646429744957942,5.527495238862083,,,5.271651301442762,,,,,4.863164217353687,5.270893796362852,,,,,,,,6.400055523184699,,,4.802668716453327,,,4.829935422198175,,,5.335372853645814,,6.148720037493783,5.991149333412835,5.494676379588788
PXD030304-Sample-1619,,,,,,,,,,,,,6.244608075246484,,5.608205729454977,5.538777534877251,,6.309901937939257,,,,,,5.589016660251806,5.211220886203956,,,5.081326786177403,,4.959110609393613,5.009766881679454,,,,,,,,6.184144275931116,,,,5.6831693631178295,,,5.50000536262037,,,6.113250780776138,5.291262579644239,,,,5.9629125249700445,5.344205570975039,,5.0219911865116185,,,5.1053833854777535,4.99453321229043,,,6.123122414695707,6.247606464777116,,5.500155869200954,,5.513245018017878,5.580150670676263,,,,,,,,4.595215491211874,,,4.951740163285677,,,,5.35899149087154,,6.169829248441079,,,4.851828545790281,,,,,,5.402454645112263,,5.919590008946168,5.737095634469291,5.134428361522999
PXD030304-Sample-162,,,,,,,5.675256816459241,,6.196126959165129,5.85154387039594,4.839184025249447,,,,5.9117916169918585,5.932675027057313,5.610273564582647,6.145292399246932,,,,5.964563568209037,5.926402919246574,,,5.88974576848235,,,,4.810708189331641,5.56896502844892,4.868777671709521,4.9611481935973005,5.073562350087395,5.4961142056883805,,,,5.505786811154019,5.287189563412545,,,5.665173512198394,5.351900573245875,,,,4.96956907800475,6.089253001713768,5.941112043712531,,5.368169174818265,,5.770697460665861,6.280126346306007,5.227123573264446,4.855234356112636,,5.184690076504239,4.942881763488155,4.874319352394218,5.622676437992686,5.143960832788189,5.542653112448247,6.177499182813167,,5.355493310598749,6.280423905768268,,5.761205261661782,,,5.519909897746601,4.68067038459561,,,5.56095069422028,4.501511332191293,,,,5.9283648909281705,,5.620346865224173,5.250073392714519,,6.046307707163558,,,4.7310957349961145,,,4.723056188910744,,,5.288665445918257,4.975302777590175,,6.426721831296208,5.0077105103636175
PXD030304-Sample-1620,,,,,,,,,5.933004041805996,,,,5.488589365277336,,5.989512584033659,5.946795925247447,,6.052070197458041,,,,,6.275492747038431,,5.143178809892109,5.151173049076542,,,,4.555729296098549,5.514783067465891,,,5.133898096011727,5.231957142780315,,,,5.392065037470984,5.001388326201357,4.585785636088043,,5.724083660022906,4.937468361212676,5.77018781440687,,,5.341655415981855,5.989505782471057,5.641056795278823,,,4.885870115322416,5.038447508037566,6.224091071610873,5.5754001368063495,4.90531995300204,,,5.312227962992575,,,5.220784334560974,5.311992492412496,5.842069057335512,,5.289003166629252,5.781663755726968,,5.522865035731985,,5.273412580609565,,4.724312526009899,,4.842022388471707,5.62028983429206,4.853036140451327,4.757409370537227,,,5.968209797796885,,,,,5.607816013784139,5.102707611814816,,,,,5.076264843417641,,,5.313205250305095,5.196019761590984,,6.534332841929039,5.386360835493544
PXD030304-Sample-1621,,,,,,,,,6.410649558965751,,,,,,5.820966497864221,5.742308937291622,,5.939007999836775,,,,6.345043875267158,6.1221981656962585,,5.037605654804178,6.035255116104088,5.438643061273366,5.243392116646733,,4.711329344964596,,,,5.629226898303319,5.41688246624678,,,,5.651980228257393,,,5.585268813393374,,5.380932969626879,,,,5.261236086945637,6.13896000357599,5.525907522008548,,,5.451336429922257,,,,5.03572340555158,,,5.293061405412886,,,5.346169795646682,,5.96305744986816,5.7055403776671625,5.53016466638779,5.952439143114012,,,,5.756518827850494,,,,,5.7616098342552045,4.731481110496511,4.917125169969036,,5.04493193783953,,,5.701230242273893,4.958832466066534,,5.79266038643886,,,,,,,,,5.5195008408481945,5.512901589473701,,6.636337487677723,
PXD030304-Sample-1622,,,,,,,,,,6.263751292148344,4.963155428932395,,,5.007855342160259,5.722746540367808,6.077691683911346,,5.898987780434633,,,,,6.404182939908469,,,5.539463402682679,,5.073749602341994,,4.629229126730583,5.437557925863195,,5.072176516191664,5.185603780242262,,,,,5.3331921648138,4.761152591923248,,,5.959775019510091,,,,,,6.0269332124215245,5.494961114854085,,,,5.694977186883812,5.310868951953578,,4.975130927062951,,,5.405159318586477,,,,,6.142189794622047,,5.5104607067714415,5.546998573309947,5.201523140683768,,,,,4.776642482505839,,,5.662790720348527,4.60358601946385,,,4.941598538653115,5.718366864711653,,5.116476567450272,,,5.388112788751766,5.154895350998709,,,,,,,,5.405095005135074,5.751580616847211,,6.213557239172827,
PXD030304-Sample-1623,,,,,,,,,6.18720695401352,,,,5.990170629830591,4.907912585436798,6.156378483247674,5.986088384473379,,6.325663930617666,5.633021964289928,,4.540036596089563,5.156173030626229,5.964442426843042,,4.775483616892135,5.085735455742605,,4.952646258937438,,4.818563789729501,4.880719397155962,,,,5.1939940067694375,4.6737280055223005,,,5.263875113349967,5.249916414738935,4.5295518409398365,,5.535584957096272,5.159205887055714,,,,5.272313945291866,6.083994401680904,5.7257718814602105,,5.3573023426810895,5.14479857580772,5.002278960328415,6.301786803882006,5.709540566895409,4.855934997316347,,,5.227971188327554,5.174439940652819,,5.435967782250728,5.19989512538773,6.007460795556721,,5.273047416812637,6.114902332630467,5.388316977440525,,,5.229233772894058,5.507476993746,,,,5.561623690951246,4.467730129395302,,,4.8197384725098855,5.595946015307844,,5.4799426574577925,5.051852961773012,,5.738291532761696,,,4.723390862400598,,,4.751684112163306,,,5.271191992149549,5.248174303236118,5.767897899582263,6.212270544751212,5.384625725308132
PXD030304-Sample-1624,,,,,,,,,,6.206442771253008,,,5.675033894880539,,5.944739363673287,6.051432723085539,,6.0494487041808425,,,,5.254406214403231,6.126965279386288,,5.128350508289524,4.856537131169341,,,,5.0443197137611335,5.168494147190452,,5.322221391476863,,5.239794021015106,,,,5.770950960449041,,,,5.907847328418316,5.216135202913713,,5.358216626788046,,5.021540555204684,6.028468805279311,5.644296283124867,,,4.92384387189076,,6.050433969938453,,4.930347905322854,,,5.2749416985538495,,,5.2019593902787165,5.35849903900028,6.092753932572693,,5.4241586254258936,,5.633540170126492,,,,5.255303638631123,,,,5.6103553283910905,4.567132137195373,,4.722347946225216,,5.974645678750259,,,,,6.123193430250563,6.039612755714117,,4.783675777871662,5.617180024229883,,4.7766076616214725,,,5.348547151814132,5.405005045974766,,6.2769881927305375,
PXD030304-Sample-1625,,,,,,,,,6.184996274084307,,,,,,6.134227706252952,5.912298430364086,,6.371380584718723,,,,6.03167740174995,6.261058959781503,,4.768519557999735,5.288190357925752,5.708422188894353,,,4.801477845142337,5.726683481066345,,4.979985398499056,5.069135749499844,5.1938977841466265,,,,4.924578308113139,5.122960470767502,4.530516483397644,5.672128147498652,5.7681532480537445,5.643896122880443,,,,5.01421511637011,5.891547286101392,5.8406282985985,4.547058219971654,,5.171801323361048,,6.226026733293768,,4.850091653933337,5.6191734337137085,5.480650104856886,,5.183842678545488,,5.520466565795399,,6.171735526993757,5.252927597744615,5.3410830860863685,6.124938249540403,,,,5.521002011377936,5.51875054150641,4.659206647244847,,,5.575131370709444,4.5706209224754994,,,,5.934602692860473,,5.003329310487218,5.235191454734329,,5.96554060491783,,,,,5.354963582303629,,,,5.2508979436069545,4.790705266028052,,6.422214597119025,5.0218219017633015
PXD030304-Sample-1626,,,,,,,,,,5.913563841052175,4.885174259790932,,5.994925890908332,4.983453475591481,6.051331453728022,6.316237593433259,,6.359078071711277,,,,5.64639138687323,6.4149125945189125,5.834200338347898,5.142385031757103,5.52260804318817,5.279839920571367,,,4.568781803511121,5.173894584441782,,,,5.246535632334682,,,,5.943965326622019,,,,5.828944441934704,5.52187062720109,5.285046544156642,,,5.022151582069867,5.98052458810059,5.649228212674927,,5.897449949559804,5.205633167181812,,6.12490933984674,,4.906092637738553,,5.230778772066404,5.3008768363411285,,,5.187112810369873,,6.258668637470429,,5.250014777705358,6.174862508102976,5.146632934145803,,,,,,,,,4.855564663186832,,,,,,5.3707427499528615,5.11267965356878,,6.167754239843936,,,4.788694584364898,,,,6.377466580520361,,5.621997248186583,5.197394731576789,6.3033949381525485,6.46017641287776,5.489930643042243
PXD030304-Sample-1627,,,,,,,,,,6.213154670093317,,,5.66568204660554,,6.064556444951231,6.01795290542789,,5.712109295909055,,,,5.198103195774739,5.971381099769733,,5.127306313211798,5.338279210236923,,,5.126112018822252,5.046210065707423,5.546692508367073,4.913055282414074,5.010866431168711,5.430313213058372,,4.724661627974369,,,5.490996195126305,5.008477982808529,,,5.90371507123857,5.240173174713371,,,,5.040067243261164,6.09078530800594,5.743343216113944,,,,,5.98154735810839,,4.88975188150324,5.202122180939094,,,,,5.185673991908276,,5.9145024712275855,,5.631661625972328,5.468816630026284,5.140243342973871,,,5.270310517222246,,,,,5.603492616464138,4.578070678161121,,,,5.684163922186237,,,,,6.3756804071669,,,5.1192373972142375,5.623294795225194,,,,,5.3236320373575925,,,6.148347036984255,5.096232351371233
PXD030304-Sample-1628,,,,,,,,,,6.291513261103292,,,5.547554745650993,5.016157225565291,6.046131740539724,6.458264100384959,,5.688228176851921,,,,,6.332361981473525,,,4.898419432848667,,,,4.910644379103434,5.73246707381657,,5.057220668709952,,5.29658729562335,4.773592524599547,,4.721689439204244,5.942174743266436,4.754471634879143,,,5.953513937420873,4.9689228524797855,5.63195964345921,5.454771175912137,,,5.744176354865048,5.639821833724047,,5.770896105679592,,,5.619590414447323,,4.927459161849521,,,5.060001613021263,,,5.23980145625127,5.38648874940319,5.893584668581689,,5.4758728703264765,5.524490964232942,5.200140839765818,,,,5.307270635136701,,5.72964554114305,5.349088386905945,5.658755464372436,4.601643092682912,,,4.938023304812974,6.022891338606832,,,,,6.459978640093164,5.164546681456681,,4.916917444872885,5.661235742066068,,4.832821293987316,,,5.399562522506555,4.894883552094947,5.878010891557604,5.720886174083544,5.450160168314237
PXD030304-Sample-1629,,,,,,,,,5.973656329797789,5.908705139136836,4.90330777433566,,,,6.163855151872105,6.089973527438666,5.667568405797893,6.155612655016796,,,,5.97775969081516,6.150099444856934,,,5.517385500960903,,,,4.879942971716619,5.178438538323826,,,5.164958796822572,5.271346298880144,,,,4.795753577548696,5.008017544806906,,5.454822199167546,5.732308209853758,,,5.359471137545533,4.832978030013776,5.036624252656985,6.141761122652161,5.9192234187897945,4.920066999689282,,,5.05733662066824,5.577759633104886,,4.9868521400829895,,,,,,5.246534719770578,5.269053020088562,6.181718584249859,,5.323693808580903,6.097274105302818,5.149351345986214,,,5.593046591336593,5.576942467795472,4.741678309598274,,5.318301376852965,5.637546947482875,4.864321746589571,,,,5.979400647872857,,5.567605152453496,5.440632911852678,,6.118172239409499,,,5.091986949959827,,,4.796186001055858,,,5.34468064346601,,,6.304505084883393,5.0807081072559
PXD030304-Sample-163,,,,,,,,,6.129342423255016,6.103996185249759,,,,,6.011410597644685,5.733122508150742,,5.784160927495254,,,,5.847654340008682,6.214522876435856,,4.74978284008726,6.008060393854688,5.174987531444064,,,4.945850157933898,5.217009875881344,,4.944376203951483,5.515061601725536,5.434232345930418,4.6134818736375225,,,5.118581534620817,5.3097928205617135,4.485565087635225,,5.875627334582143,5.431011122639206,6.094034881410038,5.271685952340248,,4.936442819014952,5.856922054477257,5.778947816496968,,5.322726545855918,4.7986723669635705,4.923645221405955,6.265831509870764,,4.507743882670216,,,5.279155686217245,4.8204318795542855,,5.113381964806422,5.514488368479722,6.0907293981077775,5.178005063291812,5.2922845971039845,5.987364625456045,5.527247719457889,,,5.175250686134096,,,,,5.534071673194124,4.526583888237868,,,,5.870024051227169,,,,,5.916032020759326,4.985397202492231,5.856614851627999,5.000778572812857,,,4.735454117988646,,,5.516061012600795,4.890786047807156,,6.371498865591063,
PXD030304-Sample-1630,,,,,,,,,5.837195300669437,6.182243989475294,,,5.998863596474122,,5.9577236628797285,5.890008325401933,,6.235593767446264,,,,5.138892881517307,6.100275611679715,5.752843907468089,5.075896024809701,5.496650272488996,,,,4.802338190896679,5.451275721634223,,,5.06029641632277,5.4790789887527245,,,,6.034495275015751,4.641974456867599,,,5.988010968160794,4.847917640257594,,,,,5.584590582995723,5.461377421035329,,,4.858160669138177,,5.986559577290947,,4.821792238243611,,,4.9208859878679165,5.164207564695841,,5.18814131869009,5.207076663924009,6.111842342433532,,5.262335610331776,6.005034801548446,5.076928523112094,,,,,4.65431541443518,,,5.549934293433121,4.535829361637229,,,5.124998191958009,5.916547805755153,,4.991377941221468,,,6.270200292346876,5.030435516016477,,5.045768316457523,,,,,,5.242943145428328,5.728026718302306,,6.303658923695767,5.3376752577603455
PXD030304-Sample-1631,,,,,,,,,5.936860159663662,5.898104951374266,,,,,6.033119507251964,5.713015406670671,,6.20378180677953,,,,6.163873367845749,5.879050682423266,5.819866334760033,,5.933763074313915,,,,4.582445493924867,4.7554409649014495,,,5.614435750711502,5.547325019935985,,,,5.248314531761327,5.174881192372155,4.893237184278244,5.4039586217735645,5.589910497107187,,5.5649040557627885,,,5.008691414417517,5.94195507664032,5.771698661746316,,,,,5.852954727452127,5.264861477882405,4.901163060451754,,,4.983186666001143,,,5.208178559789863,5.562355481755998,5.905707401046816,5.7563486647537765,5.319654609193691,6.318599780793775,5.130044295484523,,,,5.237156687707527,,,,5.611351585684151,4.5342253920798345,,,,5.966413065321783,,5.765566939899414,5.097242613729188,,6.085672499720131,,,5.0725639717862245,,,,,,5.61007526598244,4.805662233603791,,6.525372808160597,5.348201012751481
PXD030304-Sample-1632,,,,,,,,,,5.8474655072002575,,,,,5.853570942434828,6.256089058186284,,6.055653549059251,,,,5.106684943436013,6.11305754754262,,,5.5792096113640985,,,5.0811648215767535,4.500738176986441,5.0094457777888985,,,,5.485232125001411,,,,5.470759178306885,,,,5.910827990978189,5.561181289182173,,5.335524135590252,,5.26705517751564,6.004069160793792,5.681585130328373,,,5.154871528230873,,6.076108706756889,,4.81973069222727,,5.183039380515667,5.240034557785291,4.8681666112952415,,5.128129053717117,5.24685449562924,5.950433387339939,,5.054127079875544,6.032051651311332,5.38929021376608,,,,,4.655673656611087,,,5.5610229714856665,4.812683708398277,4.701134646234511,4.678982698701297,,5.603727361969431,,,4.755491576195737,,6.234641964413153,5.039222715659248,,,,,,,,5.248932298919657,4.767618287875586,,6.411890853564326,
PXD030304-Sample-1633,,,,,,,,,,6.273797944368599,,,6.171538491501384,,5.6013185043725695,6.011419500254435,,6.382587026199838,,,,5.292784848987812,6.092097923231648,5.921949396060986,5.380711922778033,5.42735939898454,5.3398485068794805,,,,4.530918205626743,,,,,,,,5.975520591351535,,,,5.48995405166354,5.45985314163332,,5.449556053262593,,,6.093775593938435,5.708439789444456,,,,,5.797592040123196,,4.978220641294089,,,,,,,5.327780496790678,5.834777967054869,,5.52069068999589,5.561403522263349,5.827369956215878,,,,,,,,,4.643321318205345,,4.765568227572444,,,,,,,6.480049157866193,5.183617493040405,,5.154978387300246,,,5.156656866685559,,,5.37838877334789,5.003139782522719,5.89216953160177,6.210890404549071,
PXD030304-Sample-1634,,,,,,,,,,5.984291142747627,4.955678191034439,,,,5.836335395074701,6.28914495925228,,5.314288411632117,,5.221940177002312,,5.299534317684977,6.406512809692158,,4.920408760067932,5.969181111406271,,5.086173722259106,5.199033131050183,4.635889294058359,5.386200484937602,,,5.200883662943744,,,,,5.465451942506391,,,,5.499093181102727,4.992858734834027,,,,,5.697445871199276,5.550615710442403,4.6792725283064645,,,,5.645567183429112,5.648818110443024,4.965327558976793,,,,,,5.278115840576618,5.369360722704461,6.180058467556613,,5.4708548081859325,,,,,,,,,,5.684547714148824,4.641957730419739,,,,5.732536132300012,,,,,6.083912366769679,,,,5.984436021025387,,4.86640619141025,,,,,,6.34832927714335,
PXD030304-Sample-1635,,,,,,,,,6.277728676558353,,,,,,6.172263220117268,5.8561875268506745,,6.342583583346213,,,,6.035144600928191,5.919635272067611,,,5.534791290305817,,,,4.593223815452917,5.088128594738724,,,5.638989093413684,5.284519594360695,,,,4.819273890283454,5.201997656189168,,5.4386906992886495,5.433283265818496,5.237332876350016,,5.374801879653176,,5.039038568144775,5.991242198270881,5.863664955532956,,,,,6.136265812664672,,4.90839463785473,5.688502095844713,5.2538113201719145,5.332758530589835,5.248972717780239,,5.292002540673291,5.986479594888166,5.998819097252107,5.310569626207897,5.267693389523003,6.349998790672798,5.1677907240196985,,,,5.273736113580281,,,,5.949328867370901,4.582376433783814,,,4.90399806246658,5.987582750000522,,5.079901869245719,5.1378539483799255,,6.117809715618465,,5.354173873294243,4.80725875850078,,,,,,5.327333810169738,4.85918833857591,,6.411048765813387,
PXD030304-Sample-1636,,,,,,,,,,6.220239079535549,,,5.887536574760778,4.942651568751599,6.126976243505707,6.339259672854984,,5.628918607710969,,,,5.276407706361405,6.357637176348862,,,5.41820679203446,,,,4.565712870314404,5.702329087210943,,,,,,,,5.259900775843352,,,,5.964391457135901,4.915275924501568,5.270913230681725,,,,5.985535822108365,5.546663568812176,,,4.893853675089068,,6.225965107502306,,4.875094239495937,,,5.382421991033356,,,5.169383796300292,5.354546050131953,5.851419563057494,,5.283224367295444,5.461312591385357,5.624411552606707,,,,,,,,5.61442071698581,4.571894911265897,,,,5.652545714402581,,5.071347325936969,,,5.778828408654196,5.1067764254165136,,,5.610422360018827,,,6.021047375649991,,5.302329047212448,5.26416499802846,5.818809228335107,6.152691602278983,5.399915100826568
PXD030304-Sample-1637,,,,,,,,,6.20577466202631,6.191755014750037,,,6.097274931021694,4.943247285670893,6.261287204951332,5.999438492686944,,6.3350420185594185,,,,,5.952043584007596,5.803403983296428,4.806843267010952,,,,,4.5621110075340905,4.924893942423202,,4.999756749485274,,5.208225447313021,,,,5.583015582344758,5.163647383332799,4.572027464263259,,5.950033625056903,4.900820055139374,,5.336220818887393,,5.036768861043379,6.000280084716824,5.837721671505835,,,4.865496836751505,,6.418408396392607,,4.889975349134701,,,4.9660062702428025,,,5.194601821569587,5.243800957196626,6.035332337895816,5.257359832785385,5.323408421409925,5.761665854387571,5.608029705019244,,,,5.23027494455189,4.694847977131935,,,5.58911384806736,4.81343892531746,,4.684196090846365,,5.947655511543829,,,,,6.321310411075409,,,5.098513577716265,5.596837091158553,,4.782659759287465,6.039821757957481,,5.591317200404452,5.162373014403909,6.094035241454818,5.955434543090415,5.065129955593333
PXD030304-Sample-1638,,,,,,,,,,6.205648827457097,,,6.1599769774375055,,6.190433330034622,6.2099202715842825,,5.516849320149463,,5.097758329012614,,,6.392581129427769,,5.299469431110057,5.4420665479732735,,,,4.544299846451121,5.542508320404672,,,,,,,4.66314190671193,6.015476334578544,4.6855804146060285,,,5.962354443973799,4.91722467141088,,,,,5.851846825368567,5.845100545393117,,,,,5.720195277410921,,4.557093704002556,5.16954411880153,,,,,5.129841365303943,5.586180888219851,6.25863866147862,,5.632941229828034,5.454819612507891,5.431273456477595,,,,,4.699174524671803,,5.299023707871448,5.602401644935512,4.886977234308469,,4.705508788779917,,5.965650589783358,,,4.79632779690919,,6.089550990862916,,,5.0710812027847565,,,5.073952958227425,,5.491868027608261,5.308989573204102,,5.808604025343392,6.135450563312302,5.48023917809422
PXD030304-Sample-1639,,,,,,,,,,5.925283301687076,4.912222258063671,,6.010604757487982,,5.86828277076675,6.214154776517783,,6.37950254648222,,,,5.252732035975522,6.410749945576221,,5.159542191781704,5.508212359331794,,,5.147970298879133,,5.572691448125101,,,,5.250315775679327,,,,5.812793676867569,5.032797246309553,,,6.050843850910887,5.425696843832274,,,,5.055775271469963,5.984973193617535,5.73759387777506,,5.908452303141584,4.922214715508483,,6.067201473488376,,,,,5.068369936747282,,,5.176006627805148,5.34075099382111,5.935225682027842,,5.365564341184022,5.485026721014359,5.646041863537781,,,,,,,4.836567897945155,5.631451510614986,4.587991598751251,,,4.920046426297088,5.991103261640281,,,4.8193976410732,,6.245533485152969,,,,,,5.109914922904921,,,5.3292486935294505,,5.838324521188573,5.993459094366582,5.3890865823113785
PXD030304-Sample-164,,,,,,,,,6.010215304208651,6.26416909068429,4.931225587803605,,5.95120947426287,4.996853337879132,5.653270689906221,5.7022102485128885,,5.986060823189486,,5.469618811965471,,,6.010589115422185,,5.36211697970908,4.89069119834373,,,,4.626690464360908,5.42459102274105,,,5.667841823603837,5.275200151258996,,,,6.037831933868356,4.798028009489092,,,6.080237072862792,,,5.41044327718961,,5.064927107374906,5.679639464795837,5.482717831243745,,,,,5.783273863084747,,4.943863529580848,,,5.09526681338047,4.973282221056408,,,5.36116321145347,5.960014132121088,,5.595230626048499,,5.67512403173282,5.882490559376138,,,,,,,,4.912617660274078,4.809657475902118,,,5.715381611483901,,,5.327170568855736,,6.152275405564855,5.154810334392186,,,,5.437484998396195,4.840276689894927,,,5.369418551778388,4.922000895789298,5.868561760111867,6.424168265448256,5.111625128222944
PXD030304-Sample-1640,,,,,,,,,5.855443083329872,6.147677038263013,,,6.067890453115615,,6.140181100039835,5.89887879233754,,6.17487716764164,5.9422019930191325,,,5.697977868359786,6.102698481974834,5.754957803220011,,5.080068214069902,5.688526057074521,,,,5.237953085237127,,4.956078871681347,,5.472978598868299,,,,5.634057932924839,,,,5.754441953799348,4.839629989621048,,,,4.946518741757137,6.064798537652713,5.69452379643004,4.527301480067526,,,,5.795919681740514,5.503507388040088,4.867847891282838,,,5.037983300654012,4.851904698250031,,5.174843214839956,5.973681489885002,5.921576941008276,,5.555468290482204,5.8847695338039046,5.371478278359009,5.740839598001789,,5.200729136530562,,,,,5.569167270269247,4.76609536163911,,,4.863013839429157,5.901088538944308,,,5.033064450807,,6.326253016096317,5.020230540172743,5.260840140739486,5.055456359874281,,5.03040247581983,,,,5.294027748175443,,5.751956518177713,6.313351121508706,4.9880458568013415
PXD030304-Sample-1641,,,,,,,,,,6.2875501212463805,4.915573036475546,,5.262031030872319,,5.692494139832604,5.994889450977259,,6.118678963925987,,,,,6.340579447405497,,,5.612761646863184,,,,,5.684234790712387,,,5.471893451345837,5.2703174880858334,,,,5.780312129284069,,,,5.847765495793709,4.946213834067007,,,,5.048738545719365,5.700217390149353,5.507638702808918,,,4.932403599918498,,5.77474215281803,5.344978994292991,4.667346559106831,,,5.019125414903978,,,5.254978881693974,5.426669032160278,5.850393073719755,,5.396384172313782,5.49494610920933,,,,,,,,,,4.593479612257735,,,,6.010573320224266,,,4.8431653276580064,,6.128230870440495,,,,,,,,,5.367867952880139,4.83548848883655,5.837783824102469,6.406181422812165,
PXD030304-Sample-1642,,,,,,,,,,5.950557787026471,,,,5.004470825906395,6.092397987751082,6.0361635973822505,,5.676993956865212,,,,,6.122927905726151,,,5.7963231851206105,,,,4.6037324844080585,5.47023824170797,,,,5.586453430565335,,,,5.615297426334954,,,,5.461630996748881,4.962198911433028,,5.441213381839088,,,5.996384670374734,5.829522741603089,,5.473858287600186,5.27519159446393,,6.01694904243821,5.631395624405272,4.933452039009041,,,5.043492677221392,,,5.2435179857689045,5.641851161482958,5.883055694551667,,5.280384400425788,5.997077479254741,5.491949529791637,,,5.802248262111559,5.298011574259209,,,,5.657432709309525,4.624325828071438,,,,5.720721149624847,,,4.859524245428877,,5.960667910624112,,,5.348915034066127,,,,,,,5.247719014334252,,6.332293511303773,
PXD030304-Sample-1643,,,,,,,,,,6.254104779753527,,,6.103804150248396,5.008299599371326,5.922102382655143,6.124286418098045,,6.130213579777768,,,,,6.3949035691060265,,4.865837228666293,5.152459640406098,,,,4.931094622173146,5.292876233027412,,,,,,,,5.364128211153004,,4.652922522291528,,5.638744248588314,5.442938637889747,,,,,5.691434633763516,5.666034061043888,,6.259903958411606,4.93427886677371,,6.455695910988009,,4.952486081817252,,,5.037134878714426,,,5.22593537629555,,6.238457067045576,5.32652356787256,5.525390787853135,5.511467860206047,,5.852646091427781,,,5.303870089383974,,,,5.663569384980367,4.6135503019575,5.35336344043129,,,5.696857120568805,,,,,5.338837386659876,,,,,,5.13586444963717,6.070352420268687,,5.345689090034262,5.157733021503326,5.869098710255754,6.022813495907926,5.609675179861222
PXD030304-Sample-1644,,,,,,,,,6.214278293267708,6.165399668771967,4.867836956698609,,,,5.800130667818203,5.914125932262699,,6.342540610271405,,,,5.986896073713198,6.031892665533427,5.777580228762407,5.088996074605422,5.11588753833736,5.226272748026591,,,4.500280120623192,5.385056323027785,4.868700263026683,,5.576207228200688,5.489386166745138,,,,5.703843607729388,4.6704049377475165,,5.675483519971992,5.861091401927501,5.486762667238517,5.224196499147785,5.311210559782735,,5.017355954096176,6.01058162605842,5.764309059281748,4.869601471143571,,,,5.998997946507249,5.243363764885442,4.927136291352534,,,5.247410214544591,5.1891924386176935,,5.181755230130553,5.684393382390535,6.015791129764226,5.272939410157129,5.565472251791171,6.03706701753393,5.579383322582292,,,5.5243507318263845,,,,5.075452191220286,5.580031751153169,4.534563494467558,,,,5.927845589481169,,5.632397547534644,5.064947701440772,,6.130897866318219,5.045448617170505,5.286982808645244,,,,4.73434137989548,,,5.2673159510670295,4.786108892553872,5.779811254191243,6.416182122195442,5.025958549727343
PXD030304-Sample-1645,,,,,,,,,,6.01776485688443,5.000233801067015,,5.911694912950878,5.061944221395084,5.779228144435842,6.595665022710106,,5.342669657307601,,,,5.282315561049618,6.503183383367629,,5.551403304600895,5.424442615224574,,,,4.671330787449747,5.627486969295672,,5.115910528024287,,,,,,5.80678987794532,,,,6.082161444985168,,,,,,,5.322229364045175,,5.514984350790771,5.002324006491172,5.943028018684406,5.361830323713584,,4.989421316438671,,,5.07393002371595,,,,5.414901199760708,6.125586277973349,,5.418860309112244,5.610699638983475,,,,,,,,,5.714325425388712,4.677307254373746,,,5.482112216890742,6.082355912518416,,,4.915199719098005,,6.207580448869754,,,,5.730248611369286,,4.88815800133955,,,5.447110484444245,,5.96347582810714,5.776870461052787,5.827331790022587
PXD030304-Sample-1646,,,,,,,,,,6.250267385030679,4.935710183890275,,6.093378241790422,5.009412314305948,5.980165562671253,6.179795971503058,,6.122231443753108,,5.155035398248383,,,6.215564892850061,5.576219371465933,,5.496211598139327,,,,,5.7274106212544025,,,5.650454833633409,5.2718990941561215,,,,5.934061031808112,4.743545719991618,,,6.026828083766621,,,,,,6.023612958830798,5.52147059213846,,,,,5.7981629258967295,,4.934667595040743,,,5.327010827453942,4.966772541921356,,5.226896100511382,5.397382017958612,6.049407719734129,,5.60105407388959,5.81067290150561,5.797302752178698,5.558062125505089,,,,,,,,4.60761578631821,,,,5.751265298466921,,,4.840655125909742,,5.663228934943676,,,5.165835057306793,,5.418942952546611,4.819403246358208,,,5.3633018771629,,,6.010694549325146,5.1291796937001735
PXD030304-Sample-1647,,,,,,,,,6.34473954409947,6.279110041901807,,,,,5.431085890063815,5.645640763200723,,6.5165589377601325,,,,6.040170210557086,6.085968666317422,,4.91356990190836,5.796770601960016,,,,4.619759384272968,,,5.093373037240864,5.497472855185464,5.3401299880933335,,,,5.508836200581152,4.773624986908805,,5.475880947222106,,5.475683232964723,,,,5.428700900324057,6.028316071613777,5.685521909931655,,,,,,,4.985490825503593,,,5.144628376206669,,,5.3295413458031815,5.808468008207876,6.008374387958208,,5.449924297297197,6.240175369830341,5.2109392142442434,,,5.342695631307521,,,,5.372796645211399,5.6754745245996165,4.907378543240194,4.827117189053818,,,6.036166498554578,,5.735599711967025,4.867177427725409,,,5.158948935896176,,4.889519504814556,,5.645096569353415,,,,5.404426603590393,4.889852196186054,,6.614023229157187,5.451558238546339
PXD030304-Sample-1648,,,,,,,5.749467886860849,,,5.903368652962511,,,5.8951098657068215,,6.116069336856649,5.660749475525605,,6.139646977169603,,,,5.954565209825131,5.907859473015252,,4.844701896276987,5.554733220338068,,,,,4.465979738049698,4.918210790573828,,5.605715197147321,5.258780085186938,,,,5.438504005709201,5.4027081669909816,,5.704878754215868,5.912539920979776,5.522800326554111,5.275001227173892,,,,5.6139491022514445,5.895474610369005,,5.433040164373939,,,6.280906991774156,5.583706038909492,4.602348569145524,,,,5.230169220878178,,5.18607417955614,5.3127310995429,6.201806657209648,,5.611337412757342,6.070502734275364,5.147746194633364,5.816914974642253,,5.275356266010915,5.552798536747105,,,,,4.570967148741818,,,,5.980409193997496,5.599871276716959,5.3608235354121225,5.534071300985603,,6.31572387766667,,,,,5.592290448789918,4.800969181156709,,,5.318597225518351,5.179241814087484,,6.524256254671243,5.058335569454462
PXD030304-Sample-1649,,,,,,,,,,,4.843926622650803,,6.024888727657546,4.928326529613094,5.909520036691259,6.2485419877631685,5.626301035985994,6.418776366326712,,,,5.214702597421055,5.991550833171544,,4.809783163164746,5.784604365142173,,5.006663618427348,,5.006407856450387,4.906224420586477,4.891996671468384,4.993141663194213,,,,,,5.933892001605287,4.964694506872422,,5.399094031197071,5.6872671761094375,5.194133980115576,5.536751225762801,,,4.980871969194891,5.981434076819741,5.790520249081334,,,4.876601291151547,,6.147141302958799,5.730936191647484,4.887479964704802,,5.194826885607444,5.247682944853883,5.197089109580002,,5.1432330155640695,5.273032677038825,6.13817568593956,,5.455120894885623,5.742335515000072,5.721697767549592,,,,,,,,5.86911607022028,4.518871369183837,,,,5.620138442858572,,,4.77154600503169,,6.068949614336249,,5.305914792193886,4.756179534667943,5.5780974059768464,5.058702979632846,5.053632093776843,,,5.2696585744668925,5.204187944352508,,,5.377730950185365
PXD030304-Sample-165,,,,,,,,5.598213738094708,5.894892520442212,,4.828766181577813,,5.443512372998513,4.877689480117503,6.186659149288619,6.065319205315371,,6.335844537821776,,,,5.814619599804469,6.110190749985097,,5.258894126544663,5.4507636202054845,,,,4.973572594095251,5.401114320380386,,,5.55588650668859,5.17027062301198,,,,5.646027568694612,5.106636611688621,,5.665698969269656,5.647954763568099,,6.223155683376234,,,4.95982517739404,6.055263226364026,5.62302586635953,,5.344593422469569,,,6.356457696242293,,4.844833177074986,5.113069745516835,,4.954921277132765,5.161914358938942,,5.182102092465732,,6.123342116667384,,5.379323062502178,6.001977908821015,5.370750214785439,,,5.820130433297917,5.504673570220855,,,5.258163590015639,5.543661179130081,4.793838342975183,,,5.138125270250125,5.9017514379412805,,5.606884689639883,5.356514283249659,5.805530131823895,5.955485668976701,5.019129802743667,5.568277171940135,4.709277946287382,,5.338046247686321,5.029693178064385,,,5.55277904054579,4.750823131809585,6.050665671939924,6.4651627664462925,5.035575453098726
PXD030304-Sample-1650,,,,,,,,,,,,,6.05491481192035,,5.929872810915769,6.010132493428218,,6.419565203733806,,5.414772060744781,,,6.353412597865368,,5.30126933168809,6.122233783552696,,5.022408374649484,,4.563097656578045,4.760429325918169,,5.001012195484704,,5.537579412044022,,,,5.967458671402726,4.997092577124608,,,5.894703590604165,5.3872806592734825,,,,5.018670556887375,5.922036237603018,5.756469703600975,,,,,6.270555855268979,5.273340432073684,4.870582768058715,,,5.301942614510835,4.92566928862947,,,5.320399422410736,5.6295357007826725,,5.202538396123356,5.462578410585489,5.138478944250589,,,,,,,,,4.5666639038872425,,,,5.682455095622874,,,,,6.364804360533844,,,4.798697075936008,,,4.804502058063694,,,5.312623174319711,5.158089712146944,5.807444270767035,5.656829752691268,5.377935963944023
PXD030304-Sample-1651,,,,,,,,,5.906425014093221,5.863168692469944,,,5.150635428679375,,6.067939988576487,6.289938428125321,,6.123839587628164,,,,5.11660742728432,6.037510121145071,,,5.175295547016812,,,,4.5331515888677725,5.269614188540255,,4.990825136927267,5.566269589018681,5.183169074133855,,6.099372560381168,,5.617891282035602,5.136635873312752,,,5.92204819724353,,,,,4.969196982897181,5.671150936782569,5.815561792428475,,5.372593614650283,,,6.074290972925159,5.233919986341686,4.869831116927244,5.142626650362781,,5.239290987027779,4.877933784492039,,5.174818336536696,5.287432209201558,6.012432546092288,5.239722442816821,5.464433757085309,5.729956388393588,5.576125038453236,,,,,,,,5.579233709189759,4.548506479114328,,,,5.612801003205987,,,,,6.176347196073191,,5.283241216689175,4.790483699523087,,,4.781349465094893,,,5.264722787949936,5.327874013616158,,6.3277228151818745,5.016042865859776
PXD030304-Sample-1652,,,,,,,,,6.174939820252871,,4.83591222395089,,,,6.100786499466369,6.036417545719907,,6.2410550251937735,,,,5.887070434197254,6.055676335792636,,4.778895733989006,5.484517443482185,5.700296938260042,,,4.788178282419449,5.4021915763320285,,,5.558214092668942,5.490595120033596,,,,5.263574137086801,5.363235333075725,,5.368488991649046,5.64554459060952,5.555981740013668,5.922592141231426,,,5.285973592790869,5.578420858519886,5.881352891327516,,,,,5.909020567139979,5.516037073694102,4.857662777877678,5.914934424155569,5.474932262516797,4.965237583004403,5.1697231406304125,,5.451895216685814,5.975793981981948,6.2173920858449065,5.242224183161064,5.246661532698004,6.263794734313809,,5.741366788857008,,5.512616856192626,5.50477580033397,4.962128369425319,,5.26056478820575,5.860310373115311,4.795043447082029,,,4.84310150379364,5.9122435107779765,,5.483838118991722,5.379406881820423,5.48458704265389,5.943502805732172,,5.265830962569701,4.716192726432255,,5.349027158227632,4.726767754525822,,5.438265194420518,5.561007133597215,5.387009283460139,,6.473079807642151,
PXD030304-Sample-1653,,,,,,,,,,6.186230175375286,5.148240608535723,,6.125646760366807,4.928894932937064,5.9860447132249055,6.257856499010192,,5.941809690787833,,5.066472142136696,,5.757195856619118,6.206859405473169,,5.282384382283462,5.531769959361171,,,5.0943327314124325,4.835265845850588,5.384948634488606,,,5.085572429873442,5.197263385819065,,,,6.061334731342334,,,,5.93725171195036,4.878641821022083,5.233980500800805,5.612246605622889,,4.995393650727297,5.993025546664721,5.703525247042002,,5.369288851526052,5.18912265827141,,5.925725972105714,5.240284390762212,4.865760657834599,5.171703895635849,,5.244872581598367,5.196992616223284,,5.123636974145416,5.369539554767743,6.020555219451058,5.251050061504096,5.338459404355025,,5.413939943653212,,,5.247692317891568,,,,,,4.81425502358459,,4.661377546686563,,5.935254940204358,,,,,6.338580839902303,5.070501712173694,,,,,,,,5.284546531799397,5.207755135082978,6.273237407341433,6.11541268070717,5.44112642520042
PXD030304-Sample-1654,,,,,,,,,5.983561291647488,,4.903960949800112,,,,5.540226682787577,5.775009165357198,,6.243874534402343,,5.1101629140449925,,6.024298847692124,5.988452113819306,5.5225079194985724,4.842103361681039,4.8649468957406805,,,,4.919470797979336,4.945327078221144,,5.047403488455331,5.6131607570605855,,,,,5.079994770052768,4.706219250023409,4.60272855737008,5.413495355888744,5.598034790584226,5.625944238841348,5.983729138671096,,,5.041612633414114,5.981725927444131,5.449396343722957,,,4.920866544251578,5.047414900181016,6.044841419100892,,4.942228308864285,5.6698876836513215,5.545767452673537,5.2814347121971785,5.238118819294583,,5.258288358300585,5.59046563518258,6.213382664425426,,5.355282142912377,5.959903895031274,5.140782839608161,,,5.273213267769962,,4.719005513323628,,,,4.85066707632549,,,,5.98433107947004,,5.362309075928471,5.309822640018012,,6.276081835102231,,5.339442030189175,,,5.106060302218682,4.803608535043919,,,5.611972479190707,,,6.468196173150467,5.070362289917475
PXD030304-Sample-1655,,,,,,,,,,6.194681142343839,,,6.090793978777693,,5.890082762679598,6.27118197890081,,6.266986196528275,,,,5.193395606029526,6.200138553005768,,4.815194112919174,5.294755443781159,,,,5.041110544739223,5.365065715326443,,,,5.223155047399198,,,,5.894637573438725,,,,5.572141612838409,5.606173089385281,,,,5.305121200052099,6.077061696818635,5.653303036844528,,,,,,,4.615535237470845,,,,,,5.18804737585099,5.292430136397266,6.123453380598091,,5.5368454261441205,,5.604823935056873,,,,,,,,5.917383207057297,4.551849551278561,,,4.922331632849853,5.961363551731726,,5.053672331999666,,,6.440048107160743,5.081044439106512,,,5.902888453541025,,4.756112029051256,,,5.32774453230959,5.796031646586194,,6.1345051642976935,
PXD030304-Sample-1656,,,,,,,,,6.385498069998692,,4.864059921117189,,5.474454686429044,,6.063613249532187,5.96016097898762,,6.555454117981876,,5.081198384337284,,5.874371489076854,5.939084347509557,,5.108629509535036,5.43041932265362,,,,4.86016518254927,4.429874567405106,,5.003170250360931,5.1044514486598125,,,,,5.3424590232902505,4.673474779895657,,5.35786557972307,5.407190900974727,5.375275696010072,5.268756660726378,,,5.297108645912765,6.189799150492783,5.690279635555785,,5.70458089794252,,5.720845868075239,6.149325407573067,5.239992659391962,4.927302857192625,5.153095612710748,,5.368089927010812,,,5.4626192192533205,6.099092500275579,6.214706816704603,5.3342072559755085,5.436390094857642,6.153636498785676,5.1094950179438445,5.778988926632797,,5.59143519340653,5.527892304199991,,,5.274143880309032,5.628408508386446,4.804647671224383,,4.663720139476756,,5.947873058605174,,5.644959681765227,5.484128037648758,5.515884163319644,6.353155864410205,5.071875393676144,,,,5.047559259256691,,,,5.307756399440875,,,6.435677779192817,
PXD030304-Sample-1657,,,,,,,,,6.001722926305414,5.947979503671194,,,6.093468858357156,4.997827055350477,5.920028465420248,6.471749554204786,,5.819184255596223,,,,,6.485696477999692,,5.3588457122782565,5.3707517242346,,,,,5.554388060782127,,,5.169632258652133,,,,,6.030860912451533,4.746487824768535,,,5.9435286562040615,,,,,5.058554709713804,5.717265452052684,5.434253068777892,,5.45865752384653,4.927798102733157,,5.607763775332974,5.329551897213477,4.936359902757643,,,5.056882436296059,,,5.218689638025841,5.364525554751466,5.918115052815379,,5.528003154186295,,5.190866007777742,,,,,,,4.873180239614862,5.647021226114392,4.595839398290623,,4.747851852187136,,6.013648446383867,,,,,6.472902087741908,5.44053155318684,5.383631107000908,6.185077728455654,5.648813599237169,,,,,5.362094370048117,5.371163415102865,5.85087349602772,6.187798799459404,5.463975395929709
PXD030304-Sample-1658,,,,,,,,,,5.968031360672359,4.951396505249391,,5.247781399822819,,5.908782151472046,6.464795880566886,,5.948318712901922,,,,5.254620680486386,6.155840133095394,,,5.217446891675437,,,,,5.658202281586604,,,,,,,,5.899318396993757,,,,6.040050522553772,4.983581188620792,,,,,6.052873227602022,5.575348900841796,,,,,5.31422061065018,5.339021018713531,4.670871527344964,,,5.138443438104241,,,5.2145688244309945,5.352894289503833,6.2052530521390485,,5.529561062009627,5.529797752967255,5.514925505055602,5.571120602654498,,,,,,,,4.6371549415751625,5.139402094942653,4.806135469037921,,,,,4.867585094333829,,6.34725893060623,5.155482319579603,,,5.696393021137208,,5.145574118185199,,,5.365927390336605,,,5.7382121809016375,5.46534703119217
PXD030304-Sample-1659,,,,,,,,5.719339227898264,,,,,6.110132439454974,5.0789019181664266,5.907723229146779,6.415979187082348,,6.076027711172962,,,,5.297458927655253,5.9650332379985,5.891201884165844,4.906370018244963,5.211647124551554,,5.08553114272165,,5.100927909392496,4.998059167172343,,,,,,,,5.246151577117395,4.757385003094665,4.658136047517871,,5.959993631694931,,5.650584295564154,,,5.400864434062493,,5.615173525046601,,,,5.10932751580762,6.250976514918819,5.353818985077175,4.990663959523432,,,5.069146610234337,4.992106703377512,,5.241658452073521,,5.7661931344619175,5.338341608082606,5.395567138211387,5.838441974085024,,,,,,,,,5.663445228218066,4.635631178674701,,,4.940774969231059,,,,,,6.287428795216723,,,4.865773719774547,,,,,,5.378517383087621,5.628163664953921,5.893732641638305,5.751010925740997,5.694757930007545
PXD030304-Sample-166,,,,,,,,,6.279786064713943,,4.907568405997431,,,,6.168339628069498,6.092260839257263,,,,,,,5.13262966933446,,,5.457886831335298,,,,,5.069910008127988,,5.03440023200728,,5.296838585221171,,,,5.493643265135834,4.719930397893714,,,5.111511286687865,5.406247868047246,,,,5.368330582918215,5.6303438484303205,5.741605257094809,,5.395916312357807,,,6.195069964455866,,4.959608350307839,,,5.001596786121421,5.236341668658405,,5.232424487699019,5.309750142995237,6.129216691091751,5.300120756628224,5.315255489335255,6.274370267136704,5.145807897140312,,,,5.257506287175767,5.017594446425786,,,,4.574364129991997,,,,5.993114724401003,,,5.109007713749437,,5.812052929032128,5.106867572688087,,5.394060819444928,,,4.794448386423223,,,5.357194455046686,,,6.553873244602117,
PXD030304-Sample-1660,,,,,,,,,6.379427749054993,6.045019078575376,,,,,5.7482827168729145,5.973688366836446,,6.152504297041088,,5.26690283559579,,,6.112778893118948,,5.000473660222083,5.656696527503657,,,,4.703266328468673,5.309923465367262,,,,5.373710636338116,,,,5.222211851291153,5.1588413056833335,,,5.743877399759059,5.053965223848963,5.426382215534879,5.545115574720913,,5.477548983752295,5.763838772200117,5.699554097869363,,,,,5.3959838115441485,,5.027442879616609,,,5.119963432191836,,,5.343037885981032,5.468597761436611,6.151375191532168,,5.618111167436198,5.611071552132719,,,,,,,,,5.744044199005677,,,,,6.108540241518757,,,,,6.067906656686901,,,4.935907185510377,,,,,,5.461029172796529,5.603167067285914,,6.525864979890185,
PXD030304-Sample-1661,,,,,,,,,,5.8838116346976825,,,6.163313421606056,4.952802256171707,5.926686207762824,6.494642597877844,,5.869573953404873,,5.583944347692756,,,6.261124088573599,,,,,,,,5.68552449461427,,,,5.213262321213194,4.709577682911788,,,6.038936641815129,,,,5.876667882198232,5.205317882523725,6.221598714271492,,,5.0037632041339775,5.984102935016987,5.597271194414002,,5.387077367519851,,,6.103964037671212,,4.889045588320756,,,5.001693477826557,4.905049159978613,,5.177425565353083,5.290953467979073,6.0098428610632695,,5.227800824342896,,5.123122077897342,,,5.259319746482894,,4.693106005808019,,,5.599603889320708,4.823577741728774,,,4.91119011146015,5.951090839699045,,,5.090341341676075,,6.413497726553029,5.091129174234188,,4.776985845924337,,,4.774223538549265,6.320200452160588,,5.311803736634849,5.516302162319734,6.298158114285591,6.259336126976337,5.613817730012027
PXD030304-Sample-1662,,,,,,,,,5.951275989037089,5.945277022981471,,,6.153215018985922,5.026306342622782,6.007277392094082,6.24484448526929,,6.0562003242023525,,,,5.235110911805734,6.159507459806386,5.554733295842071,5.365368917840144,5.501072489307309,,,,4.597663792553932,5.287352406834019,,,,5.286088974841488,,,,5.029262840783001,,,,5.8615357107804575,,5.623528516651614,,,,6.012140499310958,5.479388450145142,,,,,5.6090004123753125,,4.934999531531013,,,5.024533732394199,,,5.200469263661884,5.349798229286316,5.918147077039888,5.32039969126342,5.323171611130547,5.512292643945407,,,,,,,,,5.6530739194478254,4.625726502432333,,,,5.701301401175776,,5.138154406569363,,,6.054547521102477,5.137628629835247,,4.859423163954979,,,4.847493335066987,,,5.354887608727327,4.884370610542593,6.165657540603533,6.323508908538506,5.186388090346897
PXD030304-Sample-1663,,,,,,,,,5.879661762792144,5.8752429356419285,4.8583670182487175,,5.460050698433133,4.927424849297511,6.187910097389179,6.097094558319478,,6.110833611288421,,,,,6.092687303792146,,,5.906822960315085,,5.014921944531964,,4.841181825188468,4.912123778209993,,4.9934471328139525,,5.690361234601052,,,,5.356826331096937,4.671290761184387,,,5.864945733573869,4.88326284431447,,,4.761171375320981,5.308838317894099,6.111269603188866,5.713504124792276,,5.376066239412412,4.867272468657538,,6.193609350207122,5.24919398584847,4.605745358412929,5.1537670701356575,,4.942858429248929,4.894800373322822,,5.158230027028351,5.2431275514698825,6.011276042951312,,5.112605568117902,6.23118738803258,5.420650692854846,,,5.724410967427627,,,,,5.885156745029339,4.819307127614592,,,,5.939936401090819,,,,,6.070571607555605,5.07094455336865,,4.793289169666771,,,4.744993512504664,,,5.285554385903423,4.804615728973737,,6.45208361499785,5.397020531056324
PXD030304-Sample-1664,,,,,,,,,,5.884490409333739,4.871277337549567,,5.179844859888063,4.930228202827095,6.023646256170515,6.240027585797543,,5.214655388547946,,,,5.153448511830157,6.349956080996108,,,5.531632598868175,,,,4.539679116573245,5.535506302109482,,,,5.523810712040205,,,,5.992749127916996,,,,5.950424144902297,4.899625149102807,,,,5.317595758211382,5.625778040807706,5.782384607067074,,5.397912162783502,4.897951517181034,,5.953555963693876,,4.880163327069334,,,5.272730930477577,,,5.151776099517858,5.260554510821948,6.052045314962706,,5.283287441263858,6.057526350384096,5.4260292854596335,,,5.556754586828043,,,5.685135549984686,,5.9000066738265,4.566271766121214,,,5.17240681310439,,,,,,6.392003172352134,5.07664472759861,,,5.594645642368929,,,,,5.29028403025847,5.156076993216797,,6.434506057532976,5.3644755845657
PXD030304-Sample-1665,,,,,,,,,6.287299428730616,5.937407488704824,,,5.83824270537534,4.99144630555818,5.747784451622738,6.021493116559095,,6.226211246796758,,,,5.238041429765601,6.198457701381648,,,5.428452263367164,,,,4.595539833156082,4.803108744508748,,,,,,,,5.476721278132561,,,,5.155555119214062,4.950086515237159,,,,,6.008973421919335,5.646514712214734,,,,,5.998713121756883,,4.911932297036948,,,5.332899072634769,,,5.203949235805821,5.297703145851163,6.033546810169579,5.3085176688718265,5.324046894197791,5.51955810801424,,,,5.3076844274223,,,,,,4.604400077778525,,,,6.005413978530106,,,4.845405474856533,5.586477051876873,6.193352255868627,,,4.875127813802034,,,,,,5.346434335891743,,,6.568538817849086,5.116921779447409
PXD030304-Sample-1666,,,,,,,,,,6.317885941820165,4.980773059855584,,5.769125219077154,5.145149461196917,5.708696285293065,6.562734053789594,,5.506635090204328,,,,5.279667869381821,6.143363362995926,,5.554389751641125,5.436622035003074,,,,4.660483712477309,5.344091421450929,,,5.222691690573717,,4.821073131543195,,,5.890831289179076,,,,5.998351595837262,,6.0761880603785245,,,5.114921574324022,6.156217400864161,5.529601858367399,,,,,5.66257602885303,,5.002964677367789,,,5.07296939709676,,,5.29989871376214,5.434231425174943,5.63032938708118,,5.6510203243715935,5.865686943434225,5.544004007912688,,,,,,,,5.706896262854608,4.939014881958473,,,,6.059403012232243,,,,,6.271253274328734,,5.428644241509445,,,,,6.426930134036813,,5.43482758467412,5.443991848244265,5.93218372433227,6.080666898812667,5.586481712377768
PXD030304-Sample-1667,,,,,,,,,,6.213221721714176,,,,,6.156855181462601,6.441787149037127,,6.009999762377273,,,,,6.213658416715804,,,5.698931237776736,,,,4.869020095090435,5.471243438942905,,5.031375878989857,,,,,,5.194926823098204,5.012057749978988,4.892221422805228,,5.592540786977676,,,5.364317212116882,,,5.952684786263615,5.641494282017981,,,4.888034572413691,,5.969301731828166,,4.917800963259337,,,,4.92234119503069,,5.187966644949591,5.305963156067035,5.8961090700105965,,5.247846429223944,5.78004821942478,,,,,,4.722649581571753,,,5.608308864279654,4.850765676765221,,,,5.982509162713384,,,,,6.171463762166475,,,,5.9226818208867735,,4.796668607801477,,,5.318909579257548,5.100417611635133,,5.9773619535203775,5.377187224854496
PXD030304-Sample-1668,,,,,,,,,,,,,,,5.995045163934642,5.988680777456631,,5.63115034428558,,,,5.255189972738623,6.125043488144252,,,6.005667892834071,,,,4.959785555445119,5.171532783675614,,,,5.329102218669322,,,,5.539203662847234,5.103024991281036,,,5.817836421675214,5.008458774260792,5.382907789525826,,,5.150594488056498,5.860890613074194,5.717989716192059,,,4.981278731214277,,5.848388508255746,5.369580423612527,5.037671990796314,,,5.138462610449677,5.326280018065029,,5.319361183247658,,5.797608820948415,,5.493601460124406,5.560623055210518,5.236980274271563,,,,,,,,5.698761549970649,4.666781622635718,,,4.976406943418613,,,,4.909840364057578,,5.898873790279899,,,,,,4.906398217792467,,,5.399885189097769,5.33654937080805,,6.381172364760031,
PXD030304-Sample-1669,,,,,,,,,5.906484751666891,,4.850746471747033,,5.856133759368899,4.9095770554097244,6.163343758874109,5.983707902883112,,6.480708927459819,,5.067162230481152,4.576901217031567,5.857854181860984,5.988923878228541,5.7987450595110905,4.788313320938088,5.902316843627442,5.246683795789137,,,5.010275595568093,4.417695622943586,,4.983637861702901,,5.22153277215146,,,,4.479885220035917,5.137509496643839,,5.673267438740329,5.552081668019231,5.169956205790662,,5.597476702322573,,5.2915067310143575,6.114116349364833,5.779974865576063,4.581159972234371,,,5.027078115742292,6.135376153120005,5.530113825408187,4.894157675535168,5.7593212060850565,,5.28103220176086,5.190929664760802,,5.15302418782492,5.911481382252493,6.209712282179772,5.304554975082715,5.4598146930138425,6.032468195153019,,,,5.228137874635094,,,,5.293301661254857,5.901061546650628,4.805006639983449,,4.663572081558909,,5.929398132691002,,5.728165977858463,5.059610411558286,,6.063676568326546,5.055863677297056,,,,,4.746781291684105,,,5.284808782352527,4.802123140001107,5.787254845557808,6.487183726856356,5.40389336478841
PXD030304-Sample-167,,,,,,,,,,6.117037818587599,4.806646901757143,,,,6.199491526726913,5.817318320610836,,,,,,,5.819054108024466,,,,,5.521557167348296,,4.756905732308407,5.326303216058775,,,,5.1520878464009625,4.92589283001879,,4.879617407932626,5.734039222072145,5.341440291748864,,,5.871616715830855,5.6676512778626,,5.26227441217036,4.721020455968938,4.921067868561337,5.881486985747468,5.920097165582321,5.477698033230287,5.331495873107657,,,6.18342929203735,,4.807074343585788,,5.124088052870532,4.876859312206814,4.823007282603526,,5.432769947121029,,6.003326880102773,,5.360100633784136,5.985666682090527,5.040443030041897,,,,5.148787833783354,,,,,4.50622796156113,,4.633924015862116,,5.862528946183383,,,5.012152562412791,,5.809074425060612,,,6.05205410839152,5.509916843274928,,4.671491573548094,,,5.231143197423711,5.470907857144418,,6.283409013344786,4.955250169825648
PXD030304-Sample-1670,,,,,,,,,5.940805119921624,,,,,5.003827497847463,6.1312409474784095,6.178230757177662,,5.954674051939233,,,,,6.228091130957952,,,5.189128367797534,,,,4.57598848057658,5.56961003940444,,,5.167958646898602,,,,,5.7638833449388605,,,,5.841087710515788,4.957510759144792,,,,5.044472273311114,6.046157013781839,5.8064094567308455,,,4.915731731329727,,6.201897932034472,5.30997331918764,4.941862001714432,,,5.313099829424336,,,5.204309323924578,5.333371839845778,5.982056050660294,,5.299507114882306,5.493923734222854,5.466755456281879,,,,,,,,5.633376441515827,4.586150597064567,,,5.214462841640332,5.996702809135254,,,,,6.186524519386837,,,,5.631329615722366,,4.825578402913793,,,5.331196436725154,5.290038488981171,,6.181173339739008,5.4759770546114455
PXD030304-Sample-1671,,,,,,,,,,,,,5.993917900448189,5.072715153871847,6.049360192123344,6.51095739473384,,5.610379696320695,,,,5.25291665652499,6.160269488037908,,4.904748936423903,,,5.094523294638129,,4.9441502697971895,5.329251215028744,,,5.218593297765334,5.30700581038392,,,,5.74867333417959,,4.692115527132833,,5.795802693606651,,,,,5.100799800023684,5.805569247436607,5.717177191402908,,5.4663251663124885,4.9871288654514725,,5.827126588340578,,4.992948932200434,,,5.110362557257326,4.998230877772953,,5.298143033902054,5.414967122235943,6.156084460483928,,5.489400618586076,5.55845891561212,5.217564472821755,,5.27765185040932,5.353899238373261,,,,,5.680020088017048,4.636453124494653,,4.821925215949816,4.9582025297050905,5.73289526064545,,5.457929580039523,4.88174037035022,,6.5471897336654745,,,,,,5.149253788364283,6.418991712443761,,5.384557199260885,4.90455618894877,,6.233011367935947,5.554627808338014
PXD030304-Sample-1672,,,,,,,5.831397948340893,,,5.959780562898811,,,,,5.650533495715442,6.391293831283695,,,,,,,6.440572255405865,,4.877139500436983,5.5455817680448325,,,,,5.762486292151037,,5.05106770788134,,,,,,5.457448711702422,,,,5.8702240316549394,,5.319322819885679,,,5.0582322341583055,5.6771384720829845,5.26265644417723,,,,,,,4.95594029426117,,,5.066778426540908,,,5.22601290389709,5.421401294215656,5.980675377127241,,5.548026798237536,5.825949781507795,5.187712709482191,,,,,,,,5.650745482813049,4.6448455198182925,,,,,,5.119037398403715,,,6.42905911748746,,,4.826168454289044,5.664767588139108,,,,,5.354859352834371,,,5.732654365030455,
PXD030304-Sample-1673,,,,,,,,,,,,,,,6.1033269035284,6.002085412998628,,5.755349263290383,,,,,6.375894335832277,,,5.602381645267894,,,,4.606717199855362,5.563267556778964,,,,,,,,5.3783049757868975,5.062853323051606,,,5.763992730375398,5.441883175679565,,,,5.084546587608519,6.007076936242219,5.750843627112915,,,,,6.094687615985491,5.322396420369912,4.954502226766445,,,5.3238302009256,4.990559226172243,,5.281209708488942,,6.131229216687132,,5.567222928564519,5.832590689277174,,,,,,,,,5.652488993943846,,,,,5.74170809609709,,,4.847233098285144,,,5.159172715032151,,,,,5.157269938545557,,,5.383229556385407,,,6.5117551229841535,5.18850137715312
PXD030304-Sample-1674,,,,,,,,,,5.951411660473482,,,5.843447834275866,5.025401341113818,6.064635416123011,6.198112530518124,,5.667850094830847,5.7231852571901545,,,5.266877785470263,6.3529547096931855,5.868403763274544,,6.127270585706405,,,,4.594478384330282,5.465166682461806,,,,,,,,5.967670908908116,,,5.458975017994426,5.44769553960187,,6.285843939849162,,,5.066850423261536,5.9998198672772345,5.781836861352188,,,4.929185415627811,,5.610962077825933,,4.967111544739168,,,5.054378798541531,5.269018391467072,,5.221014690129585,5.330298667290823,5.95445730909547,,5.40301786904897,5.519076149624086,5.665468125154385,,,5.625599283578604,,,,,5.645249901241075,4.567591028473652,,,,,,,,,6.362734810851954,5.133649143224826,,5.1365425120715225,5.956454766991421,,,,,5.349133248609381,5.3332398064126,,6.201895513030047,5.480685308226447
PXD030304-Sample-1675,,,,,,,,,,6.22220433978543,,,6.062298244648993,,6.038768044191357,6.215929798734967,,6.423946958565174,,,,5.22509842312084,6.248699207658053,,,6.009776674176092,,5.072458290491108,,4.597058799206751,5.389383093414098,5.233921928503458,5.030162359133663,,5.562792395385574,4.745031134750728,,,5.908999263912007,5.0224102950784015,,,5.621733998441639,5.541603180315725,,,,5.10099804018309,5.987965920519102,5.784438965142608,,5.742026402887381,,,5.902283724532394,,4.581957361053224,,5.557631822846838,4.999516835792486,,,5.183934218015052,5.6061468873618745,5.790363255120879,,5.469519044416684,5.963186523905815,5.464826760028007,,,,,,,5.31510579577969,5.64116063614958,,,,4.897660440542271,5.688450127839245,,,,,5.926810486086353,,,,,,4.792375096293247,,,5.326679391886909,4.855849056667909,,6.170244055395919,5.078079590439155
PXD030304-Sample-1676,,,,,,,,,,5.993029114935294,,,6.070901359543098,5.037395421954908,6.017796036152744,6.494883176077458,,6.326235368263551,,,,,6.209614262524678,,4.925308823575636,5.240111681143786,,,,4.661986116472386,5.457641456842929,,,5.206435977201413,5.310425783807978,,,,6.023315818620135,,,,5.671373375950719,5.303030907257753,,5.4333866902456585,,,6.029356099580017,4.993675105272221,4.691453833655039,,4.966979553429093,,5.812266528938456,,4.650317155322986,,,5.094548607688739,,,,5.372534078604165,5.803253953311734,,5.457438828137151,5.549318362348068,5.715721151844443,,,5.357552032921536,,,,,5.685576925672208,4.646441208553393,4.878082604288642,,4.966084080979399,,,5.145072097182683,4.8787677943908365,,6.30764921902441,,,4.879316049310132,,,,,,5.398119287755073,5.218469693079442,5.915499872352159,6.054290665819103,5.589355055722155
PXD030304-Sample-1677,,,,5.857423977388349,,,,,6.195439150936976,5.847960461848902,,,,,6.1920834389117,6.047177118171232,,5.920511807134404,,,,,6.147632744851826,,5.253465102347944,5.698215326978114,,,5.076363993488168,4.5061671596401,4.407035186471987,,4.9591782127630495,,5.503427832839972,4.664934569487997,,,5.393242552848903,5.128962231692139,,,5.910238376029347,,,,4.731756802040805,4.965877720065289,5.898672458463895,5.6928077838718405,,,5.156312178158461,,6.184294448996267,5.242008757613264,4.891157476096885,,,4.94136871214173,,,5.200304902867905,5.282129111720753,5.74000135403021,,5.293997102346457,5.911474010982279,5.566676388615639,,,5.219231869703817,,4.657976063736062,,,5.555986742748804,4.495386932878527,,4.694282481983861,,5.603688807128956,,,4.7430179364036364,,5.749322017877788,5.065692066291273,,4.724356008467181,5.851955913274811,,4.718433431582931,,,5.265981721086543,4.91123503736323,,6.470533473816325,
PXD030304-Sample-1678,,,,,,,,,,6.33933495148815,,,,,5.759616912970141,6.404893738274625,,5.724923425010082,,,,,6.224073489847126,,,5.134257169875509,,,5.284390686360887,5.147753836539192,5.261295021898303,,,5.218689918692727,5.337581671498746,4.828361026522495,,,5.286777286638878,,,,5.996933457443728,,,5.47230726731926,,5.123651577613142,5.731909816712404,5.434237095569296,,5.802574081353146,,,6.145709328255883,,4.654604498799471,,,5.077147206286731,,,5.27248544443843,5.466523301389696,5.818884704729797,,5.270562110237892,,5.239045470937573,,5.298744527733538,,,,,,5.696517715387416,4.70253644253883,,,4.999804721816506,,,,,,6.203610175753818,5.224898996302433,,4.905329864520357,,,4.869046350616249,,,5.41525491572712,4.995244849829519,,6.076024141671463,
PXD030304-Sample-1679,,,,6.00272494526581,,,,,,6.303349038298252,,,5.888445753331631,5.062503426284351,5.858515095595757,6.185639858826539,,5.875208508097985,,,,,6.224370460918607,5.932762006635028,,5.866819802542527,,,,4.95375137759123,5.472110321544545,,,,,,,,5.541258011026164,,,,5.988451000553513,5.331120300831828,,,,,6.047043803324897,5.441556858933863,,,,5.146107640167945,,,5.025778617342818,,,5.087115098189702,,,5.29142219623788,5.4024671103123865,5.700438605190105,,5.310023367803304,5.563536866408196,,,,,,,,,5.705504723637124,4.657227614204514,,,,,,,,,6.206206018893102,,,4.897758889842623,,,4.904614533097848,,,5.403997941908205,4.928917290237989,,6.255511202090483,5.5843395050438
PXD030304-Sample-168,,,,,,,,,,,,,,,5.471756032714292,6.175398291346639,,5.140319664760016,,5.8172795642911606,,,6.248373925449322,,5.365465105043307,5.635776140340314,,,,5.085557399413595,4.981442062265703,,5.215005346730382,,,,,,6.1388443306291,,,,5.318591607893541,5.142879180933669,,,,,6.075221028967408,5.597729013906238,,,5.097876297420451,,,,4.818187707839176,,,5.233089784655616,,,,,6.0610118536305375,,5.460374285122402,,5.359243595888901,,,,,,,,,4.743782920246453,,4.936549063493382,,,,,,,6.308441026439413,,,,,,,,,5.53715721098461,,6.343190576671475,,
PXD030304-Sample-1680,,,,,,,,,,5.974296608128564,4.953642551855679,,5.870333646488628,5.121052847870407,5.918039105107964,6.066376689615459,,6.219564637007972,,,,,6.324445314410764,5.908600872960323,5.19981728702351,5.997321912108096,,,,4.62550578064227,5.392058139680295,,,,,,,,5.339230345472076,,,,5.883979958691769,,,,,5.084035476188136,5.690999629669734,5.290070870449549,,,,,5.954637809744282,,4.972101426057951,,,5.075126312834173,,,5.260893265870336,,5.562808215758227,,5.446582240958374,,,5.580018013870796,,5.344724378458856,,,,4.902075493998845,5.679576244814323,4.924709029158698,,,,,,5.270899370545506,4.868226323491239,,6.188669140190431,,,,5.984443946055718,,4.878981113633585,6.115123232709639,,,4.978816003037676,,6.0563069623981445,5.731767352116829
PXD030304-Sample-1681,,,,,,,,,,6.279720911132492,,,,,5.301680963923864,6.121605810135695,,5.596201861355775,,,,,6.248703632342241,5.59397155783696,5.206451027387006,,,,,4.9476259119136285,5.721084081181687,,,,,,,,5.789993862696413,,,,5.898041503952328,,5.346780801536963,,,,5.726616457131355,5.340769669073138,,,4.981091011292985,,,,4.981115201658565,,,,,,5.231470223795413,5.519435646725911,6.026805920013997,,5.578387387415052,5.841476576161865,5.82403335194458,,,,,,,,,,,4.791040741868757,,,,5.131197498241548,5.36234160744711,,6.448692364555472,,,4.845237292160284,5.9725997529785,,5.14472864107963,,,5.414701840213775,5.281675155907669,,5.748055216165559,
PXD030304-Sample-1682,,,,,,,,,,,,,5.995333609306571,,5.16191610858813,6.344099610014208,,5.983444417229818,,,,,6.217619527627525,,4.940825855537062,,,,,4.955089450575041,4.863035441853494,,5.104820179559892,,5.344649033328735,,,,6.041006202957945,,,,5.9113485800124845,5.498986491778605,,,,,6.129721808796798,5.484884679573418,,,,,,,4.982510486021534,,,5.417411155359883,,,,5.419673095182896,5.829332958861897,5.394971298690246,5.53241338721238,5.584191694101248,,,,,,,,,5.696191449706931,4.655035221379339,,,4.977063469820338,6.071055546923171,,,,,6.107486803202251,5.188383522409247,,,,,,,,5.446179932418503,5.622541720701817,5.925946676284075,5.773244318747854,5.159159698067234
PXD030304-Sample-1683,,,,,,,,,,6.179576752216364,,,5.65331107776658,,5.867259177239532,6.353871552221243,,5.49299733075666,,5.068073863967895,,,6.350149832782558,,,4.883567774831269,,,,4.834754841524253,5.611598008544851,,,5.084336088962352,,,,,6.104193344890731,,4.552978828481472,,5.865540726352888,5.578986567043274,,,,,5.946929418938923,5.673914977007427,,,,,5.53071263481683,,4.928476105956444,,,4.99494262151458,5.199768130252586,,,5.436865834786785,6.10422671260196,,5.655686998125077,5.431208421513584,5.717586027767541,,,,,,,,,4.808777216553209,,,,,,,,,6.402681143625186,,,4.7571298752314375,,,,,,5.287422288031988,,5.781098271692368,5.929457371601527,5.04177000149539
PXD030304-Sample-1684,,,,,,,5.731841064927346,,,5.904681336078153,5.186346217441996,,5.984455405206487,4.968446630834136,5.964811321950355,6.153322621110648,,6.142253019275517,,5.590451488639224,,,6.126861290760269,,5.446605689894827,5.559575825182854,,,,4.554389900216875,5.551760346155814,,,5.128324723071936,5.537367765645334,,,,5.922394809229864,5.180937116179442,4.596613770011441,,5.902085762505681,5.394607932545452,,,,,5.945203103954113,5.7155142159307815,,5.704595051502153,,,6.1112179587929605,5.276480778760907,4.880829424457685,,,5.009330217183566,5.230581845811327,,5.16325119571495,5.324011185861144,6.053941995534039,,5.267899353423749,5.945240678226123,5.624892564669939,,,5.276461901261814,,4.715498208911298,,,5.60531361794338,4.534815656146452,,4.709511888403628,4.937465116012781,5.965951148450498,,,5.286441269632666,,6.1023529282778615,5.111629633124065,,4.783856881027643,,,4.790573315060977,,,5.340625164409307,,,6.149783963688629,5.439584975879537
PXD030304-Sample-1685,,,,,,,,,,5.954812339042659,,,6.1610003427029,5.049882015507245,5.715579971910918,6.350684203882786,,6.492485316850231,,5.476807227981067,,,6.48332624354368,,5.18669021688218,5.198177166246037,5.326623162448166,,,,5.603858189047909,,,,,,,,5.4474244685684345,,,,,4.970677005688075,,5.464868119914224,,5.06616935479759,5.840882915963994,5.693032506692023,,5.941560085362076,,5.400267948794981,5.789673780170234,,4.937099130224126,,,,5.27804894265768,,5.227760122034045,,5.951615213018794,,5.2436154554642,,,,,5.326749297146755,,4.764282256460665,,4.881351690065686,5.658651625722631,4.581354623148429,,5.920879837648153,,5.713522337198399,,,,,6.34234571973616,5.1802919824544045,,,5.657818503346838,,,,,5.40380235437737,,5.897546839195086,6.20037718997748,5.627621088686857
PXD030304-Sample-1686,,,,,,,,,5.916311352466416,,4.867904621484183,,,,6.102904225872983,6.310936209632921,,6.418391201080695,,,,6.110823806227288,5.878981865885644,5.481401351513755,,6.022029992227801,5.736292901044042,,,4.5660145745063785,4.4334966613048685,4.897569994209866,5.017924095807034,,5.224682140581267,,,,5.603964131507642,4.972546481055162,4.57748058446313,5.707577373143168,5.567111074599752,5.367279451923337,5.551348779931684,,,5.324973394002659,6.147236478662336,5.617624391453971,4.914472283754868,5.4017180988937,,,6.29226468534041,5.544594758662116,4.97120122158159,5.868107092598359,5.21169959812686,5.293721348755938,4.931633592812181,,5.199905381399002,5.933975248176933,6.23996905738429,,5.356979605816311,6.3070138110716805,,5.4759571535094524,,5.249757581891037,5.231991969865584,4.682188082139748,,5.291515914899896,5.5833656154558415,4.820984352112194,,,,5.949606969119896,,5.5217365717181215,5.503821478442165,,6.14216258635401,5.057359841852481,5.613480300289464,,,,4.761777258178069,,,5.598063871197852,4.84352716802634,,6.513622893514407,5.356587653719632
PXD030304-Sample-1687,,,,,,,,,,,,,6.14430510663578,5.014119753415808,6.002944057285964,6.412436010577935,,,,5.145196744911472,,5.823894268928306,6.241436476513156,5.554433146047782,5.343111813643338,5.658637241655794,,,,4.599481179206301,5.688043380959551,,,,,,,,5.825891830408539,4.73437928918016,,,6.003273251455109,,,5.377632429589945,,5.050369520422151,6.054308417131699,5.425264924784363,,,5.251616325315501,,5.786034000662566,,4.945962729760489,,,5.0353370166934734,,,5.191455812351336,5.426943446141099,6.200523913820436,5.309225032703465,5.440772450796371,,5.480809033263823,5.539806890470337,5.239278307930521,,,,,,5.637725614008567,4.56165807804075,,4.763951582618253,,5.69898026102011,,,,,,,,4.878142048518648,,,,6.369174153492559,,5.371431456254511,4.8841813651024735,5.877067002552767,6.001159789078535,5.484367883370497
PXD030304-Sample-1688,,,,,,,5.709329465639788,,6.203369195974261,6.183982537373408,,,6.034448851963175,5.000256735923853,6.096532085919732,6.393915106828019,,6.310266277452282,,5.077175361047933,4.576616491633988,,5.563107636645677,5.48945393080709,,5.929948721441125,,,,4.863417681697428,5.136706665104566,,,,5.232993642845622,,,,5.567451579974216,4.668516315882585,4.56237319997681,,5.787310179320312,5.492209519218174,,,,5.321202747893605,5.93535914566267,5.686426580997828,,,5.186279574685412,,6.198162183410121,,4.901117024210407,,,4.958812549573448,,,5.141141830284243,,5.691180223986786,,5.391188458852575,5.920371526359479,,,,,,4.683562795472314,,,5.573801583894937,4.541325498622261,,,,5.939340805551182,,,4.768787023775241,,5.7695040098230415,,,4.837613712220712,,5.057155105382077,5.0685056439531335,6.311605929085847,,5.591043185947429,5.198320007843361,5.786764473335132,6.3444140172254535,5.428018643527754
PXD030304-Sample-1689,,,,,,,,,6.032417446963612,,,,,,6.054174181428527,5.767724474454316,,6.030767499391354,5.714563422243287,,,5.696548208088522,5.877017872918345,,,6.073604493581521,5.33044833596199,5.087469259576148,,4.60638420816583,4.821364799865533,,5.091896031779134,5.680048454349298,,,,,5.381188905452266,5.242127425677414,,5.457975084054175,5.947655791836904,5.271425662868517,5.328059084662104,,,5.124594695578494,5.687812828482115,5.8175897914828205,,,4.937829544617645,,6.102785149394159,,4.667045740778455,,,5.350304534854938,4.978575931571457,,5.272720290433438,5.36584112101686,5.905001306520753,5.356041343706304,5.217405337754562,,5.207143916775507,,,5.3278807920248585,,4.765212789512036,,,5.708784183909253,4.642184124157474,4.812620823277593,,4.937226938362734,5.713892128430087,,,,,6.144532403198243,5.156035789584393,,,,,,,,5.3701675140105785,,,6.44230972952887,
PXD030304-Sample-169,,,,,,5.684517344432549,,,5.928050670319866,,,,,4.9858136767816745,6.120635420286822,6.238117921398777,,5.992261913783359,5.697258894683936,,,,6.382055799894783,5.522844503598948,5.558162194920776,5.170716353217838,,,,4.596078817565479,5.486940139768695,,5.0353823397408615,,,,,,5.612963888537617,,,,5.447481060368877,5.236298036145606,,,,5.334984796324968,5.988317497532427,5.628809589896547,5.482070479651576,,,5.905880895981815,5.574914925344393,,4.929873174720504,,5.241040340232236,5.014923700372721,4.939021909289853,,5.180816603132239,,6.032945809952446,5.294490985320505,5.485490678554245,5.782644172682761,5.638533395780644,,,5.590063141869438,,4.733791696841855,,4.841645371777256,5.623216319569497,4.857888377007916,,,,5.992576228137544,,,,,6.120420656186618,,,,,,,6.351847600360399,,5.333696921317986,5.408536471690952,5.861477515498758,6.167908353890864,5.563841449580524
PXD030304-Sample-1690,,,,5.886349247910096,,,,,,5.889785951233522,4.863160296705775,,6.028956515524493,4.946171670569048,5.890293098733882,6.277533575422936,,6.263723135064916,,,,5.167991023720145,6.223251222698487,,4.813033751926442,5.528981707971907,,,,5.036337272720712,5.449258578629984,,,,,4.709225534961933,,,5.995166980435535,,,,5.9488136906284,4.895479629699111,,,,4.994155505833092,5.9639010510893815,5.675084645735233,,,,,6.254815719700602,,4.873851062597057,,,5.28401899122821,,,5.1330369175194175,,5.980511395886402,5.293470129925913,5.456005621133267,5.447353506822878,5.425985587085211,,,,,,,,5.5824447142904905,4.536950591056149,,,4.873211419767201,5.941278014383626,,5.055743409082779,,,6.328681927480984,,,5.075880136543415,,,5.056926863424651,,,5.304699937216422,,,5.65104853526172,5.404215220944669
PXD030304-Sample-1691,,5.797972836173743,,,,,,,6.11572473331189,6.097839483909398,4.780819462840247,,6.011603363565538,4.846089558711874,6.1084438240287,6.017406612931459,,6.249141574451573,,5.008031503378839,,,6.23497251700613,5.405124372751787,5.036521382163739,5.035630880395588,,4.908607244503805,,4.767845515448241,5.379546126982632,,,,,4.620018086996412,,,6.029495287571484,5.383916634184097,,,5.922760990638204,4.811359344079055,,,,4.916513905804385,5.8479935292177005,5.7864293143368455,,,4.785978157202808,,6.121347456272397,,4.850600935867654,,,5.17303548329231,4.8171941138183945,,5.091513474295667,5.235737016890123,5.617857153388008,,5.272605866264126,6.2162693472169686,5.52758980562022,,,,,,,,,4.751887592298177,,,5.867601415191781,5.551157721909823,,,4.700885294905318,,6.177395226695371,,,4.99091525465151,,,4.995599968774538,,,5.20156737030012,4.744809292592548,6.019872975655167,5.858380706096391,5.294989797251132
PXD030304-Sample-1692,,,,,,,,,5.943279224490898,5.879839821645631,4.885006055447012,,6.031409269505028,,6.165206449984178,6.215941611249176,,6.260384258006191,,5.084882383715241,,5.859992117490605,6.18129814079207,,5.115165704020297,5.73849723990481,5.26838367052015,,,4.859474194426055,5.225396575050439,4.897817743517431,4.976539541046263,,5.218667117902445,,,,5.648056410316837,5.0062255183956825,,5.370657779800147,5.802781955836612,5.204982556492915,,,,4.992724703967207,6.166329106464488,5.720187451395477,4.624289323231308,5.706110640223051,,5.039137444806997,5.7289118746415575,5.252443625504667,4.941395421315075,,,5.295492875928426,4.900710669996037,,5.188784312382538,5.950414438850969,6.183837761235581,,5.442307748780095,6.065792548849954,5.442118730364488,5.482533847666192,,,5.248745322252053,4.997156338587965,,,5.579695813419913,4.828334302682018,,,,5.962556305864228,5.237225705048194,5.341034327691381,5.556217558978944,,6.33286701900192,6.019098529917125,,,,5.366655115245778,5.079580737367735,,,5.314659024546354,5.227727039037293,,6.435537158612661,
PXD030304-Sample-1693,,,,5.929868201455684,,,,,6.284100228825414,5.93268022776718,,,6.02551546642369,4.998613508478637,6.0616818833886,6.2691665913442645,,6.108486950228432,,,,,6.327298681307606,,5.1569450188643895,5.145129779590863,,,,5.065254663756046,5.098034849583857,,5.049288835156106,5.455175171891087,5.570386959175412,,,,5.77222677002972,,,,5.994772999605611,5.55111991487141,5.301137318072598,,,5.058949478120163,5.675695257064339,5.725203704774761,,,,5.849548104741893,5.609593188508451,,4.934548390934793,,,5.03245840548331,,,5.181148221686153,5.309150940077558,5.966935675270385,,5.197055924718803,5.981747287361066,,,,5.603675760624291,5.282328680017734,,,,5.633207046640759,4.607250750729705,5.090237881263312,,,5.691453557079642,,,,,5.949879633481947,5.12430524610162,,4.816095902934634,,5.119513734688211,4.8537494182427245,,,5.345018796239321,5.189355597679848,6.341705279042582,6.491796069503048,5.446516222199763
PXD030304-Sample-1694,,5.9575452342913096,,,,,,,,,5.245734884779164,,,,5.816638543142059,5.964815342460657,,5.940304276461422,,,,5.218925072583199,5.954082152256108,,,5.587796974982139,,,,4.91122137233837,5.1219742683763965,,,,5.281893632238792,,,,5.317212937697938,4.753451595304617,4.65216478994846,,5.468294533602626,5.275500504013755,,,,,5.735946162280577,5.638826200809522,,5.445160243186269,,,6.285042197786681,,4.980094093836659,,,5.057556556965984,4.981851765759844,,5.282087356916392,5.638485177972381,5.891514842211673,,5.455200893330691,6.38251404514459,,5.560855493699861,,5.630105225635379,5.306737629302856,5.098864606108217,,,5.657166113209476,4.895625515561843,,,4.936329722568483,6.0335438411806335,,,5.338673774874788,,5.673695280409147,5.150453095905929,,4.847732804805739,,,4.827422523865969,,,5.393935315064264,5.420954276388033,,6.328228673479813,5.419327562913005
PXD030304-Sample-1695,,,,,,,,,,5.922140114699206,,,,,5.780452679345209,6.075187468302589,,5.5483125660372,,,,5.796851942366605,6.363197984300559,,4.860352051433029,5.690093956847116,5.294312693666949,,,4.621301031967111,5.643163628233957,,,5.635040101869546,5.247900922558115,,,,6.018803573729056,,4.630862757477996,,6.047323403220707,,5.29544898020422,5.368633356312345,,,5.971324657766737,5.460614788135872,,5.411954549275657,,5.076688253168901,5.990125615478356,,4.906229663850244,,,5.017579615328603,,,5.199006014351039,6.016469154172167,6.26940880196729,5.324086320918556,5.712433701205226,5.490633616730351,5.660016473041533,5.834065862347499,,,,,,,5.623784561891339,4.857341592056564,,,,5.717198935656457,,5.693046334792935,,,6.261840960202463,,,,,,5.119108601854544,,,5.360656059918494,5.315594355020136,,6.175471389160709,
PXD030304-Sample-1696,,,,,,,,,6.18518533520699,,4.833695287140215,,,,6.1653728221382575,5.702543651201916,,5.164095146067501,,,,5.712483886545259,6.41162381151357,,,5.750453322465344,5.704568388729369,,,4.515896388649656,,5.155392185429774,4.952067533241507,5.553537803159941,5.162926215967985,,,,5.678376978357987,5.343642233834892,,,5.751780690983879,5.558279289849604,5.690226755336635,,,4.985551333792603,5.890132486148884,5.816136563187458,4.543211904313282,,,4.987284636984105,6.438788641643438,5.515807220010092,4.823417229351708,5.914928990331728,5.484608102221559,5.221959326333236,4.861095917554476,,5.399199400134505,5.502493655363265,6.1288638972844325,5.214009761170278,5.027631188626976,6.263817920432162,5.380427422213381,,,5.822108546189408,5.499502003449521,,,,5.554793153256252,,5.008235340375799,,,5.908616162405501,,5.009300593652182,5.355522848751,,6.035715620790958,5.027751919732862,,4.728794977155372,,,,,,5.249632719101823,,,6.4738244653890655,
PXD030304-Sample-1697,,,,,,,,,5.886669299019554,,,,5.9670894551514975,,6.073326142091044,5.618530382293068,,6.325832444182946,,,,6.123649872473102,5.576721460330362,5.498843116710148,5.11899515163568,5.54702768903762,5.75412531200682,5.024351303618191,,4.53562171094717,5.664080863738207,4.910663445697558,5.003037742982729,5.1048307133755975,5.251369549479717,4.715817658487226,,,5.813708070991998,,,5.371844348760769,5.116421903742929,5.201748393967446,,,,5.032799265377703,6.102895861758443,5.658186079974593,,,,,6.155373795861066,5.284262299477595,4.889356158234557,,,5.3232239813732125,4.911439941550664,,5.201770402025571,5.242132147399224,5.929580584128912,5.9217651048309765,5.314758142755525,6.157901026406087,,,5.1865343029707525,5.740757964602285,5.538709045347819,,,,5.582158295885641,4.840111199137173,,,,5.639842408944526,,5.045071271165473,,,6.210339766910828,5.073441910706518,,,,5.707371080193645,5.065096542206282,,,5.602996625019655,4.80976568295976,,6.459794031038449,5.044150838338411
PXD030304-Sample-1698,,,,,,,,,5.90027044098345,6.221660039418605,4.8785900225026495,,,4.957211690254211,5.844184578312975,6.13374763295133,,5.970566245437922,5.693436399501228,,,,6.270551872142843,5.828978908915503,5.321943750085293,5.661210150060202,,,,4.574356489919076,5.325400066213149,,,,5.226536611475065,,,,5.639537416714531,,,,5.58951899916229,4.923986121259758,,,4.788921072440668,,5.618508640361863,5.390011943357242,,,4.897278336888125,,5.744547978697323,,4.920389363828313,,,5.038230084578544,4.922161707565306,,5.184174824603935,5.283759551561153,5.935933386024437,,5.585043049958716,,5.621726454466463,,,,,,,,5.610647644680376,4.568604280081432,4.753689626152546,,4.892069598123426,5.978724067042177,,,,,6.106285247947609,5.10309866383963,,4.783299385481143,5.611430038674376,,4.813364316078959,,,5.31593252055239,5.550697238957062,5.837847301869979,6.275819382757398,5.392322651325653
PXD030304-Sample-1699,,,,,,,,,6.239044557656758,,4.854306223053585,,,,6.20832131550257,5.838801051632109,,6.491109493673557,,,4.566187817697242,6.009592021904477,5.9933222718386805,,4.8231854705928034,5.112921117840553,,,,5.01026641530637,5.276440477273908,,5.046011185377124,5.58241126570635,5.217154336644049,,,,5.055685797778208,5.27565273702862,,5.708357068761311,5.681254895946427,5.495689880738865,,,,5.388436883724165,5.941641502374567,5.717448337836459,,,,,6.1461778310006645,5.7300839365168414,4.891512932868697,5.627963570013182,,,5.207808154376414,,5.22536442917052,5.702252093389788,6.0200940385609005,5.740255174636854,5.302354953351977,6.305672219345018,,5.782775532495943,,5.235018623003128,5.534930855263808,,,5.264680864423287,5.890279315495821,4.490624891370098,4.7652620807441854,,4.883164295248904,5.946693813578486,,5.512599021121299,5.263663372871122,,5.97759441417471,,5.298794227873604,,,5.061055154514191,,,,5.296556359364389,,,6.516200546324984,5.041858123754848
PXD030304-Sample-17,,,,,,,,,,6.153865800086424,5.306135755822174,,,,5.604632678865769,6.198976142437875,,6.302102604184902,,,,5.428042293118426,6.405781125612554,,5.249473912354234,5.8840948488896965,,,5.08594158812804,4.514473668086819,5.191397412909722,,,5.378519264525395,5.17990089284708,4.661314210378791,,,6.059130847530172,,,,5.9100801657901725,5.725408820743716,,5.296646905413007,,4.9647245183154,5.984467919541869,5.377998732135995,,,,,5.990748948063383,,4.844386486147801,,,,5.170646005741281,,,5.2502459052737285,5.998671217364572,,5.651499600508482,5.412531833444881,5.6998834273177685,,,,,,,,5.5503882982362445,4.553910179230746,,4.675529959888235,5.173340754637166,,,,4.740876579514037,,6.101111984571446,5.0647902147036925,,,5.572822878125805,,4.749100064973282,5.978014067204781,,5.274060673839025,,,6.386149290648806,
PXD030304-Sample-170,,,,,,,,,,,,,,4.994246314664524,6.099571296362047,6.15184482499485,,6.158656082397502,,,,,6.172938745293927,,4.879577375710873,5.857770608529202,,,5.178559529000823,4.608373242988284,5.293178545289002,,,,,4.760320951325052,,,5.994517759574013,4.7615183532664025,,5.45682978759051,5.464982656912813,5.266018003044022,,,,,5.690348621866001,5.772250130296056,4.647924283912165,,5.2625205167487445,,6.090155770028135,,4.940877690938744,,,5.034387986471998,,,5.517192771486849,,6.038725856292459,5.632107396457981,5.26869347979732,5.5174990427007415,5.189286434886515,,,5.925402090441397,5.296738321206432,,,,5.656834019940402,4.887734807888022,,,,,,5.410093763825248,,,5.9557658699144325,5.440687929585196,,4.887372272343783,,,,,,5.35607191477595,4.864528890299121,,6.323743885154181,5.414977816508981
PXD030304-Sample-1700,,,,,,,,,,5.854006317168833,,,5.131295814316934,,5.857261652591239,5.934344348530596,,5.885109798767588,,,,,6.073571615888262,,,5.713650887640212,,5.004579239248459,,4.828763202912039,5.324349400402101,,4.984509835015077,,5.493378625012115,,,,5.131431104306877,,,,5.856770346995382,4.865544307544736,,,,,5.713301625481973,5.619723510509584,,,5.166575551507258,,5.514146839965044,,4.84915634267061,,,,,,5.146475165800628,5.315991907649138,6.017076143167597,5.237780024972877,5.428450900189296,,5.704507988308555,,,5.223066187672579,,,,,5.559009161735784,4.79668197075489,,,,5.608847133886062,,,5.056547792513241,,6.280016637520292,5.05773321251162,,,5.556468778424753,,5.062917693961154,,,5.290755649169125,5.348063946374182,,6.101252256570328,
PXD030304-Sample-1701,,,,,,,,,6.253660583693983,6.236143995554369,,,,,6.207892327375852,5.695689257665471,,5.515279819271493,,,,,6.164196014168386,,4.812725258368233,6.009085127881443,,,,4.859932884855528,5.692709152137397,,,5.5958897517249415,5.245955879795153,4.7078509920393055,,,5.554088419942851,5.496415625496987,,5.383886717596505,5.8798645262149085,4.911272424236331,,,,,5.600589293117079,5.775604545510509,,,5.204682762435836,5.019205923211099,6.269188395995842,5.263564583230851,4.599435269761243,,,5.0055514218866985,,,5.19768655703094,5.2892517180961,5.90221158851191,,5.418855738774081,5.768219987547101,,5.493685710863423,,,,,,,5.608146716063282,4.578623902378849,,,,5.963849932280467,,,,,6.231117520578759,5.088825988782372,,4.796842373867717,,,,,,5.29211423780226,5.313941787269512,,6.266188639096304,
PXD030304-Sample-1702,,,,,,5.650593834855535,,,5.97551935699598,,5.183586207061841,,6.05083802206677,,6.059345579515616,5.945201357436283,,6.388483342775404,,,,5.88393017205597,6.026543244521914,5.498789060784081,,5.138301375489736,,,,4.860989008345163,5.063266500566264,,5.056504290567122,,,,,,4.494693045571781,4.703433323599532,,5.69726104112982,5.809407724280946,,,,,5.326470388939636,6.2053952973893525,5.669265721884126,,,,,6.220362864454237,5.26131266295793,5.005089576757007,,5.22370532656631,5.331991269824683,,,5.197368106612336,5.265956882653883,6.197940979200829,5.317841177736225,5.427106606580368,5.765962652566376,5.130295922842438,,,5.880025756216113,,6.0295556966211805,,,5.591375363035611,4.827824499392081,,,,5.955076289617703,,5.067595029831193,5.10410505455946,5.554773830426683,5.779913664948859,,5.817556563320993,4.792181833882763,,5.38105319702889,,,,5.333175396273325,5.842519800941156,5.808273539620583,6.290586862414286,5.057744123032176
PXD030304-Sample-1703,,,,,,,,,,6.334863922589966,,,5.336735705629731,,5.172991929900824,6.321919390468253,,5.334369233816369,,,,,6.38640686505244,,,,,,,4.684517600749172,5.5779701244360975,,,5.231374971593447,,,,,5.8530883708186,,,,6.087298110589394,5.022311168175005,5.381270054764536,5.490544174109253,,,,5.139365248412078,,,,6.0004445347312485,,,5.005224569591128,,,,5.038595787732897,,,5.511468014759534,6.264011501250778,5.3879304629714335,5.59944749427887,,5.728843854657815,,,,,,,,5.71887313621193,4.663136615791148,4.902584757799683,5.112789017959446,5.017258139612784,5.766649998694927,,5.646148003704752,4.91147797920838,,6.567487448944851,,,,5.709938083152682,,4.881193175477378,6.137613178156677,,5.422996392236901,,,6.069294962489487,
PXD030304-Sample-1704,,,,,,,5.748554930603362,,5.8813921043810256,5.873093673941328,,,,,5.960612825753684,5.877610328687064,,6.459957106880906,,,,5.732735721800138,6.181859694309853,5.788529635967733,5.27839015270873,4.838480514306617,5.544453042421029,4.990701815208693,,4.863227691401476,4.727451942478124,,5.292024912511169,5.574478979482651,5.504850943011892,,,,5.536509222814964,5.275781876909332,4.555087132072987,5.685840120486698,5.685318541064835,4.876257200839221,5.253324019516207,,,4.995095214472137,5.939350431900757,5.687587821228068,4.882014388775214,,,,6.338078136570612,,4.890949460916783,5.196941166795273,,5.261814734096321,5.198828071862832,,5.169971510871799,5.698641454585347,6.2248873910646765,5.276219104653685,5.380588986586867,5.923542652397631,5.413798215334367,,,5.842457997604427,5.536393909538572,4.683547995749484,,,5.887654367667653,4.809688328124775,5.233980125315413,,4.870541164489612,5.6483431376438284,,5.34051012459428,5.383636232414616,,,5.056324997302477,,,,,4.757536865616232,,,5.29989705725367,4.796505861513134,,6.498698978358583,5.023832825077406
PXD030304-Sample-1705,,,,,,,,,5.935373436132147,6.1675152630496815,4.846190349516225,,5.88260518802443,,6.124610547025863,5.7432627759246815,,6.177182735366502,,5.074106887150811,,5.425618581488803,6.324290799124638,5.481050567834921,4.791077435442478,,,,,4.51733634615943,4.910841488904857,,,,5.196826686936614,4.697878367527195,,,5.161878411054782,5.151326997059893,4.550072548882422,,5.079581390819676,5.367946764464847,,,,5.286680742512082,5.694181311797649,5.734210408364271,,5.680620945321685,,,6.296723615462164,5.2600947511938605,4.871821720965776,,,5.230008980831132,4.886483280679452,,,5.301336831599529,5.800956809741535,5.244402453116508,5.197899723813668,5.739923201557956,,,,5.235604020187817,,,,,5.601900456115501,4.845914656051234,5.022219560532633,,5.452340553452524,,5.231323141124403,,4.7610436812331685,,5.760127229298041,5.0665661128047965,,4.796897627290721,,,,,,5.286287245100508,4.810862960351495,5.770492096399654,6.333756906582295,5.02084740835251
PXD030304-Sample-1706,,,,,,,,5.61314359621554,6.224135505536838,,,,5.631905414693319,,6.193518198610512,5.782011617004548,,6.468677083025833,,,,,6.206320856945219,5.460174900325014,4.79259705765684,5.10119884354436,,,,5.011673137195385,4.904431866097209,,,,5.499882651498711,,,,5.217821011357012,4.9554762824267895,,,5.777377937283368,5.57913762533297,5.234502368984152,,4.743408675827903,5.290247119130976,5.946072486974341,5.78485097803182,,,,,6.314039371044125,5.233757105932865,4.857868529098299,5.158656015341733,,5.261232149721757,5.185280297467874,,5.149577169249502,5.534616052555198,6.028004322829715,,5.456125805519202,6.222242003581705,,5.460444433889694,,5.530269724398138,5.514813081348735,,,5.256430762943072,5.883603251435301,4.808900093426288,,4.668059046379509,,5.924889070017565,,,5.235974139299366,,5.976623200645781,,,4.740675420761637,,,4.7295347945345245,,,5.279722875523718,5.660957085369303,5.796267754862099,6.480847956850798,
PXD030304-Sample-1707,,,,,,,,,,6.2521753424235005,,,5.834333064550192,4.992618099470371,5.276012662240609,6.420390431783964,,5.569124859060656,,5.449850647882172,,5.230228643729637,6.6242026147066015,,5.4748269748011005,,,,,4.601316339449109,5.794837807520342,,,5.467816757730336,,,,,6.052066365940193,,,,6.078510571195819,,5.314654530363219,5.672966063496109,,,6.11152688876605,5.585404244753358,,5.929970491357475,,5.380363082508568,5.597450695879115,,4.626986752186516,,,5.059571344915085,,,,5.77599951840105,6.230528405335996,,5.753123016315341,,5.667632877148213,5.857061204868664,,,,,,,,4.88026316558582,5.282101025875365,,5.528902977742375,5.718631499906752,,,5.4634936558629255,,6.493935570803176,,,,,,5.141165366014424,,,5.376860481390913,,5.848528398569589,6.0023084132540525,5.436224474491519
PXD030304-Sample-1708,,,,,,,,,5.966014454493752,5.888034967756883,4.885052283109105,,,4.933898650115911,5.959209204570303,6.166510769079727,,6.378214270830242,,,,5.777848352904578,,5.834362929516172,,6.114338448286282,5.751235983733799,5.04316263648299,,4.559215160453392,4.7478894999295695,4.90444701895414,,5.603294674646011,5.210305806985232,4.708797023101841,,,5.070966389585067,5.166413967733674,4.573008267552118,5.72142210487131,5.108632547741176,,,,,5.008936641100364,5.994656759569728,5.8662214185783945,,5.417987545143974,,5.038716559246818,6.224832335034034,,4.733611773240042,,5.214984538947924,4.963805948351842,5.229281983817182,,5.234754684883739,5.72485781120538,6.105604463771266,,5.385164331981194,6.174775170506832,,,,5.288829530605248,5.244282932618346,,,5.322116710445316,5.603597205012506,4.8433327665186034,,4.708348455534455,,5.962144533957769,,5.5384776570672525,5.410461238995955,,5.61204221114981,,5.316925423117737,5.0988709790247855,,,4.76915019834244,,,5.6126609083828285,,5.792491634718532,6.468598090179063,5.379185278377356
PXD030304-Sample-1709,,,,,,5.67819454933371,,,,5.909743494339431,4.894790153390419,,5.523788881789622,4.9641309567916005,6.151656973731236,6.340761445828365,,6.380658121889811,,5.42021763185051,,,6.128625956439446,5.516770227969985,4.837313028993555,5.599700103850068,,,5.1394322635774055,4.558518829511437,4.771170980924129,,5.026219994753679,5.135303443668888,5.259160893277321,,,,5.444077152923768,,,,5.113327677487613,,,,,5.331196025189633,5.994575191132865,5.446110740351367,,,,,5.976336239755475,,4.908372637517384,,,5.042361323729559,5.235849576919878,,5.1790323944982095,5.371825308226811,5.100247395287727,,5.362268488404492,,5.632491074980283,,,,,,,,,4.847167748171016,4.761450246971208,,,5.971839291337124,,,4.803229561421088,,5.8069510138669385,,,5.089521366773669,,,4.786034111054871,,,5.309728397584004,4.86322956502814,,6.474022597157582,5.398302058049608
PXD030304-Sample-171,,,,,,,,,6.0127591508369775,,,,5.766269013481205,5.128228838592062,6.127820212302813,5.811580523276797,,5.612428821492199,,5.6897036947398085,,5.327494936173561,6.246802509378011,,4.931294471720964,5.588874059132379,,,5.207312680150746,4.93169747317715,5.020930591179462,,,,,,,4.7442019391945385,5.957021575294376,,4.668586865089343,,5.7977159742386695,5.291453383323071,,,,5.091689336097521,6.068297703049561,5.699522001468055,,,,5.978297319992063,5.637949983423377,5.350959296105182,4.982463758296482,,,5.059914627892921,5.001008276073732,,5.275855842337549,,5.994307221370368,,5.272665505990922,5.549565596935104,,,,,,,,,,4.639844509202024,,5.481116415626241,,5.7553381038454114,,,,,6.323681364714028,,,,,5.149407300801216,5.155821668453273,,,5.68321889204569,5.132040246135151,6.230400813534177,6.231054728105901,5.54589843423171
PXD030304-Sample-1710,,,,,,,,,6.221256932102275,,4.852756947076728,,,,6.179001673464735,6.072905574898574,,6.115853926660295,,5.07663900327881,4.5693533177526495,5.764499403249161,5.944033463131555,,4.792857752648748,5.525885691940652,,,,4.565807079699141,5.278801919544104,,4.973051615183478,5.094239361072479,5.222224893267796,,,,5.303871740145092,5.292382024124275,,5.704493942941119,5.391830526202391,5.496756916007509,,5.310544978925873,,4.994339385086127,6.168671016037385,5.851921446172361,4.567610845655505,,,,6.144257835363837,5.550944845474553,4.922616304262908,,,5.247237886932914,5.198431655391465,,5.270725219236781,5.8518843120844455,6.194780998248207,,5.208104763320481,6.053109328680653,5.423990449182057,,,,5.228349924618983,,,5.305248734862818,5.904868468264104,4.80863219163598,,,,,,5.025742058023942,5.252357706563965,,5.585879421798249,,5.309066886965653,,,,,,,5.305460692445552,5.315152673573188,5.782809288600903,6.503072388894234,
PXD030304-Sample-1711,,,,,,5.617149446417551,,5.6345097246431415,5.876362117260723,5.854613847578912,4.872487992983558,,6.062193509363489,,6.002208212717163,5.82153949522805,,6.297094244023188,,,,6.03965544214252,5.387624557609101,,5.489963817383246,,,5.00293419361069,5.082680258061055,4.516187963866029,5.422576633022327,,4.979683834856179,5.555361142065857,5.219938522432459,,,,5.619926576909778,4.654978133457067,,5.3774492913500085,5.928671128190567,5.188283371997636,,,,5.3075546530101,5.967321778330266,5.829797873232232,,,,,6.429191774806476,5.539944912395392,4.5612637585191775,,,,5.186900784791453,,5.143566635934258,5.216673576384306,5.810813313041086,,5.500024067090351,6.028463856031207,5.09575724786385,5.761658100579339,,5.838483414252984,,,,,5.586254609308709,4.80976136749495,,4.6742074223678935,,5.611718306581892,5.203580149193296,,5.246957201173187,5.502573837156825,5.973558597942643,5.041979862462181,,4.733616122199425,,5.050138497801434,4.730286700857257,,5.456549714974197,5.56347120797806,,,6.413249623465084,5.030749290972839
PXD030304-Sample-1712,,,,,,,,,,,4.919020164374794,,5.512288111536857,,6.077744208471161,5.588181152285031,,5.857657383748274,,,,5.890358187632756,5.660617926144269,5.55110207674818,,5.115776940264401,,,,,4.964055466319732,4.935732875303822,,5.46168078027077,5.566899233608147,4.80708547528496,,,5.678658147024105,5.344209556339955,,,5.767165863743886,5.432170797808582,5.605304924266747,,,,5.985664778176771,5.718881589600833,,,,5.524948564041732,6.154742529662924,,4.606979659676594,,5.272753754172593,5.335318995189844,4.94027530876408,,5.503233379883152,,5.935758521585786,5.324872654078063,5.599390464085631,5.797850469380046,,,,5.99825036183808,,,,,5.638408937797565,4.879202904112533,,,4.927413914609657,5.7338892663115,,,4.832674164951976,,5.969576758008307,,,,,,,,,,,,6.493419573891856,
PXD030304-Sample-1713,,,,,,,,,,6.254007073500644,4.941993693693161,,6.014711224042697,,5.757657607734391,6.375188510786055,,5.756424820589864,,,,,6.359210057872319,,5.177265159615414,5.216246026893414,,,,4.924672807776264,5.662849302789018,,,,5.272592691531458,,,,5.916013704536573,,4.650073117484461,,6.008384092882797,,5.326712578987759,5.461472711821913,,,5.671123294701884,5.425398246884638,,,,,,,4.942190047586244,5.24083885314855,,,,,5.234107978652935,5.458505708555646,5.815855530363979,5.333373975580905,5.53480818896256,,5.6728800594749975,,,,,,,,5.658453560407183,,,,,6.009059560291979,,,,,6.150297376573681,,,,5.959672498210786,,,,,5.354005034354566,5.34823663666616,,,
PXD030304-Sample-1714,,,,,,,,,,6.21628675128957,,,,,6.148581651680113,6.136608405683663,,5.540237147842413,,,,5.978928175248424,6.427784035163379,,4.84686866247508,5.647595308342761,,5.0439001016436125,5.459160352313792,4.622118846572439,5.391787141129407,,,5.623238776658496,5.2384789554623,,,,5.453109925789061,5.341425869730484,,5.412684495396486,6.040836247698467,5.244451553564463,5.28645190460065,,,,6.1377512187427605,6.080687786939588,,5.447702588082711,,,5.56531492540974,5.604180070904904,4.898429429437589,5.207036856854965,,,,,5.513949504110755,5.768137137292828,6.194571944215002,,5.277781621586715,5.9658495008881625,5.456466016299943,,,,,,,5.1363845629748415,5.652429457776396,,,,,5.98111698044869,,5.070488747445842,5.130132135257638,,5.340519197057455,5.106232597192077,,4.824200061526388,,,,,,5.3172719900094645,,,5.98484851949597,
PXD030304-Sample-1715,,,,,,,,,,6.219607036040247,4.8964253425212165,,6.001544135374975,,5.988476150223731,5.7271035032740105,,,,,,5.280437530709846,6.093983474801343,,,5.36825236368717,,,,4.57517538143668,5.3239503344283845,,5.0298599924505565,,5.549018506493988,,,,5.344427274505698,4.722328532903727,,,5.122488304584049,5.639139341778034,5.289079458936545,,,5.357782518612181,5.673594382041046,5.62412323117528,5.655595522707453,,4.8956855050517385,,6.294038845845863,5.2914900131396125,4.908280068748351,,,5.028895672216312,,,5.265153326032396,5.34423190135052,6.138092102656915,,5.108999080458895,5.805134123579145,,,,,,,,4.854906086307013,5.615823290914602,4.598466084481569,,,,,,,,,6.02979002951419,,,4.795897416889906,,,4.786026646310939,,,5.328144106803552,5.297229584263957,5.8462947203887605,6.398039530014403,
PXD030304-Sample-1716,,,,,,,,,,5.866852242747221,4.865163466475355,,5.758455731602565,4.920673251547444,5.992499071523005,6.321942672639386,,5.897458939077241,,5.587170488190019,,5.184155153656158,6.24869328318181,,5.50277347420454,5.527074592637542,,,,4.829507141408938,5.339093379733566,,,,5.510792483365041,4.692988568254712,,,6.006582598568295,4.662274595563668,,5.382763481387775,5.933866953335384,,,,,,,5.732669791473718,,,5.151892185246217,5.857560148166424,5.943785545113466,,4.863464510810844,5.145093387295799,,5.022056524634328,5.189789016238937,,,,5.832760796798617,,5.087442695853171,5.745327081438089,5.408095697517504,,,,,,,,,4.807918058021448,,5.916909820244542,,5.949164032774647,,,4.773719937925907,,6.421715545628207,,,5.04997763219142,,,4.773876533983294,,,5.288313465919288,,6.115004320062589,6.114153438618404,5.403771428732036
PXD030304-Sample-1717,,,,,,,5.737099005113933,,,,,,6.041646594095507,,5.896582962733844,5.900869689473838,,6.000743850257325,,5.098335140471696,,5.151808686609487,5.807862612811169,,4.83872946676895,5.922801464667876,,,5.11978295188066,4.845105848666709,5.057059201530398,,5.023929907327379,,,,,,5.776544712453963,4.990673816059067,,5.418161246923994,5.888997190714966,5.384075510252769,6.398676224531805,,,5.024125656040196,5.632972377089192,5.733202889995536,,5.398162828740776,4.902543604957263,,6.027497192618281,5.567005554795581,4.563131424101141,,,4.963792874684415,,,5.16210884458002,5.32073394699795,5.992200228915167,,5.181642178054393,5.472789279478913,5.139044810843584,,,,,4.70373871618848,,,5.598688494514054,4.556697156972852,,,,5.961983637167086,,,,,5.904791430491626,,,,,,5.104951129505663,,,5.305068554327575,5.1336874389310285,,6.52707205005861,5.048679248570304
PXD030304-Sample-1718,,,,,,,,,,,,,,,5.7217730440514005,5.923580664073795,,4.938371200354845,,,,6.102948324307097,6.215352248489069,,,5.554932987464462,,,,,5.431267632536569,,5.02284137402758,,,4.731533206980264,,,5.755252308567524,4.708026898915524,,,5.618492469056477,5.226961051230802,,,,5.044814422206265,6.123518941286601,5.497673354616178,,,,,6.191419273903941,,4.916328114072468,,,5.073757975805811,4.927951264735695,,5.186884165852754,6.067447777410968,5.84857469844976,,5.404649952829174,5.954367747506838,5.631733467832503,,,,,5.506641211512306,,4.819985984243493,5.611507652207648,4.579980327990554,,,,5.662949940650686,,5.78622176781035,4.831260979996499,,6.020879680879096,5.108220866427291,,4.805102110959583,,,4.779808169029968,,,5.3385529335456425,5.38493369570633,,6.41494453058624,
PXD030304-Sample-1719,,,,,,,,,,6.180696135024354,4.858169453218004,5.515694374301363,,,5.925632409848745,6.258747757499428,,,,,4.5628223893091056,,5.378613036991185,,,,,,,4.8143338957048405,4.723682000825807,,4.965404344413744,,5.498519863493774,4.692034030412885,,,5.792220563893351,,4.543612573551334,,5.776086038731629,4.86708786333807,,,,5.286671043484371,5.660352150106387,5.837547166862595,5.586716476154151,,,,6.130938747645285,,4.872047045047976,,5.185814553965894,5.251595897423619,,,5.167733600712278,5.236164170997213,5.974291527947976,,5.510659539626992,,5.095555737701541,,,,,,,,,4.5188210047959005,,,4.851689477738696,5.934646723076011,,,,,5.873001535108813,,,6.407056199255489,,,5.039906445469211,,,5.293503075333661,5.26033382072593,,6.11262554508221,5.01286071797507
PXD030304-Sample-172,,,,,,,,,5.993467244945897,6.262526599032368,,,,4.982010344998764,6.08000915786954,6.189800090517109,5.692214692477095,6.314078305664846,,,,5.252081209852882,6.310682441262221,,4.877176891383094,5.662078122017994,,,,5.08027920042948,5.500152847466699,,,5.460801645405391,5.572881504463659,,,,5.421166822224681,5.031180905773447,4.622281876722567,,5.6238792455647495,4.948843161257264,,,,5.360020479139991,6.004540535066662,5.774518967199877,,,,,5.90335829969214,5.608732367799203,4.975704905912454,,,5.0262452545361445,,,5.226477064961833,5.35013761246637,6.206694186193399,,5.294591662897188,5.508052188302199,5.485973148446352,,,5.616009350825088,,,,4.85859714412134,5.632401098426808,4.879233468848822,,,4.9270929318456105,5.999362792918629,,,,5.581782268699073,6.052592897798169,,,4.811400965019385,,,5.127579237593493,,,5.360697600792747,4.926155582119289,5.871704755500961,6.401477338749015,5.40465897716755
PXD030304-Sample-1720,,,,,,,,,,,,,,,6.0235676018435065,6.194851144250334,,5.342451197705975,,,,,6.211081845211101,,,5.708264135382786,,5.132462316256723,,,5.057747389608399,,,,,5.140534640269339,,,5.880132955479347,5.299641503106061,,,5.934768614643583,5.636174339975747,,,,,5.78824929405132,6.052426348898482,5.433500035619547,,,,6.1642074620863445,,4.694214380744507,,,,5.04019433282922,,,5.4459856947335,6.059647236609608,,5.307552884644841,,,,,,,,,,,,,,5.016304524914099,,,,4.934996754147488,,6.12481326946242,,,6.117563856521608,,5.189729863823331,4.88892300262088,,,5.419405686431527,,,6.385807921534999,
PXD030304-Sample-1721,,,,,,,,,,6.321856049062745,,,,,5.958538585367781,6.3162797325882245,,5.818000935933912,5.769527295322507,,,,6.014678983150308,,,5.8681302040424725,,,,4.671364952175901,5.046159223568606,,,,,,,,5.43968558588027,,,,5.533176345021677,,,,,5.165054575618081,6.073907284627776,5.25120562563919,,,,,5.995928076837648,,4.987046424951769,,5.332492962049412,5.393402690598237,,,5.350630927589549,,6.005338106548392,,5.227342274039395,6.060024626039902,,,,5.679429598659222,,,,5.235651151204681,5.711430459398461,4.710014875480506,,,,5.7623144374556485,,,,,6.031127877513583,5.214838639083576,,4.986463570622744,,,4.935766716201332,,,5.410400463734479,5.178391109420712,,6.271434017233259,
PXD030304-Sample-1722,,,,,,,,,,5.900915706834763,,,,,5.948808295448968,6.237955059104813,,5.975524451859216,,,,,6.099357200408825,,5.13613502669977,5.810070584820529,,,,5.049396442184793,5.477499830657316,,,,,,,,5.191925467638091,,,,5.136777415253224,5.232380173652998,,,,5.348665152110758,6.017745816893134,5.486833891020028,,,,,5.576421401074303,,4.906317712843817,5.181460399481351,,,,5.357998882971022,5.184613042411934,,6.0368850053816985,,5.49793478570129,,5.144878017413816,,,,5.26713243634203,,,,5.630845680018033,,,,4.885911704646231,5.657748515364275,,,,,6.0217665329025465,,,4.787830056056366,5.601809533292065,,5.091161691099644,,,5.325379810702119,5.638592380548167,,6.291314480519659,
PXD030304-Sample-1723,,,,,,,,,,,,,,,6.152434257738517,6.324421376041614,5.67250684653435,6.015526857270839,,,,,6.034834941089189,,,5.568086759553454,,,,4.55794914821818,5.3205670688131805,,,5.122140329914675,,,,,5.7691476916012,,,,5.897478983146363,4.923991091164664,,,,5.326019348523717,5.972815803063048,5.516020001790801,,5.725577615669204,5.202171398925277,,5.859327996099333,5.5750223669811625,4.605798162008013,,,4.965948659723172,4.922514794877707,,5.222132341034238,5.307757104498185,6.1760407095443215,,5.207522984772552,5.9458746250512124,5.141057386364269,,,,,,,,5.64422701688142,4.577931221756231,,4.721664436015469,,5.9737323432515765,,5.059409685314408,,,6.1101711617546535,5.396505019349742,,4.793104432616414,,,,,,5.3063466821882335,,,6.462768921825765,
PXD030304-Sample-1724,,,,,,,,,6.212672504969605,,4.873235441587523,5.543872782350091,5.797444291569263,,6.159068539270063,6.126008549946689,,6.073098912819978,,,,,6.07073689353048,,4.823446367791424,5.311736911072091,,5.719989663589985,,4.88576302912967,4.933560173737938,,,,5.237224971166422,4.714990430841774,,,5.25532390863268,5.298408238938693,,,5.41426299628654,5.698099787234503,,,,5.330733007452191,5.999215153456412,5.927735022466891,5.624082343682158,,,,6.314209255045499,5.581177153190873,4.896092820065023,,,4.961493716625703,,,5.240280095340625,5.308579772368692,6.096606857872526,,5.117902526648534,5.465703279866575,,,,,,,,,,4.525863388418349,,4.693987074212685,,,,,,,5.78359510095302,,,6.413197024378885,,,4.767061883247425,,,5.327257210362115,5.284687186120038,,6.149395242627973,
PXD030304-Sample-1725,,,,,,,,,,6.165409503886373,4.852742690310521,,,,5.995765817987824,6.350586654605719,,,,,,5.409927102829838,6.287909826121602,5.467439694667753,,6.042825331120364,,,,4.528658755787008,5.685479104646526,,4.989149833989487,5.07236209765505,,,,,6.098783262931617,4.66052523856363,,,5.921536447246352,5.165463793081463,,5.304972434396134,,,5.622125001459161,5.496765403648081,,,4.830679104034489,5.600408166629456,5.514661565167829,,4.863821028176166,,,4.934666727765965,5.175924607542763,,,5.419925918460005,6.205561699799945,,5.434107525552722,,5.711201572892175,5.7590324424900405,,,,,6.066581414921432,,5.556205070893073,4.500697178893327,,,4.833115833368881,5.933044143616908,,5.487530183587144,,,5.864182229085254,,,,5.5763334028440745,,4.727018701883682,,,5.282499842848244,,,5.925175129221951,
PXD030304-Sample-1726,,,,,,,,,,5.873843399025986,4.871041710944371,,,,5.849225653960535,6.202335379708573,,5.212363535647103,,,,6.1154053307301774,6.183446519227494,5.78792169071636,,5.606240870673318,,,,4.524963249027552,5.563478278808613,,,5.406861905503222,5.224284355733171,4.702616994463648,,,5.841487084257522,4.972752463654116,,,5.940791428850461,5.197373010203186,5.724122221906052,,,4.985337053733935,5.931958540765406,5.890769493471616,,5.361067001064715,,5.014224878541328,6.017852616893144,,4.517137542759007,5.153162109129822,,5.250502771829469,4.895247079766232,,5.148007069930295,5.25090004604226,6.121550792962951,,5.406379895368353,6.146049045610287,5.113808388362762,,,5.85024330190496,,4.745613033975907,,,5.597378297051047,4.533301552326185,,,,,,5.342865094317063,4.783534249079154,,5.328656576395871,,,5.058964547188177,,,4.752635652294989,,,5.280451587105114,,,6.426409822486027,5.041126321024675
PXD030304-Sample-1727,,,,,,,,,,,4.883312922191809,,,,6.128215554013037,5.546401838093013,,,,,,5.137249228672641,5.791961698789298,,,,,5.022500879653442,,5.025550933547021,4.4333876974240605,4.895477280796908,,,5.234547093968195,4.708185117578949,,4.636776853364751,5.41226567298965,5.283108979523444,,,5.559024413755253,5.681550451579179,,,,5.316468846247672,5.9613722455411216,5.835404580879993,4.587325251233922,,,,5.240782931020955,,4.906236859690277,,,5.00665086073926,,,5.175465557779839,5.324860975983517,6.130302834255558,,5.496857084113061,5.757001963807675,,,,,,,,,,4.53318480404547,,,4.860159161374292,,,,5.092661160157694,,5.89177316658213,5.071338908066689,,4.752905485537309,,,4.785392506446623,5.996622679332188,,5.291796688371693,4.812953528047597,,6.12963561190998,
PXD030304-Sample-1728,,,,,,,,,,6.258453651429598,,,5.837653093423748,4.993674238706965,5.951136929837336,6.24640528650494,,,,,,,6.378427879895886,,5.490393599978704,,,,,4.901340366618559,5.6760759146462805,,,5.47039301876659,,,,,6.000186160275677,4.750543524667163,,,5.86163729418873,4.977263987507411,,,,,6.027009891359903,5.5228736784265084,,,,,5.619287374875657,,4.93747260723192,,,5.045549496270941,,,5.191551182146778,5.394689213313913,5.818039935493022,5.348619867947437,5.179663440527201,5.505161255737457,5.664347113603548,,,,,,,,5.644656457026775,4.888481647355467,,,,5.700429119484591,,,,,6.367402621988789,5.137353623076173,,4.873882793986872,,,,,,5.3599690479574935,,5.886393638956356,6.201995606710117,5.488437279815435
PXD030304-Sample-1729,,,,,,,,,,,,,6.238034407274226,5.055815944900247,6.065851158628014,5.892757279112713,,6.346432070138009,,5.666489370630562,,5.598405615008155,6.341919579483024,,5.21640676689653,5.388238490558724,,,5.193504470705559,4.949880817619653,4.534184584773588,4.982674354456687,,,,,6.216918111471539,,5.554956679064295,5.081209101534722,,,5.503222827023031,4.985377184981969,,,,5.1165238013449095,5.713678094238093,5.714456604944245,,5.488897442730655,5.286703329933659,,6.19047157307997,,4.977143065500943,5.268836561113461,,,5.295775297281224,,5.25759929811756,5.356707643098088,5.943358002402378,,5.375348874274256,5.848099339710084,5.693014043016069,5.880948787750899,,,,5.63322400899249,,,,4.923019713616479,,5.889644479131274,4.956230236535649,5.728178260442719,,,,,6.164317030604739,,,5.16971515314096,,5.152407288565895,4.858013655751919,,,5.67499761605008,4.922384966501955,5.905636829497091,5.7642966589473295,5.5473134474045365
PXD030304-Sample-173,,,,,,,,,6.156786653366144,6.129250010658783,4.818545103511835,5.481107673916871,,,6.114381910444638,6.247568619578514,,6.381171859208503,,,,5.9936751874012,6.204301327533267,,5.367096725872828,5.045649408429674,,,,4.773346678374564,4.991053515609444,,,,5.183883592945692,,,,5.778121632569923,4.930322260016638,4.510195762789087,5.641487629401971,5.647929945548001,5.444952909291235,5.193812645582757,5.27164519840828,,4.977328974634155,5.875496504931028,5.726138354801413,,5.805864328375959,,,6.285199217145859,,4.846736319115082,,5.162198727202598,5.2150260286473165,5.154953847849857,,5.129314047924488,5.2273425525726,6.017065317766063,5.216689924453149,5.226550229814861,6.258333627126028,5.0616165857884825,,,,,,,,,4.520312197594063,4.674918703497835,,,5.897823210980009,,,,,6.015220190796299,,,,,5.3199965508626565,4.690803446843958,,,5.543058515386996,,5.74840892650439,6.209532889700129,
PXD030304-Sample-1730,,,,,,,,,6.033898969785774,,,,,,6.057637459260497,5.87920402175584,,4.975616356181848,,,,,6.10105473281004,,,5.795887116858534,5.338320193276343,,,4.604375913894211,,,,,,,,,5.149759897513562,,4.65369549282069,,5.468983978200322,5.462824791844058,,,,5.071612844565483,6.010165332069914,5.58790723305169,,,5.2667708020313535,,5.944252707127186,5.329482763946979,4.97378785576599,,,,4.974396488092294,,5.323434798086647,5.367462093262793,6.036536147395863,5.324906854911306,5.462787228959494,5.846802510894026,5.193672116781065,,5.253552256515498,5.323436033003836,,,5.709850379050811,,5.684695642434729,4.60475113984743,,,4.931538959486301,6.015034289878942,,,4.85002212278638,,5.857356525837241,,,4.841096044842308,,,4.840379825373796,,,5.360108379678312,4.88344204729898,,6.216105476977232,5.115402568561522
PXD030304-Sample-1731,,,,,,,,,,,,,,,6.175768536823418,5.439696114018825,,5.605610826229469,,,,,6.059073931441996,,,5.432778074245749,,,,4.849476263267972,5.448654056442028,,,,5.242395273959119,4.697281993163928,,,5.961707813101563,4.977824395161569,,,5.694651554249842,,5.254445210485018,,,5.014654633143692,5.926162453772471,5.901794590091397,4.5794172265135416,,4.891330201388808,5.306639250960279,5.536978427045006,5.257025684868593,4.871904105732141,,5.207021686175144,4.945763036900513,,,5.157605406859999,5.291259179849036,5.817909074947596,,5.333574905734575,,,,,,5.545292900368467,,,,5.603923533118527,4.552222346903159,5.036908349086226,,,5.636479038821793,,,,,6.002438974756579,5.07535511458639,,,,,4.758173515379187,,,5.291442754614531,5.168107748361936,,6.434775388381915,5.040552420155341
PXD030304-Sample-1732,,,,,,,,,5.8965633365533225,5.883104832574402,,,5.965887207857802,4.937923725770835,6.090203254528052,6.375720265545283,,6.118568779440839,,5.096685405164675,,,6.247232753229765,5.51440097515736,5.2885334260809325,5.320186356529701,,,,4.563995446575086,5.408199359942499,,4.996131967573798,,5.517784613968757,,,,5.9702336946443095,4.689319684220914,,,5.960322290222094,5.604622971696099,5.256205546316822,,,5.300485315963508,5.614040933627745,5.763205340479708,4.585389600575859,5.384043632812811,5.168231338194745,,5.718766673802841,5.255443221974601,4.885127261622017,,,4.9952596146290364,,,,5.345664838292186,6.249502409838408,5.2569696400376085,5.264762653107383,5.935689086569295,5.740406034871135,5.801666992924304,,,,,,,5.597303756956989,4.546408840803091,,,,,,,4.784116280626793,,6.393938577047493,5.3727539734570815,,4.773863445742199,,,5.080905909866869,,,5.305301263200745,5.236735598613713,5.8094300291950445,5.944266079184395,5.433058557056449
PXD030304-Sample-1733,,,,,,,,,,5.957403794107534,,,5.953739077483215,5.006171394998637,5.112644851772898,6.522939846628487,,,,5.653443991499422,,,6.3699580802837374,5.584157735057133,5.501927009286888,,5.329453235333935,,,4.930993159402224,5.642307742365755,,,5.191264924174926,5.280172094485152,,,,6.075822580686606,,,,5.953181081518295,5.286984663582906,5.328897066855838,,4.8352785219396734,,5.678669393919847,5.6386784543140935,4.657190375009875,,,5.953921609849263,,,4.951828407500591,,,,5.281866272358729,,5.232233222913101,5.560610605231274,5.986725688720861,,5.503286797788123,5.845058733818117,5.49963748220077,,,,,4.800766741141176,,,5.659596190998234,4.59756439027497,,,4.935262844657943,6.018353849555015,,5.729010946959463,4.86548968207995,,6.429786759113069,,,,,,,,,5.359684831870708,5.379853849697972,5.887339836274509,5.733744530355551,5.498714131990129
PXD030304-Sample-1734,,,,,,,,,,5.914703039308599,4.9023421967834135,,6.121054256167664,,5.476551305556439,5.921063247534467,,6.119747853052543,,,,5.268344909821569,6.391503350625078,5.826979039496812,5.337909707327031,5.468584783632572,,,,5.052932281382025,5.175016982738578,,,,,,5.967345347994922,,5.57653070144439,,4.607592596690617,,5.829768519233348,5.72143764302964,,,,5.054232820253263,6.039184334443022,5.563544931613485,,,,,6.128511508509908,,4.946441947135284,,,5.360818367753178,,,5.193112741375925,,5.846815961811494,,5.585489183309583,5.486941916412693,5.636912581542575,,,,,,,,5.634936336552171,4.579437708809662,,,,5.663182869095612,,,4.832055204183603,,5.310330561510169,5.401834184186551,5.3333272342193,,,,4.784943801162898,,,5.349248285885042,4.83326119213742,,6.15906770778364,
PXD030304-Sample-1735,,,,,,,,,,5.957955763118704,4.954358541059328,,5.979767023706955,5.016104706254838,4.854944724041816,5.899249437016288,,6.41189316886942,,,,,5.7966710697195065,,4.909649969177641,5.390985787322267,,,,,5.225495917350755,,5.093583299600114,,,,5.7132187946059725,,5.720391664532304,,,,5.784766719318809,5.299911593320938,,,,5.375287982138769,6.008623900469109,5.587511648506094,,,,,6.177264264050832,,4.634789839823361,,,5.0671487555324966,,,5.236330899869717,,5.880199999342685,,5.408928933107298,5.8336440678630535,5.194148147562456,,,5.328456979167198,,4.783365560268839,,,5.668416067271008,4.603496903655753,,,,6.042339216232611,,5.423289142731973,4.86706136018715,,6.011977963150022,,,,,,4.823088772748518,,,,,,6.520977467231202,5.502098081430533
PXD030304-Sample-1736,,,,,,,,,,,4.877055430546927,,,,6.134249291360058,6.360706392266314,,5.874463579357529,5.681640964259959,,4.591878853559033,5.196259797964633,6.0601276581478345,,,5.433736244117636,,5.305625507684475,,4.866340228167408,5.411139425972835,,,,5.246397047109259,5.024866010618649,,4.654802943557511,5.3757615907136,5.392596764490011,,5.405640709255412,5.711378088171005,5.61896968067556,,,,5.311647391800043,5.939079529092395,5.934996299015109,5.507529807328587,5.3800235100791,,,6.258962448823387,,4.861710923418695,,,5.2558628277278885,,,5.446138373227834,5.321189934862344,6.171315824686572,,5.401913747741221,5.939903668010756,5.134718894787213,,,,,,,,,4.552424597137515,4.76482962875698,,,5.686476992839586,,,4.79525955641612,,6.200655603100297,,,6.432108647938594,,,4.762637608534103,,,5.31743757590908,,,6.13383380639705,
PXD030304-Sample-1737,,,,,,,,,,5.872450459865114,,,,,5.971515943108015,6.362388031070294,,6.2671112680962295,,,4.57152982624249,5.182663491649816,5.861978175323958,,,5.507857877201141,,,,,5.036501213735464,,4.985312055417366,5.097609514972919,5.232156549860606,5.000138700733335,,,5.352621698107955,5.287747724322685,,,5.392108639433639,5.671231884990951,,5.312715681296531,,5.306369114730927,5.92055501894617,5.71640585339668,5.543482339773228,,,4.994616020163599,6.169354088131624,,4.648175323207147,,,4.933727801127021,4.892903407218334,,5.150278613627461,5.319951735005107,6.158346498177837,,5.4172839432323325,6.042970567437207,,,,,,4.6898090338392135,,,,4.501822034892821,,,,5.939911998458234,,,4.772202246237551,,6.070754439452855,,,6.37951004423452,,,,,,5.319951287746755,,,6.426371732201897,
PXD030304-Sample-1738,,,,,,,,,5.840521759534853,,,,,,6.242452582180622,5.747032058538655,,,,,4.527974748196324,5.5634251956129885,6.055432013967227,,,5.421684942046678,,4.936938293562515,,4.785485127087711,5.345271546069105,4.844199615199552,,5.044918043099924,5.158044939996639,4.6623003340761455,,4.592302190600405,5.642135499686013,5.433367339952236,4.512811835204129,5.642390229698393,5.887466321407291,5.32647319511043,,,,5.272310282856282,5.877178595080052,5.890733803888969,4.833882833946798,5.324707324779307,,,6.158899697303887,5.19554529479334,4.862832817136526,,5.155887400592371,4.916543586178558,5.151315375655043,,5.414101581549589,5.551116310769797,6.183043560178273,5.213109461063453,5.160688756315725,5.996875989250654,5.0679851083445016,,5.123524600586875,,5.1877626173857845,,,,,4.483265751711585,4.675772181091992,,,5.579124544877778,,4.978503251413597,4.723494559090331,,6.251362737383722,,,5.999278181182459,,,5.006691358396911,,,5.253282139301308,5.535844620589473,,6.378953698038046,
PXD030304-Sample-1739,,,,,,,,,6.24924755460094,5.89500887587106,,,,,6.167491569841076,5.337064375078231,,,5.652899251414483,,,,5.824768300849643,,,5.11456418998276,,5.723870177891938,,4.544641941678231,,4.913702905537442,,,5.236153235995436,,,4.663448486280943,5.19221252740086,4.9986860917943625,,5.38858126727462,5.586453020900098,5.397718699505757,5.26787725755042,5.333016274231266,,5.354010367955913,6.029864643635603,5.821866820305025,5.613753109340677,5.434436322813652,,,5.966203300204587,,4.622396462324447,,5.233302901195298,4.983089832854502,,,5.240155109478994,,6.068190220593706,,5.257764069407296,5.957731823202343,5.136142467244114,5.498016918600727,,,5.247944504529574,,,,,4.564556772968487,,,4.876665672744994,5.965404578228591,,,4.794025970970123,,,,,5.841343250006333,,,5.100546328005919,,,5.618077553423883,,,6.538302730436508,
PXD030304-Sample-174,,,,,,,,,,,,,,,6.076731609509124,5.705976231346785,,,,,,5.223657678954436,5.587501402322848,,,,,5.495256154694913,,,5.162790209860919,,,,5.5481661740537085,,,4.66578530913831,6.03042921235582,5.3193588650436014,,,5.719548631811692,5.629625261864445,,,,5.324413632301194,5.994609220559436,5.860864296718825,5.469828721428836,5.424297716704952,,,5.749032788007584,5.592480283101907,4.916987764613831,,,,,,5.24313757221491,5.383209712993889,6.168147896772686,,5.414919013939195,5.957803542174112,5.139267093127627,,,,,,,,,4.647609261233846,,4.697430704292815,4.891041126815388,,,,,,5.794958392037702,,,5.878560320347054,,,4.80372422681452,,,5.337547367572765,5.482664831962299,,6.158927061447754,
PXD030304-Sample-1740,,,,,,,,,6.244323165396138,,4.869700674839698,,,,6.064038283499649,5.323586020565933,,6.18322792559858,,,,,6.159693873900258,,,5.271968087739855,5.263403740662525,,,4.547384511310259,5.161295620011713,,,5.11760215814636,,4.7224329073305205,5.94950926981583,,5.482614654150749,4.992900465033904,,,5.0964047343833725,,,,,5.328358140673353,5.983567641836573,5.682136164060835,,,,,6.047751803408114,,4.893229761028039,,5.540174797549259,5.300456596293506,4.918029803241156,5.359436914417118,5.173582510147168,,6.057843660802611,5.759369688719556,5.3801371273039775,5.467493634863946,,,,5.741846537635113,,,,,,,,,,5.967133105673986,,,,,5.904717972605276,,,4.8301693160117445,,,,6.347592103933408,,5.591453865927742,5.233621819274156,,6.452680237741538,
PXD030304-Sample-1741,,,,,,,,,,,4.893053981623095,,6.173579142946298,4.968757274360554,6.056822240784282,6.111446830125533,,6.42488194446548,,5.120483296686489,,5.873566081232672,6.216415112939835,,5.132519946181481,5.765123529793073,,,,4.5552273764585705,5.511346988660623,,,,5.282178528489452,,,,5.750191573376931,5.000319806247572,,,5.974159050249206,4.966185096248999,5.882656234747119,,,,5.955355725025979,5.72494555147445,,5.399252914272887,,,5.873663810435169,5.762391976134226,4.577920076226418,,,5.006252674793912,5.235414497640731,,5.181377515691586,,5.672751064775319,,5.605817920551109,6.084367701572157,5.445271959264587,,,5.576652663517059,,,,4.815220090902495,5.6090359625765664,4.866021036610898,,,5.193634700236403,5.975713524183081,,,4.800850665995184,,6.026048401717923,,,,,,4.779374086714834,6.337567414672901,,5.309076283923799,4.867162891612072,6.11907975873913,6.278739781237718,5.512945795530594
PXD030304-Sample-1742,,,,,,,,,,6.160894235745525,,,6.06696858327107,4.911060127959196,6.222143617596188,6.280937086318042,,5.9929009255459045,5.635807007345281,5.54965570459863,,5.174052216916517,6.360777601140891,5.462829052882361,5.496809765455104,5.391561173942044,,,5.0810186968842,4.980759842192917,5.472864067872806,,,,5.185276380950926,4.678558539276262,5.911430611943222,,6.098068646220854,,4.536572297056149,,5.765965294975996,5.166292487396767,,,,,5.906467189990547,5.666172068509527,,,5.1829243552380575,,6.059616443222415,5.222562352678008,4.847614885519535,,5.193761243443839,4.934535720200356,4.872382392539,,5.128395284967677,5.55600370156408,6.09411784081565,,5.269025459108457,5.900981092622343,,5.453011274056282,,5.224452497455327,,4.661018245824626,,,,4.800877504638212,,4.760341318559708,,,,,4.760177796054269,,6.289740531725965,5.052054130242296,,4.728195408882951,,,5.031707816854143,,,5.566168233307685,4.862369748638725,6.265923002813301,6.099290247382895,5.340774571255083
PXD030304-Sample-1743,,,,,,,,,,5.939041483164896,,,6.096052686258584,5.009248778538951,5.946412191523308,6.19767448968923,,5.869866460700268,,5.639428903801444,,5.536736072157945,6.311409721839064,5.546389274825174,5.352311140960297,5.442873257582141,,,5.176554828835862,4.899468492121152,5.202758612897786,,,,5.270233483536606,,,,5.905937402752477,4.735610878186526,,,5.931895632057533,,,,,,5.9989500418698745,5.551560796008199,4.638700865178469,6.306568802125228,5.261845125469643,5.777455301916923,5.308190080139701,,4.935238282528185,,,,,,5.192314647163627,5.360907880889095,5.677952348060314,,5.397186461474269,5.820794901870636,,5.543761056869226,,,,,,,,4.8850607630429295,,,4.9358375576827385,6.003116052692118,,,,,5.655836459340668,,,4.871762475937894,,,4.811179721350001,6.065927494718087,,5.367485709571652,5.390050210058718,6.177134947020097,6.003336192499019,5.495730858799703
PXD030304-Sample-1744,,,,,,,,,,6.035427783187165,5.02814356037841,,5.314344645616367,5.08152626594245,4.879167814614155,5.849541049905037,,5.357403137117411,,,,5.2925562798272345,6.464556562535284,,5.268445680066821,4.974595546412162,,,,4.703802167706733,5.381745240955964,,,,,,,4.80160921497512,6.216772728525797,,,,5.859922438481182,,5.403794398493495,,,,6.061308723163946,5.341246999189791,,,,,,,5.043717357888254,,,,,,,5.443877594442284,6.027775205875557,,5.4353537873026285,,5.275759938497535,,,,,,,,,4.659697633825923,,4.836599366391507,,5.812374246033128,,,4.931002935214728,,6.4116488538403775,,,,,,,,,5.469709101880239,5.487427414277472,5.988356928958105,5.790143099386008,5.615140523557998
PXD030304-Sample-1745,,,,,,,,,,5.979220560906778,,,6.133208285454957,5.088108645427773,6.015860719759432,6.086338784404871,,5.774208349643242,,5.674490763090892,,,5.970219600130719,5.572044861754419,5.216953926638504,5.506405858662386,,,,4.627185867861925,5.312921718343072,,,,,,,,5.879905879994204,5.06997350212628,,,5.972000302683584,,5.340856658086354,,,5.079282449150553,6.208878539484102,5.412936596766233,,,,,5.811271193656146,,5.006668703880748,,,5.030593885333351,,,,5.37224463734447,6.014474608994914,,5.467794353053755,5.545082033431735,5.6935512568622615,,,5.34131122268432,,,,,5.667905008060763,4.898504633932921,4.837295679023974,,,5.743065950399181,,,,,6.256138494762363,,,,,,4.876212372375299,,,5.401756534935819,4.949341945321569,6.212741303773619,5.759023827149739,5.865685588967077
PXD030304-Sample-1746,,,,,,,,,,,,,,,5.914811916464398,6.308304846513412,,5.035996027097488,,,,5.289314639299791,6.441886314882391,,5.248440121805091,,,,,4.969573135607469,5.351502276601036,,,,,,,,6.169471844781767,,,,5.82054305718689,,,,,,6.17876208895888,5.496623624595936,4.7152237866193625,,5.39830492723498,,5.383794886694679,,4.737748593572742,,,5.151305510625726,5.03057684337813,,5.2650752004154135,,5.502492182806419,,5.455215646990325,5.585407979133543,5.853213987059113,,,,,,,,5.707624837021463,4.639524070115177,,5.980929631980834,,,,,,,6.479429950820194,,,5.193674924463715,,,,,,5.417885062156678,4.912990789451964,5.919803739992667,,5.183586612023274
PXD030304-Sample-1747,,,,,,,,,,5.8958974875333165,4.882483976533623,,,,5.9570103885945125,6.226322854816523,,5.768850579313503,,,,5.642484667587664,6.202289870937008,,4.824122715086011,5.317235798602172,,,,4.57374095542676,4.811974357100325,,4.9962132528575705,5.421874585939766,5.534702629403078,4.715722969706748,,,5.820331421830374,4.997834224112936,,,5.900887879489126,4.901284950670269,,,,5.315820339188762,5.97741352881021,5.775024658974514,,,5.244164893292883,,5.862426341598607,,4.872258645026783,,5.220760057506173,4.955001433032771,,,5.179993820095836,5.330389153527748,6.141813413895008,,5.386556746184241,5.931322040235571,5.741309371053766,,,,,,,,5.60151284163888,4.600100833143237,4.746280763357565,,4.888869083532049,5.962998424991918,,5.054458384619389,5.086220258928076,,6.264851880236817,,5.31841830570052,,,,4.763855543651683,,,5.310030538747715,4.84286522064832,,6.360068761993858,
PXD030304-Sample-1748,,,,,,,,,,,,,5.20343925313489,,6.143361773741164,5.820567667599511,,4.922990143627981,,,,5.153511807215375,6.300732213619401,5.497290780368154,,5.508503998096225,,,,4.86279697600294,5.236444556612113,,,,,,,,5.518860106767468,5.187865493394142,,,5.403766428115014,5.521861303993024,5.279130096075611,,,5.018090564346643,5.976013853047816,5.868854901146793,,,,,6.419676432592061,5.568104997696292,4.908381084114191,,5.225275086015456,4.954502919407504,,,5.183000048016616,5.349650760184908,6.204271222742346,,5.225495981589912,5.942365866091213,5.133800498631278,,,,,,5.673998232073352,,5.602592759108662,4.572048975827026,,,,5.68235343658152,,,,,6.21629598646221,5.1071725621229405,,4.809426911721089,,,5.084573286364132,,,5.29990870431236,,,6.265710533055074,
PXD030304-Sample-1749,,,,,,,,,,6.29338647546193,,,5.578258514270368,5.0416050701299575,5.842469727592411,6.40970410374252,,,,,,,6.497638737735754,,5.6381339103339405,5.0459238297070845,,,,,5.561501099081138,,,,,,,,5.61785491028281,,,,5.500708134848972,5.491925301928161,,,,5.104600440587871,5.869192729219316,5.216190530357645,,,,,5.348816364931874,,4.963232742510315,,,5.1185431003022535,,,,5.523583670809208,6.128780059130415,,5.407497154260579,5.55218837639954,5.713752762386489,,,,,,,,5.690077711062757,4.650046189798927,,5.090982889417902,,5.7521959123595705,,,,,6.094325630811569,,,4.868506230390288,,,,,,5.425828135524099,5.339867843891108,5.902901018885802,,5.508501261026293
PXD030304-Sample-175,,,,,,,,,,,4.875105061864772,,,,6.23898673648445,5.449727089700692,,4.90665875091412,,,,,5.816206486568068,,,,5.257470747435044,5.713250368233866,,5.026785286449182,5.229668682566656,,5.0291538649737735,,5.697970807472963,4.728688450206534,,4.95341371189639,5.728940327490984,4.986020243384536,,,5.570841847759917,5.68777498905913,,5.315905673071971,,5.3312213000189175,5.603864180728173,5.971935818504906,,,,,6.258100309675027,5.263166112338792,4.91566523792962,,5.223600536625503,4.988627875664913,4.907349329514549,,5.26793616614815,5.557466281931641,6.169777205515207,,5.411748747991097,6.165579844187693,,,,,,,,,,4.608541872986021,,,,,,,4.792639537816541,,5.77116878391823,,,6.189832966856723,,,,,,5.323445729515613,,,5.967876916487146,
PXD030304-Sample-1750,,,,,,,,,,,,,5.718979518171919,5.030449517626129,5.650262233134351,6.27443574008336,,6.017638233881119,,5.151784629297633,,,6.411545626549353,,5.364301217292677,5.47136612970646,,,5.172390183426111,,5.633040013390231,,,5.655300633620724,,,,,5.919834996463037,4.80797949724424,,,5.944320305044364,5.265247633301819,,,,,5.660414560507824,5.591832581297782,,,,,5.305392444406492,,4.944168117009517,,,5.128909750501529,4.968659739363829,,,5.460665386596799,6.052715461358243,,5.416301794531329,,5.808013402514858,5.867521117053902,,,,,,,5.646331074387644,4.591609969984394,,,,6.018348342347023,,,,,6.424765583914851,5.132649197209777,,5.4450158671247175,,,4.8600604614611775,,,5.358976571419201,,,6.187561967868492,5.69213941471837
PXD030304-Sample-1751,,,,,,,,,,5.889847746749937,,,6.015418794583647,4.913615951004768,6.210592717201447,6.237726937097863,,6.429332980363176,,,,5.176589667928029,6.200635937920497,5.476898328142013,5.099420385289265,5.635710464487847,,,,5.003952131624521,5.130992538433552,4.878355241971008,4.977446801272922,,5.204409216726024,,,,5.960519208865606,,,5.379525901626668,5.560280737571974,5.665466456327802,,5.293936833879237,,5.002912713845693,5.89810863758826,5.765315052297845,,,,,6.012517826503537,5.239579171556644,4.860944652617965,5.149158945026555,,,,,5.138926104357306,5.253320319141118,5.569603300682063,,5.163726991854102,6.1388049537613725,5.107962885519744,,,,,6.059420052677935,,,5.599952030190717,4.542030609522049,5.033294795554794,4.662905772705583,,5.933158485459067,,,,,6.128925447319864,5.070311139680853,,,,,5.040307831252897,,,5.288913978791787,,,6.420221376048235,5.351076621225633
PXD030304-Sample-1752,,,,,,,,,,,,,,,4.854502191556693,5.9515354790308,,5.632755344662265,,,,,6.654971165775937,,4.943698450882791,5.249539164229042,,,,4.663877943133502,5.73578121245774,,,,,,,,5.942135283850443,,,,6.017215709471518,5.042098798313892,6.5486629951528,5.489035130118657,,,5.942190889538293,5.13479094760882,,,,,,,5.03313402318948,,,5.1080240752484505,5.02847433162782,5.47881165258014,,5.603069655723222,6.0732438930165005,,5.619601510275824,,5.728662002872904,5.609817005905816,,,,,,,5.70531426432678,4.643015733908685,,,,6.067262175534145,,5.1676378978375785,4.902732959635756,,6.392390347828705,,,5.195621929389971,,,,6.132720170224974,,5.432400227361842,5.517060724841404,,5.763925782534493,
PXD030304-Sample-1753,,,,,,,,,,,,,5.844516920174496,,6.226787876524009,6.063286022203741,,6.297003762825983,,,,,6.23680596665384,,5.340436305826268,5.799487372102293,,,,5.069308270697496,5.348731687931802,,,5.160370288918335,5.296420657339967,,,,5.647119464084342,5.037176821488007,,,5.44736045123699,5.428559668500314,,,,5.069455827335423,5.999038722366289,5.586276226759505,4.63738112400589,,,,5.9061282741261785,,4.901284798659063,,,,,,5.295976775755662,5.309610697818394,6.009031105390339,,5.239358098027842,,5.48904818631612,,,,,,,,5.663410648180761,4.63795353983016,,,4.917265356647958,5.695644184073772,,,,,5.345341381156728,5.435928455774997,,4.817327712156142,,,,,,5.344805604017627,4.840646011235027,,6.498877332545062,
PXD030304-Sample-1754,,,,,,5.738740551892048,,,,6.258142984818395,,,,,5.992482518835609,6.223990726001409,,4.979000260912026,,,,,6.186973797716398,,4.883555677396227,5.52880602999632,,,,4.605066625215227,4.999685718995941,,,,5.2934473821754064,,,,5.848731515575881,,,,5.775610413430573,,,,,,5.994624503273706,5.27504939244462,,,,,5.798107277394182,5.325640530686208,4.634725992900596,,,,,,5.236588625557523,5.332487691713943,6.070191650768647,,5.281184625775378,5.531659125047368,,,,,,,,,5.658993540668424,4.665502483036222,,,,5.709171856143804,,,,,,5.158514130699391,,5.3380619209520095,,,4.830957318404639,,,5.352552741721589,4.879469275075821,,6.329893763026044,5.429905877495547
PXD030304-Sample-1755,,,6.015306532831364,,,,,,,,,,6.002881388963701,,5.3368556722931,6.306699028708392,,5.333476221572241,,,,,6.079285041723821,,5.247529344549834,4.98123649806847,,,,4.672224842091433,5.78182256263942,,,,,,,,6.162803393390845,,,,6.13704991913195,5.324480698103872,,,,,6.144363379482863,5.313129564248394,,6.382352420222956,,,5.365737015868381,,4.760357344090606,,,5.233809112486195,,,5.2597465642252805,5.425481365168862,6.217477837177535,5.386015122645182,5.570152363547208,,5.85410546002811,5.611402698043959,,5.380070790176451,,,,,,4.655671607316508,,,6.628982222893767,5.786342411954317,,5.163310692570158,4.905743328535495,,,,,,,,4.883941077701639,6.14713179476003,,5.433866922023485,5.308459980544938,,,5.585028244550025
PXD030304-Sample-1756,,,,,,,,,,,,,6.158877300610964,5.020193000319583,5.991733969266307,6.225471396790047,,6.132325986837676,,5.175771824884602,,,6.334602647300262,,4.877598212801793,4.894440839620417,,,,4.612640965734026,5.602833907681548,,,,,,,,6.093114771398124,4.751925744473207,,,5.952102851572577,,,,,5.06579987322213,5.998618507971358,5.606386871795863,,5.444301373764615,4.959448951344834,5.866367985155709,,,4.931855615146291,,,,,,5.244967254505529,,6.13372642168686,,5.546480180501993,5.516556248295317,5.195239083184787,,,,,,,,,4.6083010846861,,,,5.735177039639468,,5.137906557827787,,,6.2199890777662725,,,4.833673063852753,,,,,,5.371339271953541,5.266380800387039,6.192985108581333,6.026258384581727,5.144646126408843
PXD030304-Sample-1757,,,,,,,,,,6.192163148553199,4.859414649753319,,5.167747011452394,,5.849545799521126,6.357885732217524,,5.199667448024832,,,,,6.216696916899559,5.495304176299594,5.110899342108692,5.315687279327151,,,,4.539317853264157,5.445057503187549,,,,5.5097762964539525,,,,5.897227689445103,,,,5.940456815041944,5.37298922448015,,,,,5.656533686467207,5.553778431312155,,,,,5.232369031860067,,4.899711241423735,,,5.243954163597735,,,5.173241820943775,5.350970173765663,5.850158642839421,,5.265705338575817,5.76134601991178,5.418949816143685,,,5.955540142527855,,4.693167639831758,,,5.574888479686416,4.817879695810112,4.728694083192251,,,5.63062383021777,,5.342819995939117,4.776534850058724,,6.082592291619337,,,,,,,,,5.308179117926235,5.251512155902877,,6.355158317668064,5.052610091410941
PXD030304-Sample-1758,,,,,,,,,,,,,5.797491595418563,4.983610707267252,5.888039954633364,6.194690576021357,,5.637504355902001,,,,5.875337340290535,6.295844327291877,,4.850855437737975,4.913286935032522,,,,4.866060724893133,4.959207170367275,,,,,,,,5.70335815241103,,,,5.902397829717179,5.232734264162631,5.581921241816924,,,5.025101611105571,5.967396478883762,5.364049830287311,,,5.208684588609453,5.032194367746567,5.56039565446561,5.280707489563446,4.93141702447079,,,4.984370213872605,,,5.173885786917859,5.335104328804659,6.045742183075841,,5.520886434552459,5.781705438079491,5.448888439253516,,,5.297136672549838,,,,,,4.535989985073244,,,4.9327860808012085,5.664522302069277,,5.690027918252013,,,6.1108491940015846,,,5.129978816584645,,5.110533166622646,4.783282285003072,,,5.626017932336171,4.868077457665604,,6.169618745435482,5.619771275929169
PXD030304-Sample-1759,,,,,,,,,,6.304854148088523,4.97806585958524,,6.1433030039608525,,4.8453405697635095,6.438215655695512,,5.629988124696913,,,,5.306458993917182,6.5345195436139445,,5.540026331656448,,,,,4.993743842965992,5.520916755264301,,,,,,,,5.817802692177279,,,,6.132942477500679,5.622475034032727,6.528247822587922,5.754129698973332,,,5.839756611796452,5.640410332553746,,,,5.843699855897342,5.349973304058494,,4.99771352992082,,,5.396165051747861,,,,5.396763691991193,5.499131896063413,,5.666235383840595,,5.240651993846157,,,,,,,,5.716833614242328,4.649800282766704,,,,5.760268338291919,,,,,6.4212710063588885,,,5.182299721792341,,,,,,5.410220430089442,4.9478931543221005,6.402445426340954,,5.168600681905902
PXD030304-Sample-176,,,,6.038908572970053,,,,,,6.3686146032093625,,,5.797945160914789,5.10636101141068,5.58567422341979,6.483047789641293,,5.538936449427979,,,,,6.332760256133858,,5.450232662452959,5.092634399483182,,,,4.987223499992981,5.445977821252431,,,5.7397734693502205,,,,,5.578129491942921,4.91448671714958,,,6.104749255270148,,,,,,5.782959698131077,5.40982594892739,,,5.36446104542192,,,,5.025393101857599,,,,,,,5.399193852184249,6.210795586047017,,5.402461172655067,5.609124287753774,5.278033439335177,5.6407710240957325,,,,,,,5.736302695668885,,4.8908459264137445,,,6.102288722914949,,,,,6.352724390890197,,,,,5.691883740871646,,,,5.458177669130653,4.96116295826112,5.971745754360184,5.81204028060776,5.577250113965223
PXD030304-Sample-1760,,,,,,,,,,6.254827234677499,,,6.01884815019053,,5.883440520220073,6.196741291382216,,5.977761405632504,,,,,6.249558504201639,5.854622536884658,4.896185447118963,4.885236614977401,,,,,5.285868678181404,,,,5.283533894711546,4.770034554383458,,,5.834410332025369,4.740310658712549,,,5.639534829756834,4.962588745274142,,,,,5.97662043924752,5.626726162849219,,,4.934887292032142,,6.1625579484402895,,4.928963524422138,,,5.335696082953574,,,5.229102730950408,5.353907262532049,6.006141833396372,,5.214344453306955,,5.486274197135183,,,,,,,,5.659592983045446,4.6222373132494505,,,4.933937812412029,5.700785061161609,,,,,6.315987968582631,,,,,,4.820236677109003,,,5.364020630195075,4.880150022334767,,6.417849496278463,5.409928911892593
PXD030304-Sample-1761,,,,,,,,,5.968700523726351,6.273644130868545,,,,,6.188779076725776,6.347610517488199,5.72583268495544,5.288976481720393,,,,5.308841847254496,6.184412258669768,,,5.926474224636548,,,,4.625078354461905,4.52736966680777,,,,,,5.723022618310419,,5.500720751854402,,,,5.873371515028807,,,5.4227321805901605,,5.081499754768379,5.998088933474056,5.674817662637965,,,4.98208891060725,,6.108407042789017,,4.966244961171137,,,,,,5.269244078667158,5.363684808506384,5.936975958602876,,5.457869574379823,5.532529691883918,,,,,5.319400896169327,4.777840252236175,,,5.667279850872927,4.605380662605701,,,4.967238690797355,5.722967793069859,,5.429773338160197,,,6.343582003792647,,,,5.666346208732274,,,,,5.375200881245305,5.5410639993962425,,6.214037244860318,
PXD030304-Sample-1762,,,,,,,,,,5.817021802071418,4.813733640942209,,5.971191498231453,4.871643737877452,5.757571615435411,6.268386392393829,,6.0476073662708325,,5.020359364741283,,5.144272438644878,6.386997765923434,,5.365919777325978,,,,,4.805119045564043,5.595484796974039,,4.914020513814384,,5.14041689118146,,,,5.91767142229924,4.615233858476107,,,5.9431713521506095,5.534542503265466,,5.260024797086066,4.724740771239071,,,5.710788858462738,,6.183206730637655,,5.6736430698563485,6.025638120418082,,4.799855224985945,,,4.956909561802682,4.838463041035396,,,5.407158400824561,6.170458901008754,,5.432590668489157,5.86151388846406,5.679974592224138,5.42166695846641,,,,,5.585447890577631,,5.520688533424822,4.480272405414982,,4.633192826194075,,5.604396974417141,,,,,6.374491244016426,,,,,,,,,5.239526853032413,5.114132113780481,6.2189844192558,6.063985223731292,5.294945621920802
PXD030304-Sample-1763,,,,,,,,,5.955875854211405,,4.885846369144134,,5.992419690611772,,6.147536655266279,5.9242802773906815,5.651680722309247,,,,,5.76363812570765,5.995433018229371,,,5.714561546167027,,,,5.029201501610009,5.579071946075976,,4.999278797739992,,5.22157103376097,,5.648944669641594,,5.957832611602246,,,5.412701934203446,5.706745117567138,5.517428764626851,,,,5.010922377895507,6.021877277180508,5.863189283824712,,,,,6.140808339277591,5.2671021081297695,4.939384826070301,,5.232582977852461,5.008931019506763,,,5.265153325212251,5.370639617954155,6.082330364436068,,5.67039620962277,5.491422514475302,5.138189240095557,,,,,,,,5.906355790364838,4.599881273244449,,,5.2031048143366965,,,5.538154280234717,4.810477202711084,,6.306062373669207,,,,,5.080351047094371,5.100674927407947,,,5.309667006679091,,,6.15129252850588,
PXD030304-Sample-1764,,,,,,,,,,5.949909875010788,,,5.550172854158988,5.0149002172251205,5.503359302575959,6.550095214499198,,5.826375251995847,,5.468444672703897,,,6.648803697461924,5.576001854747928,5.380063810029869,5.565643345219732,,,5.177470872650811,4.911888709337827,5.703576335588174,,,,5.283296225767731,,,,5.9732739864573805,,,,5.862381528966375,,6.3483969030967735,5.89540834416641,,,5.723525099689823,5.482825540123668,,,,5.688444443960923,,,4.949683376061004,,,5.1121781975814224,4.9721527246612975,,,5.349244753268681,6.052373585346216,,5.359391853538364,5.524978014303912,5.190686431262893,5.553292309067182,,5.349828854636609,,,,,5.653651142082659,4.612869602513466,4.817437629453004,4.762880705637035,,5.716016449327324,,,4.863049338973475,,6.4243870419023,5.1420691319974114,,,,5.140849374222344,,6.405679589474175,,5.383406142643281,,6.181647006043565,6.335938167662768,5.117569379611264
PXD030304-Sample-1765,,,,,,,,5.695130195811454,,6.236875032458087,4.932972807007648,,6.096773769447275,,5.751231677447503,6.094384040186446,,5.864830613721272,,,,5.193847748430544,6.297178529784439,5.889045973342865,5.490312926199463,5.031786686959318,,,,4.887661289237003,5.404878976024432,,,,,,,,6.060557661704332,,4.616300849898975,,6.076533084500289,5.665052585350908,,,,,5.76193623218902,5.557400404538548,,6.175462898927815,,,5.293011032235988,,4.618332987837228,,,5.306240180378931,,,,5.381237512715199,5.900930711099387,,5.57014761944458,5.495544808403669,5.4842217669417135,,,,,,,,,4.885951321395394,,4.770913655182179,4.938666307029831,,,5.091632046344171,5.154850779890908,,6.420602511698258,,,,,,,,,5.333477875876723,,6.143112514344032,5.696977572846468,5.459707506821063
PXD030304-Sample-1766,,,,,,,,,,6.27112542149756,,,5.5605295879044885,,5.891848258483482,6.154920408714396,,5.885076911680072,,,,5.223151315758894,6.243736831536929,,5.182134611516863,5.012612065645866,,,,4.6107320807200765,4.516925500320183,,,,,,,,5.381543025855548,,,,5.773149535067764,5.272582095046239,,5.425462576188829,,5.076888787396413,6.055353931039358,5.525821942922747,,5.44130519287762,,,6.369706404150866,,4.6281947800041605,,,5.00044272014033,,,5.220019419712978,5.339841810145743,6.009045821795058,,5.438220361502767,5.99756217860998,5.193622975344986,,,,,4.762570293979529,,,5.6707931432804575,4.606181234485665,,,4.933147395874314,,,,,,,,,,,,4.823500861613023,,,5.361291255716981,5.355064051993265,,6.424578288635622,
PXD030304-Sample-1767,,,,,,,,,6.148443880121132,5.803510851796028,4.812770770161476,,,,6.14933217395735,6.17817431662174,,,,,,,5.9907770747840745,,,5.051904162302272,,,,4.9347095704431725,5.220671943722845,,4.908590415814092,,5.441162150921199,,,,5.689659900961241,5.356286766070397,,,5.611372630706427,5.664108169563965,,,,5.240203116236697,5.5549224961263945,5.963432517406954,5.106048544385009,,,,6.217486795123975,5.47364945940091,4.827536364321584,,5.135084280247733,,4.821709149591851,,5.417403101622122,,6.12812702221754,,5.29631824065064,5.988894472413296,,5.409684320871972,,,5.468947569944021,4.610735421703055,5.571897790759849,5.198514946253758,,4.741615843565465,,,4.7774316636890095,5.8896215200839,,,5.189316615739416,,,,,6.413158816105895,,,4.682630362418546,,,5.2273258763571055,,,6.440241224552636,
PXD030304-Sample-1768,,,,,6.223510957312538,,,,5.949832560496385,,4.860700210815188,,,,6.22216326492207,6.285022477244771,,4.898559837613463,,,,5.623170507627071,5.0911152706214144,,4.793762151247211,5.840439319067016,,4.983753798197953,,4.826197938965366,5.2237574695046645,,,5.099150625679608,5.225322665595842,4.720427268319951,,,5.879858387164188,5.2974236025059405,,5.680036471614221,5.949250736344005,5.676586915108505,,,,5.009989381232765,5.972672732702473,5.995726075198256,5.364793357983239,,,,6.100411362145685,5.737392592885613,4.921172543547644,,5.213781431660037,5.27345421111796,5.201474368122723,,5.189768653145462,5.373333777703051,6.168769903324231,5.2550496348528855,5.262324876418653,6.229651521191576,5.416450588100166,,,5.553017953472982,,4.685720187244632,,,,4.543591472548263,,,5.168731352395746,5.951189277830362,,5.353124707443588,5.078525599041937,,5.983110698898099,,,5.553790549816741,5.574294954273416,,4.747577463680811,,,5.299598037843986,5.8030433102200805,,5.9455985649158825,
PXD030304-Sample-1769,,,,,,,,,6.231459914256636,,,,,,6.170950071168117,6.371906691662847,,,,,,5.209189870634089,5.97544826668494,,,5.449745429674247,,5.316174984197416,,4.863269110102304,5.315616981084299,,,,,4.717258412328336,,,5.706201414162059,4.703310628001124,,5.418967265291924,5.415457046718675,5.631070323253493,5.280741616092862,,,5.329089373033985,5.695375752165052,5.701460248890968,5.46854183681917,,,,6.129179281550295,5.290592938143272,4.903081792708544,,,,,,5.310746525380475,5.294305178802291,6.139998636893073,,5.407802384531669,5.9810161803994095,,,,,5.261278169213044,,,4.8226980532257695,,4.591639045252064,,4.707618193382293,,5.977435644883765,,,,,,,,6.234384000305607,,,,,,5.322450763359973,5.320052580905729,,6.288668622393262,
PXD030304-Sample-177,,,,,,,,,6.2438391067680215,5.869164131495772,4.873547174726905,,,,5.915781912906698,5.686100604381708,,6.230202211877513,,,,6.05201870781686,5.956249152817766,,4.799070297736592,5.772278200803578,5.726245708706137,,,4.837866726912968,5.150281563511141,,4.995068500075964,5.589849444355757,,4.72335680061832,,,5.349531039165032,4.96824854686065,4.5799645168775305,,5.694080160403035,5.492216690334236,,,,5.005082690454724,6.048718217099509,5.497969578236385,,5.683018897219234,,,6.089282646295111,,4.92006974081428,,,5.311443794458452,5.2055271130797625,5.344506326211057,5.189536401072515,5.273185907030589,6.076246623442184,,5.466076444113738,6.050318697506079,,5.479319990096726,,5.277732839992008,,,,,,4.814836857623646,4.788013337173644,,,5.948645994096553,,5.332623291505884,5.259677865035805,,5.992814530143667,,,5.073784307498371,,,4.743612929183668,,,5.302091475714941,,,6.433857320791468,5.040971940308072
PXD030304-Sample-1770,,,,,,,,,6.19525623571589,,4.8428662417424855,,5.143310830685993,,6.230407420778663,5.608930235336863,,,,,4.561482642975876,,5.8425955834671,,,4.816430472711197,,5.263589460688708,,4.804536023466692,5.198986318269336,,4.983639963829056,5.075406693986537,5.206710457949021,,,4.930599041147175,5.877086114728821,5.289547677786064,,5.341556153278081,5.921547333936693,5.650910359717494,,,,5.375562213022937,5.572780035306288,5.958299013715608,5.2673007956363005,5.685324959457888,,,5.994960281089404,,4.846831614299481,,5.201166837867522,4.94998457771459,4.901764199310263,,5.165692451407476,5.285493827066304,6.110416034117932,,5.328947985699435,6.127409292347119,5.09209836334473,,,,,,,,5.559618233200828,4.60302173179667,,,5.1340298918264935,5.928419118799392,,,,,5.271681947456495,,,5.352916879270368,,,5.044010159624381,,,5.269211315619874,,,6.485724458804547,
PXD030304-Sample-1771,,,,,,,,,,5.98174168347795,,,5.576059672757975,,5.841292903411908,6.279345240416983,,6.054378913592163,,,,,6.285922140029946,5.897093387067485,,5.850893473657935,,,,,5.668544355518284,,,5.203961322870454,,,,,5.951696410353778,,,,5.791063451237629,4.995679696609276,5.357576880102091,,,5.093001792953621,6.090490496116383,5.661553668902121,,,,5.711492017806438,,,4.6965255091546245,,,5.073550407484732,,,5.240709310662774,5.401202827633753,6.083452574540437,,5.500993407689884,5.553886541255968,5.525057692503837,,,,,5.27012698401107,,,5.691898482532991,4.638728246892014,,,,,,5.1452304819633525,,,5.70565780789225,,,,5.709763058344089,,,6.106725765942976,,5.417173496729838,4.970945349851795,,6.244841912991139,5.1462144786740085
PXD030304-Sample-1772,,,,,,,,,,6.260291011459275,4.941729813565867,,5.954591450555476,5.003123410138684,5.812427011449034,6.294571679723067,,,,5.465732330851501,,,6.443401927151859,,5.588397801260834,5.118591222981429,,,,4.926328833636468,5.759432278949015,,,5.179228241821503,,,,,5.910907608117135,,,,6.026410508761463,,,,,,5.845834529485286,5.718767621138597,,,,,5.320590479159314,,4.940402370405163,5.2398890225652766,,5.004918005439125,5.281241096927244,,,5.403695648742056,6.263670340309148,,5.508867464064497,,5.813867075385515,5.868387673654041,,,,,,,5.656565285087797,4.618388925407956,,5.768260657842753,4.936190193135208,6.028962309953325,,,5.154267158186188,,6.219372765079231,5.447079093749306,,,,,4.835162949650247,,,5.383749387482228,,5.880083443889685,6.024850496095084,5.683346083834473
PXD030304-Sample-1773,,,,,,,,,,6.250932876101027,4.920504315480974,,6.001717221888404,,5.867676392099952,6.366518750609947,,4.956179556308961,5.689913828059612,,,,6.500997789514681,5.536897625912112,5.585582674227869,4.950164336039402,,,,,5.760847087839332,,,5.469167544548166,,4.76674329246228,,,6.097524189111127,,,,6.070091491078275,5.243148704049957,,5.36733532687632,,5.0414883933609,5.956846847123675,5.1582319663208525,4.628818983878305,5.434320329737724,,5.060206484125844,,,4.932875549193691,,,,4.9541468870458045,,,5.516309319802483,6.0719710921304575,,5.459229734749544,,5.660145447725013,,,,,,,,5.630233604276961,4.576538515121491,,5.037945757227886,,5.71299484049274,,,,,6.311562913015943,,,,,,4.801091443782282,,,5.36336079987764,,5.850801654092573,5.689864971320471,5.562206655945887
PXD030304-Sample-1774,,,,,,,,,,6.350224977747622,,,6.170993191382221,5.067467321934153,6.31806024424894,6.544610841948705,,5.6586916033979175,,5.226261308029083,,,6.510719049578004,,5.564182656876964,4.963003180575984,,,,4.680350906722334,5.544308467798878,,,,5.35293748132485,,,,5.842821878420605,,,,6.14500263607477,5.334644716374205,,,,,6.060210977340064,5.5512406881702905,,,5.316989362238951,,5.688476213016815,,5.021756385667461,,,5.131854955787548,5.043148098645512,,5.270462980595757,5.476714017176043,5.89144657726617,,5.393412789670256,,5.743096363763742,,,,,,,4.933711916167302,,4.678260375770588,,5.3035446267775965,5.00106458303162,5.780890501500688,,,,,6.214615582501855,5.218833012572627,,,,,4.906173954850359,6.219652192846182,,5.432386492274945,4.983429116501983,5.974971543080004,,5.655881301446329
PXD030304-Sample-1775,,,,,,5.643414782490596,,,5.873128733595103,,,,5.459280192679764,4.93057600376138,6.109497992450226,6.083422457511737,,6.107064881146073,5.657914698385974,,,,6.364159982389034,,5.101050147451326,5.542592011668003,,,,4.831912677392239,5.348481455902954,,,5.121617485920048,5.517318696658474,4.702587082356542,,,5.785574401735202,4.677699850772826,,,5.875351334168756,5.588587559692796,,,,5.006887530404219,5.983139883249385,5.615681812689462,,,4.857262000449805,,6.08921208961336,,4.848066528753561,,,4.968173763073892,,,5.146925566819011,5.270867716002902,6.031236872287571,,5.208899331418728,5.749546450911335,5.596276894800164,,,,5.218738727458777,4.6893055459623305,,,5.588777525088051,4.836042217237092,4.728927548782987,,,,,,,,5.893260593471599,5.074733472699138,,,,,4.785623480325478,,,5.273319734077401,4.896200073906271,,6.355957798810006,5.407493056786637
PXD030304-Sample-1776,,,,,,,,,,6.206472510818537,4.8861767257954085,,6.158321283618598,,6.039886017120676,6.372177260722642,,6.0738866904811015,,,,,6.348845528123951,5.814819106820275,5.524189583613356,,,5.006613457718819,,4.852899107749997,5.728935914662163,,,5.597809149455612,,4.729372848925524,,,6.023245017363794,5.3028134031116965,,,6.024924600086336,,5.268341528130538,,,,5.928438104357425,5.98710992019755,,,4.903752756105508,,6.1131879013091375,5.271934819060256,,,,4.95191790884326,4.91844634699433,,5.159095084044316,5.254153511090003,6.209063488315025,,5.566175694402218,,5.617988571578866,,5.498083049021931,,,,,,,,,,5.184426544934459,,,,5.110732582557878,,6.338012858939724,,,4.782817999438157,,,4.773079728426482,,,5.312260347456612,,6.1125382231209855,6.270344515676944,5.492681139935081
PXD030304-Sample-1777,,,,,,,,,,5.928215446125051,,,6.139755822319263,4.974545737269247,5.860670235853318,6.264129471426568,,4.953401899329978,,,,5.22244456412189,6.414763728624125,5.533185495946788,4.856921122762488,4.868909138068607,,5.054072396175049,,4.586918950002316,5.579801331363792,,5.045497649289005,5.630604737312598,5.256889030500872,,,,5.767029525895491,4.724647527694865,,,6.000124307755802,,5.297775244436194,,,,6.08412461152959,5.825055155651965,,,,,5.991846684213753,,4.589607164557939,,,5.053200746464305,,,5.2147538503503466,5.368933692911005,5.969722134265435,5.29793934030973,5.263459912241613,,5.467219612219407,,,,5.272729626114112,,,,,4.551039633030737,5.081584296824214,5.211059764547238,5.212076648252785,5.998592430890765,,,5.143741812898501,,6.241694962374824,5.421430104531966,,,,,,,,5.35712179053936,,6.14293830682894,6.294568486774446,5.429020634679254
PXD030304-Sample-1778,,,,,,,,,5.87008296172468,5.848878873248493,,,,,5.942092967887903,5.818599469368711,,5.96115895220934,,,,,6.150606165207288,,,5.647398336311817,,,,4.508432193906288,5.501033420901806,,4.966313340320465,5.378791563553013,5.492484238149416,,,,5.7986072607602805,5.254029745165249,,5.375680610971118,5.663498188867202,,,,,5.295985695899173,5.8845962738485325,5.804365362400979,,,4.856630474520671,,5.994117632402256,5.704792413510638,4.848505653143454,,,5.2515636755169215,,,5.137515442356797,5.257891238796062,6.191639924812934,,5.365827438711596,5.9110391531534665,,,,5.832898277171314,,4.689617439028316,,,5.556241304855178,4.505100014814111,,,4.830996744238539,5.9188792999210245,,,,,6.046355625712624,5.039969647030371,,,,,4.736009026757109,,,5.256171040435458,5.392950193928823,,6.404701961815894,
PXD030304-Sample-1779,,,,,,,,,,6.217949599833973,,,6.057168058232168,4.977177039212518,5.77353092377172,6.358536946906492,,5.83845026239276,,5.112333498953645,,,6.142382369039252,,5.330290781427367,5.470869762445443,,,,4.8831062543397605,5.381663283532534,4.936069666266606,,5.129587881412583,,,,,5.894372862965958,,4.593699851447869,,5.906787480900734,,,,,5.02601042634658,6.043250711406791,5.658655411616274,,,5.224219918732235,5.537111821703588,5.75035242455311,5.2790778330073325,4.920501542152351,,,5.039631614829761,4.958219832189411,,5.189901621654091,,6.011671775344308,,5.509119293064339,,5.637750749392043,5.510049756966285,,,,,,,,4.852137989884496,,5.019015334538814,,5.663729836359149,,,,,6.294195684013337,,,5.09477353515306,5.621497454984297,,,,,5.349056294639451,,6.299400631305687,5.983013362167397,5.499310498714018
PXD030304-Sample-178,,,,,,,,,5.838074661460242,,4.802592281826421,,5.39577916694812,,6.217110809730681,5.985062767901568,,6.089895295764245,,,4.497771454920938,5.059604484364827,5.867854514557364,,,5.810102161527075,,,,4.7749876323029286,5.141554406658536,4.816193992595609,4.954316880143619,5.019556557159375,5.144234382965682,,5.555457716965338,,5.405391009588903,,4.503515727831017,5.615739203313376,5.6188970807324,5.515760465961892,,,,4.935627608293998,5.86494312415013,5.806171393074594,,5.62624677983416,,,6.3253413474806575,5.655135950810813,4.840195978519808,,,,5.129771849332313,,5.1108287101036085,5.221163775992088,5.977659368839533,5.230835933601085,5.309365441660663,6.230957409787626,5.518779013213971,,,,5.159191356776465,,,,5.52058580296391,4.73210048773222,,,4.795141053102078,,,5.436468398306723,5.1774125033030565,,5.195821671614567,,,4.702814571190976,,,4.673991813024036,,,5.211429127508815,5.256615964188846,,6.440287252385099,
PXD030304-Sample-1780,,,,,,,,,5.970110824819534,5.936409456315373,,,5.24113282911949,4.992817944520434,6.081376312176661,6.140750270400297,,5.866253986983285,,,,,6.361684208487411,,5.492675875307029,5.525797675992334,,,,4.893409844516121,5.201488523020021,,5.068793246156159,,5.260519821295936,,,,5.974835624747101,,,,5.753400782590839,,,,,,6.028720461790719,5.516385153930068,,5.4605420869371,,5.104350624635804,5.599549455133992,,4.970034117542101,,,5.041698725683909,4.958424929008906,,5.196007730707903,5.316759341585112,6.064053307002873,,5.480285031934972,6.284553829862842,5.175202692136542,,,,,4.792475526151121,,,5.635036826927465,4.878099755287447,,,4.9168888267240565,6.003777875293012,,5.089689647092357,5.139000361816923,,5.379046190729548,,,,,,5.117651730040502,,,5.350732995405339,5.331138363572774,5.894033407006164,6.302813149395743,5.45663563566597
PXD030304-Sample-1781,,,,,,,,,,,4.961357888025151,,6.062657371423364,5.074053099141708,6.144760192447674,6.335214047428378,,5.78816573517459,,5.671066792295526,,,5.801001164469276,5.8968972912299,5.514753740232014,5.762770667559998,,,5.205288953860305,4.636303484142681,5.3897975630058745,,,,5.3241795444367925,5.096783432977447,,,5.7669274910820105,,,,5.974947699800782,5.29907762231232,,,,,6.073455956292387,5.598006365127954,,,5.282160502900499,5.407240196684533,6.25314853025905,,4.979434995516529,,,5.103158992032678,5.003265473529879,,5.246703546158853,5.371995923628143,6.153937909684927,,5.305949946972218,5.541782672360094,5.7013917989703415,5.594383386213332,,,,,,,5.687696043638076,4.920014580748147,,4.789886739005554,,6.051313782652278,,,,,5.408423234997271,5.175414317519424,,,5.686858544897147,,,6.107152638662177,,5.385828549233166,5.30748989892377,6.202163096616545,6.457818840437405,5.654486002231247
PXD030304-Sample-1782,,,,,,,,,,5.936293923435826,,,5.695374571078521,5.026037626742868,5.75015647390016,6.077781407569338,,6.074777622780868,5.71029398847458,,,,6.111416675880972,5.53304055990553,5.3386032413586095,5.611717111089255,,,,4.923005585067945,5.454658641120028,,,,5.261603188335575,,,,6.022178526700161,4.74770008748092,,,6.005942392579745,4.955488074512582,,,,,6.23706328337678,5.699593532808955,,,4.979420093314633,,,,4.940481525956696,,,5.050458757016921,,,5.259651109003922,5.48981095646308,6.049056243634674,,5.337834117341443,5.812346033951204,5.6485585362095385,,,5.303610959066523,,,,,5.630868132532266,4.587525069374506,4.788533453907778,,,5.999954779824831,,,,,6.403669316031596,,,,,5.125086545280979,4.815823532311473,,,5.353801767124751,5.294422820916273,5.849078155569673,6.309950238855271,5.438152483727847
PXD030304-Sample-1783,,,,,,,,,,,,,,5.066093893050668,5.92467713748608,6.079619964414045,,5.6512840897107255,,,,,6.023588246463618,,5.43169881052952,5.274904205667545,,,,4.680717080507818,5.539436392259118,,,,,,,,5.198447298022808,,,,5.526223145969428,5.643199918012714,,,,5.457823905773623,,5.635187821509212,,5.55167153166041,5.009625193096261,,5.707861981082007,,5.024453012378077,,,5.096131229434617,,,5.329554424479274,5.435890293293045,6.135615213727568,,5.267532133295174,5.5910284766759,,,,,,,5.821802978100507,,5.729948423103402,4.6966000625247055,,,,6.092562612005223,,5.172863547453376,,,5.7554346921840605,,,,,,,,,,4.967821772793834,,6.095243814326672,5.517121932562815
PXD030304-Sample-1784,,,,,,,5.765293136146254,,,6.249981310524457,,,5.833422884527668,4.996243348613335,5.497748359221814,6.062319338639346,,5.56521846410307,,,,,6.307272357506633,,5.362375649486871,,,,,4.586316275702436,4.797989872447853,,,,,,,,5.914914772751019,,,,5.864022208742259,5.25792686415777,,,,,6.115595301659914,5.316787143783681,,,,,,,4.94813812989276,,,5.065922231802376,,,5.187985352202207,5.3610094974470135,5.879045968809356,,5.470039343803748,,5.17935563658529,,,5.305842378954691,5.282329093723721,,,,,4.887996544234131,,,,6.005247787793742,,,4.842513880632409,,6.2205239755798925,,,4.865666935028792,,,4.815620785442863,,,5.382236042069863,4.901160573821894,6.150500556571026,6.004270639219099,5.4942641070657485
PXD030304-Sample-1785,,,,,,,,,,6.200873288789145,,,5.798132713067737,4.962503539024251,6.0280418044859925,6.011255813714167,,6.330209839817559,,5.103986650022098,,,6.190094256326709,,5.121926823239022,5.818267433379202,,,5.106592011216873,4.537683645268802,4.922318440890704,,,5.40626715747879,,,,,5.940574878710423,5.292113616272984,,,5.879683675672589,5.68688358921739,6.32659794836527,,,5.0222314676279645,5.920007906395748,5.769455459211184,,,4.883673934570531,,6.158340496003575,5.257246315905102,4.9056587386663,5.190215729466184,,,5.206891514993626,,5.177634042368334,5.280350694501465,6.197427124429414,,5.340648287346413,,5.122772419934857,,,5.25341236286409,5.239677828030373,,,5.1123263922725055,5.603281155378052,4.557777890940653,,,4.865308679702935,5.639023107512743,,5.0444928448354105,4.787879036464023,,5.896582849492117,5.082854731341768,,5.1019844544836905,,5.071629093524648,5.078004608344922,,,5.311783769523473,5.267592317607949,6.110385572353383,6.124497592086357,5.069274997855975
PXD030304-Sample-1786,,,,,,,,,,6.268035680068649,4.950328835617055,,5.85108484751459,,5.594616363659422,6.141244637080906,,5.585645064179107,,5.465818566227858,,5.217438411020065,6.02356363583624,5.57475983757497,5.20213002871016,5.281273590960431,,,,4.949784809127372,5.520628144315814,,,,5.281663745899097,,,,5.88635750707784,4.7589585770634,,,6.03268070520822,4.973580769326894,,5.708192632553722,,5.067556568313716,6.036935876873048,5.38644252207294,,,4.947310541780022,,5.331213323565639,,4.984685887621493,,,5.137252639192999,,5.409496994521292,5.215247294950228,5.561204447542737,5.970715749533707,,5.374065267855928,5.523243267755675,5.806005167874155,,,,,4.766937932184163,,,,4.630479057946916,,,,6.01507480548643,,,4.85284717075399,,6.46484872950337,,,,5.653732314865162,5.1310002456429,,,,5.377118950882587,4.905378235298179,5.888593895122294,6.021147196156242,
PXD030304-Sample-1787,,,,,,,,,,6.341885107732276,,,5.7994294227380525,5.085729039582315,5.98191393517526,6.560924739260946,,5.767370703582379,,,,,6.409955366015375,,4.994810196380361,5.2763290539075145,,,,4.994401723634807,5.731778746051504,,,,,4.862851065026945,,,6.038798479393797,,,,5.860397461759832,,,5.503115282284487,,,6.116718459260083,5.478161965910734,4.778218445511449,,,,5.716136283524837,,5.053255171610743,,,5.121847254699494,,,,5.528066562796656,5.67835713446482,,5.544463543127875,,5.76168594764524,,,,,,,,5.735895159793649,4.696145427688499,4.938466404804414,,,5.792767172137784,,,5.249394192200965,,6.265426909557208,,,,5.740806525250568,,4.926377390324422,,,5.46781064635262,5.296601658435716,6.466837460946385,6.11986369789631,5.55012795514017
PXD030304-Sample-1788,,,,,,,,,6.25823677695821,,,,,,6.215008278049686,6.050845698445412,,5.971038360867279,,,4.599843572213584,5.64742835700344,5.961428898747156,,,5.0819453265271415,,,,4.847728409234079,5.067345915859336,,,5.435862831657834,,,,4.661077178611104,5.38242378573454,5.308341580739187,,5.724525047543659,5.403870111118732,5.394676268528265,,,,5.033553989006128,5.67043958868657,5.827544158101593,,,,,6.30919908303623,5.271714834511614,4.913957839258834,,,5.316150331500971,,,5.233661040653369,5.303261107213519,6.080182687095322,5.585065513236303,5.164151929731842,6.332413993317751,,5.499905608559716,,5.755561853885128,5.247126541461594,,,,5.596512317619017,4.565281941226277,,,,5.978372242503629,,,5.410099403027938,,,5.100294201891042,,6.391330195669382,,5.071305439378152,,,,5.333130143901373,,,6.562704629503728,
PXD030304-Sample-1789,,,,,,,,,5.973057304331963,6.19263328825083,,,5.86542028983312,,5.820617240281539,6.084332761345931,,5.375928088152384,,,,5.18519079954855,6.149031251496238,,,5.834734392512579,,,,4.838964467102889,5.340478103222276,4.886298296677047,,,,,,,5.537901907127938,,4.564306261367659,,5.570019670343226,5.368844438792354,,,,4.986111161936817,6.007477518354905,5.594549603744379,,,,5.017436015871688,6.154654741447224,,4.901130763025425,,,4.9553923294969655,,,5.183747451287787,,6.049568221151267,,5.627300451426004,,5.114243590906874,,,,,6.166899919113481,,,5.582993150839198,4.548006794824191,,,4.885421503453698,5.630235008974433,,5.339356271104575,5.261292394838493,,,5.065544781811775,,,,,5.077019232122471,,,5.3051524331992965,,,6.263772092368907,
PXD030304-Sample-179,,,5.974613083358242,,,,,,,,,,,5.025098330220472,5.824199658628453,5.77553503167631,,5.482598294982926,,,,5.245764612377471,6.44690780940952,,5.380289436825219,5.414505731566458,,,,4.936625228069117,4.829836049659367,,,,5.296194202212267,,,,5.562874919802687,5.242986573883004,,,5.962385679496104,,,5.401972796875187,,,6.127922860327894,5.537669334918524,4.666055520143492,5.459315776520972,5.36065266763767,,5.927347037360222,,4.673042625956671,,,5.134831525106824,,,5.262642728836059,5.387424333653473,6.167738577191412,,5.341745510883436,6.007062357846557,5.509267246829938,5.570592245200476,,,,4.779972471196067,,,,,,,,6.035835617213438,,,5.173185231807182,,6.237753373034735,,,4.852552683325412,,,4.844434793103232,6.091999632803311,,5.375671294765393,5.515966338699149,,,5.145583544176245
PXD030304-Sample-1790,,,,,,,,,,,,,,,6.048747787020451,6.207423035257939,,,,,,,5.368859657153704,,,,,,,,5.467084527612817,,,,,,,,5.213675786746872,5.24130608156336,,,,5.759700017223923,,,,5.557303138439554,6.29577017241743,5.6508026311391255,,,,,5.811914930053053,5.498355908865068,,,,,,,,,6.195464831986095,,5.841026796077624,5.695119525091005,5.367890731517735,,,,,,,,,4.821206985210031,,,,,,,,,5.8937824706504855,,,6.42553768037457,,,,,,5.532946194153654,,,5.9267453197995,
PXD030304-Sample-1791,,,,,,,,,,6.1464789910253765,,,5.731787423204031,,,6.0170362866733385,,5.163433529323996,,5.65059496947189,,,6.360988319423074,,5.378602724210971,,,,,,5.306811681385446,,,,5.46570160822826,4.972420491555387,,,6.286674658322802,,,,5.834935796339628,,,5.581454449190665,,,6.6103856057676165,4.66180279582752,,,,,,,4.793266364329985,,,5.304496925618611,,,,5.640202607600086,5.855961604464512,,5.627491208460168,,5.865307443289594,5.742934563596568,,,,,,,,5.072997355172927,,,5.13384246867917,,,,,,6.695313048148624,,,,5.841673475273212,,,,,5.5585874954284265,5.057005098652273,6.139974978916348,,5.638999447536492
PXD030304-Sample-1792,,,,,,,5.6993500204863965,,,,,,,,6.021670869065888,5.963872196949075,,6.114912035162021,,,,5.448262606478686,6.023646954622501,,5.126062388267553,5.67741589317955,,,5.105454694053244,4.835547454880736,5.483490514273159,,,5.576620901279672,5.520265647182993,,,,5.6881988957652725,5.277615286810166,,,5.940339246222193,,,,,,5.898459584815407,5.780784439820078,,5.363771233448494,,,6.15322014472085,5.270579809088581,,,,5.278455378958272,,,5.141715745544204,5.2816155823717885,6.133036380100217,,5.470685461189535,6.0494065995834525,5.597708831337709,,,5.72766189703342,5.222967531323829,4.6986812216846845,,4.786923505510599,5.589413532576387,4.547821091523471,,,4.854524337789166,5.934399775676482,,5.03053922580976,,,6.086590714408255,,,,,,5.06251779711894,,,5.279025506394418,,,6.344878612542385,5.042163122141247
PXD030304-Sample-1793,,,,,,,,,5.946810297098994,6.249524623330505,,,,,6.129562221016863,5.757669115315967,,5.269949868354151,,,,,6.163246602687366,,,6.087160112477926,,,5.167385018638781,4.613548122130327,5.2073399267954255,,,,5.5741167932180655,,,,5.430964192943377,4.742663785363026,,,5.150074065671515,5.26409163839902,5.318215469504175,,,5.06142139506651,5.977637526342055,5.825620728277036,,,,,6.4242112133755,,4.931535468408955,,5.572558334324001,,,,5.258140930208706,5.3286099232734285,5.969147750073673,,5.368237868099285,5.521253012329065,5.189102443575315,,,5.318369768934718,,,,,5.645473412856095,4.594425050662278,,,,6.0231188001912965,,5.10119639893507,4.84712718001084,,5.9562869597138,5.155525070204948,,4.826840139610438,,,,,,5.368001639742738,5.528046089978102,,6.507248701990265,
PXD030304-Sample-1794,,,,,,,,,,,,,,,5.975688112578798,6.192421823681545,,6.013129739825337,,,,5.832768080339301,6.325442639029276,,,5.618867915294227,,,,5.104963507193081,5.630587741221345,,,5.171917752344265,,,,,6.012079552748202,4.747338051870151,,,5.94676637444988,5.261530231290824,,,,,5.685366535398542,5.70857419773209,,,,,,,4.959568290402909,,,5.151907837099232,4.97138867488964,,5.20755952738748,6.189551929265152,6.085105818235196,,5.4586707471595055,,5.668775250722034,,,,,5.972398468763147,,,5.64207105056064,4.8877502170232745,5.111227487765465,,,5.703433902580178,,5.099570183239044,4.844776263652295,,6.273915335886288,,,,,,4.8136835431124325,,,5.365472244570644,,5.877693688904866,5.718766145110293,5.100984692135661
PXD030304-Sample-1795,,,,,,,,,6.232390765242782,,,,5.482029351531782,,6.18597119330606,5.80946376892412,,5.865907308962074,,,,,5.9491002059045055,,,5.518616288850884,,4.995330745722412,,,5.144629081793869,,,,5.225299227492428,4.698613571066859,,,5.955650827574589,4.67986408471671,,5.385126096623967,5.0938705381289004,5.68704603151224,5.257573086170469,,,5.31550298035386,5.936006327924716,5.721404681267543,5.295312916208681,,,,6.333575572149314,,4.880026637304558,,5.210304652913748,4.978885720314612,,,5.184609779164964,5.339884133287022,6.096110310916847,,5.377784497810477,5.751952672672094,5.426988390912396,5.485590784984377,,,5.237251245244615,,,,5.590365762012402,4.535555142202844,,,,5.950073972177568,,,,,5.89567516629297,,,6.40232176312094,5.884647480449012,,4.754957207083381,,,5.315369177435546,,,6.131204527779751,
PXD030304-Sample-1796,,,,,,,,,,,,,,,6.182529325453464,5.671216842165074,,,,,,5.235283280283229,5.733766082664034,,,4.851170285159636,,5.8326385846645135,,4.563838175466608,4.951751828732297,5.227248761776759,,,5.284418221803924,4.732780904789121,,4.979258638637187,5.994461932254762,5.016548141335979,,,5.136696779252628,5.638406789848531,,,,5.337999206372131,5.730451142606673,5.914691382281464,5.225789050396071,,,,6.129823463110386,,4.580591490689805,,5.251393782781746,4.993576762121915,5.238139493045275,,5.47383581122145,5.36633897566207,6.133836682182908,,5.31181576279487,6.260776954514572,,,,,,,,,,4.596929755761016,,,,,,,4.811400327255451,,6.10436691233806,,,5.924644329729518,,,4.785627139689436,,,5.31216104068452,5.296604981709669,,6.160706554108382,
PXD030304-Sample-1797,,,,,,,,,6.219853958353191,6.162678551162177,,,,,6.158403962028046,5.308871743999272,,4.882082349598362,,,,5.120320330220557,5.918907377721356,,,5.117404164396117,,5.686573312296578,,4.828058360447138,4.42175194298072,4.883361114422832,5.271092147650887,,5.190014206626535,,,4.926576916214937,5.882306096224811,5.13991164996431,,,5.385200619025141,5.365783994968116,,,,5.295449167642084,5.914871107888997,5.802019074866166,5.3518686760122165,5.373126641869087,,,6.311068512716231,,4.885256893569128,,5.501143902052524,5.260418585674839,,5.329843147810241,5.148495428508896,5.249716838144492,6.174560712596426,5.236373979360924,5.34759971006477,6.279878429096965,5.100048727012557,,,,,,,,,4.571376015877269,,,,5.924775224643099,,,4.757552278693293,,5.749139536751764,,,6.022881136371989,,,4.735769442845549,,,5.576890839206018,4.7976496677977485,,6.488855158573063,
PXD030304-Sample-1798,,,,,,,,,,6.375649041428266,,,,,5.890903763116491,6.396714438597221,,5.800047598306667,,,,,6.381594278604094,,,5.171503875300971,,,,5.025501126219536,4.937207044865213,,,,5.417340241152712,,,,5.989247698539894,,,,,5.386442177517289,5.443794319844017,,,5.491233095513048,6.144741556496079,5.562232186702143,4.777028582825268,5.565540081742797,,,5.729858507720031,,5.062638533464197,,,,,,5.399139458370637,5.4919427578732805,5.568387539961877,,5.4327696761287125,5.644555363681311,,,,,,,,5.305166080107277,5.791115461377634,4.709434970697887,,,,5.8290266014163805,,,,,6.09250948941431,,,,,,,,,5.474552395273667,5.399597139564259,,,5.228011204598057
PXD030304-Sample-1799,,,,,,,,,,,,5.576249635478816,5.928564199910288,4.991869467500757,5.78527194956086,6.185957812533093,,6.368615004631657,,,,,6.298965467034602,,5.166774699971527,5.242886404151111,,,,4.585857030218944,4.490476364743575,,,,5.570262114734418,,,,5.658433602312663,4.7245590423936585,,,5.62105328493706,5.423722786390908,,,,5.347623353735039,5.665468318790897,5.417637839876918,,,,,6.196531552302609,,4.926589689519204,,,5.114385554845049,,,5.279322932917176,5.2913827979924015,5.780844622829118,,5.252746592982993,5.511818947494866,5.470562036236034,,,,,,,4.850137880229358,5.642885871722989,4.6014466866347306,,,,5.685350458128212,,,,,5.939794709954683,5.469157999362082,,4.826214320786148,,,4.802968884328538,,,5.34956967272686,5.202369113526898,,6.303534046251079,5.443308852823784
PXD030304-Sample-18,,,5.942457158332603,,,,,,,,,,5.20566587698009,,5.86218014763847,6.042670011167292,,5.553948448156731,,5.132857016185518,,,6.19269647434156,,5.660053796311558,5.407273769317774,5.2963093106140136,,5.153625048673271,4.578005047003906,5.267554685433335,,,5.45106995534786,,,5.7050807774989085,,5.738303520316062,,,5.4186105891192815,5.838325498164664,,6.013905986521773,,,5.042719014240623,6.012537247870537,5.160159184958659,,,4.934871704902248,,5.577354821695059,,4.914934513990598,,,5.166942068251341,,,5.173358179683228,5.426151085993383,6.029048129687135,,5.265732031557727,,5.162516749192655,,,5.300103496587338,,,,,5.623668245000344,4.595072400040451,4.776455540691381,,4.92152927177484,5.993172664637719,,,4.828616606369844,,6.187875905971674,,,,,,4.793675039410646,,,5.353578524015797,4.857056204388496,5.836605532536352,6.169340226755297,
PXD030304-Sample-180,,,,,,,,,,6.249577090948787,4.93540055802886,,5.843008021711603,5.037563339339584,6.046805235053383,6.204963427478592,,5.881836612247072,,5.152672120339345,,5.925900046284433,6.39895915109458,5.854215275110461,,5.113397220356994,,,,4.901961104858223,5.561262455125661,,,,,4.762005443032572,,,6.051499288811955,4.744750820906236,,,5.943901393276559,5.565721548642603,6.192479263810959,,,5.059164090647141,6.058651925855604,5.66085012126147,,5.957480642777583,,5.388038729155092,5.792798536975789,,4.953495613890031,,,5.059913303756234,5.2818924177725455,,5.234222628665218,5.37142803331975,5.440303625351097,,5.558816780595619,,5.187619694743006,,,,,,,,,4.600010371017947,,,,5.724168727825416,,,,,6.321177090213409,,,,,,,,,5.372125989377512,,6.392256638608595,5.720178225492173,5.476324648300788
PXD030304-Sample-1800,,,,,,,,,,5.90860565254772,,,5.990815232509046,,6.323148362826547,6.38438981135098,,6.343301798564843,,,,5.166713584656175,6.326668806867525,5.5092348464416085,4.826011475696058,5.470281982397846,,,,4.5687358839125,5.174472719648225,,,,,,,,5.488101024261852,,4.892138282243576,5.40592590306314,5.592082361575055,5.631147867878057,,,,5.346794099117833,6.004131032465695,5.486382939015932,,,,,5.978789943996573,,4.92980736459519,,,,,,5.201619064059946,,4.965118904129859,,5.334608612286602,,,,,,,,,5.311288136955257,5.636421207457307,4.875465564271833,,,,,,5.083971376807985,,,6.169679138149321,5.102852500972598,,,,,4.772296599490409,,,5.32832139005972,4.860797019899914,,,
PXD030304-Sample-1801,,,,,,,,,,6.028290508252078,,,6.02756863032063,,6.344534764494796,6.208684947611038,,6.208838209490194,,,,,6.172382606944195,,5.445495306094737,5.652858283360434,,5.177028407438331,,4.986449972004513,5.374839482253741,,,,,,,,5.819888835652896,,,,5.719466818064164,5.751778158636999,,,,,,5.5153771443768544,,,,,5.8971661527906205,,5.037418267416163,,5.358027825076089,,,,5.350400801813489,5.404144690268961,5.212018837291656,,5.497961633199074,5.632681682326576,5.288230360649107,,,,,4.837912305975796,,5.449263178199151,5.728948104448231,4.690176489911573,,,,,,5.1810251856379645,,,,,,5.222425882725404,,,4.913444249769931,,,5.436942325334642,4.958848323702108,,5.795683081448065,
PXD030304-Sample-1802,,,,,,,,,5.932527023883447,5.9102324786457565,,,6.0576147968894185,,6.336630727155725,5.988995165075616,,6.293373346963936,5.6789909686126085,5.172989468593894,,5.246679384962517,6.42237401098798,,,5.453298908426588,,,,4.569032007611152,4.962047492675001,,,,5.234730552681017,,,,5.902338014667755,,4.592129084898497,,5.722493589785596,5.7775863725016405,,,,5.048174240874505,5.95838416322092,5.708656258138541,,,5.213863202308696,,6.184299918358862,5.278628316175019,4.622613085000297,,,5.043349429326266,,,5.217246577630646,,5.822803616191518,,5.525430006183416,5.780120247598986,5.63984769532475,,,,,,,,5.938918566545584,4.566287090830033,,,,5.663584958901886,,,,,5.932214724259776,5.09619875783469,,,,,,,,5.329834441050455,5.3602905991530525,,6.171830859596069,
PXD030304-Sample-1803,,,,,,,,,,6.244633396408945,,,5.918486279572488,4.974426939732363,6.276258487551001,6.283559117058511,,6.28581606868392,,,,5.271481585096068,6.249340455453878,,,5.471558162641469,,,5.452056118720788,4.58614244492923,5.193641401262584,,,5.172918693894903,5.29470722177664,,,,5.901089538296537,,,,6.00155963777957,5.656243079646321,,,,5.089191281457962,5.991378675874396,5.765970801799577,4.627054467460946,,4.911114932718446,,5.7797532258752735,5.299585669559664,4.897206789184148,,,,5.250820258069329,,5.210874395263467,5.342640669084123,5.881951868015821,,5.460872143837364,5.800560821892683,5.776377963125031,,,,,,,,5.646415991693609,4.618386156626496,,,4.905482313077836,5.70735896626201,,,,,6.34536472078179,,,4.814157505453087,,,4.818781047732469,,,5.327343818354202,,,5.993069103535286,5.104720347777397
PXD030304-Sample-1804,,,,,,,,,,5.923893052064924,,,5.999224738601416,,6.069030332368864,6.369037038651092,,6.259942295252785,,,,,6.482674244354475,5.854585704148335,4.871387910949292,5.867782821925377,,,,4.572755521735508,4.789986405007553,,,,,4.746877355960915,,,5.652817280617169,,,,5.734289130018566,5.64379824729024,5.296174229396187,,,,6.0762641579445,5.633862745230088,,5.734963967871417,,,5.901555811477862,5.610273239684018,4.920774613403001,,,5.314435726289172,5.251167921826935,,5.216221130022468,5.285776896668711,5.748160030746177,,5.45947108563513,,5.168383512882095,,,,,,,5.324785182750343,5.637601972937978,4.581664621730389,,,,,,,,,6.256486750527526,,,,5.632259617149563,,,,,5.3362153630589,4.912229400901493,,5.996154349122318,
PXD030304-Sample-1805,,,,,,,5.741565264218488,,5.888004680809236,,4.873216104240847,,,,6.136087873822593,5.967430684777779,,5.204041577605731,,,,5.446932382808148,5.084817784610562,,,5.3000187426739656,,5.701209258769384,,4.829364791567573,5.038657082251315,,,5.093396256096482,,4.696442259187752,,4.637886888648422,5.505002546179695,5.378951971449843,,,5.100031318491018,5.741232869152818,,,4.783587061862235,5.32117120862284,5.724924005305786,5.890178326641576,,,,,6.015084918830382,,4.914207996078702,,5.499250974971443,,4.8936882401659965,,5.478363182634409,5.289483971227169,6.135007316827648,,5.1202512156109785,6.23209765621498,,,,,5.23085644910808,,,,,4.517080694514557,,,,5.942592378562292,,,5.25898158997402,,5.881202441155196,,,6.080165724725934,5.588448083550376,,4.760664335613432,,,5.305634468796053,,,6.351195566227396,
PXD030304-Sample-1806,,,,,,,,5.729700305249709,,5.954622465216022,4.935390080199491,,5.9511830236554415,5.028589767283001,5.296125575850003,6.316315846050895,,4.986071740669718,,5.472185403547927,,5.54964746391878,5.882706555175863,5.880204791556875,5.5978897105076095,,,,,4.915814486722621,5.32410907291388,,5.071818889255882,,,4.815511434274562,5.710333043387946,,6.093193656265145,,,,6.081764851266173,,,,,,5.915615241504315,5.335212101351435,,,,,,,4.950063431949909,,,5.119640239177597,4.9748054782121,,,,5.893175897611837,,5.627324708649355,6.024498621770484,5.685547141118475,5.573698977773418,,,,4.76863203521199,,,,4.577559965610916,,,,5.708605637470925,,,4.847292823593169,,6.336921213869765,,,,,,,,,5.376172975274359,5.410468705761543,5.901322377070391,,5.580302525338762
PXD030304-Sample-1807,,,,,,,,,,,,,,,6.057042877302692,6.118530771795802,,6.004246486954585,,,,5.688704739400344,6.23766187110035,,,6.018981948601164,,,5.159639266028014,4.900664795562385,5.584284415841696,,,,5.260678228998609,,,,4.819612197698792,5.0351379442527096,,,5.999042923016647,5.444797668220835,,5.414635678655218,,5.355316600447914,5.659456069202244,5.748887212650972,,,,,5.776646337353383,,4.929801570330705,,,5.3497591560600295,4.955676370072545,,5.244544575965167,5.383390014470948,5.951674861932343,,5.531688014978685,6.107886933787796,5.478237680103659,,,,,,,,5.642217072228129,4.613533364631808,,,,5.708446746784162,,,,5.584625325026988,6.306782416654699,6.046997161830421,,5.125770219864656,,,,6.0589975382234265,,5.368376498393276,,,6.411320196742661,
PXD030304-Sample-1808,,,,,,,5.777668011074897,,,5.953576251883475,,,,,6.106286206673889,6.081913748947676,,,,,,5.227584497762919,5.481177494827125,,,5.777547997030339,,5.893486277253695,,4.6111141980356045,4.994195949916965,,,5.237138288988674,,,,,5.022005046445309,5.233043697664622,4.645254998187058,5.480413741788285,,5.5926807743824885,,,,5.373960689585189,5.692551194193436,5.783252578304333,4.655289354623979,,,,6.141482794249205,,5.147495031570156,,5.285720459546712,,5.287501906521353,,5.326849007175096,5.392829677325163,6.10952433595254,5.327442969790841,5.478969632123486,6.137242354958213,,5.567404122325267,,5.327442969790841,,4.8024206883959,,,,4.599519262768366,,,,6.039273067859264,,5.435195783338313,5.346966367299131,,,,,6.008299058395658,5.658454164351886,,4.830454226435228,,,5.3869429709923065,5.276851999584796,,6.452262852508492,5.113149493880943
PXD030304-Sample-1809,,,,,,,,,,5.9560666386871794,4.95052964509169,,5.238326695571375,,5.928047829434462,6.012227494178266,,6.414801659264658,,,,5.252716260641075,6.293255963304541,,5.182672598234852,4.930697648526887,,,,4.926239436857791,5.420520876874875,,,,5.277719214602953,,,,5.687037218267596,4.749355906745592,4.938025692988459,,6.023512223843934,4.981596224828425,5.629037370319447,5.436660467972689,,,5.983559466053192,5.834772315299195,,,,5.079460465672631,5.805757484447074,,4.952685835312605,,,5.04907445698143,,,5.220153333509149,5.436273848675944,6.283950967778463,,5.297718493573694,5.517368378022162,5.19429937580123,5.562458924889608,,,,,,,5.655781741341942,4.6113564108031495,,4.75158617546071,,6.022622770929573,,,,,6.273511527368045,,,4.84390879018963,,,,,,5.367578638821223,,,6.033871670572689,5.506034643561999
PXD030304-Sample-181,,,,,,,,,,,,,5.911858692604072,5.253955562238502,5.467854139842877,6.284586536044952,,6.118871309536443,,,,5.433489137059225,6.605454297066919,5.739711300499328,,,,,,,5.702971823202722,,,,,4.978459151823238,,,6.027660614651307,,,,5.821804439216755,5.149845324573596,,5.570112309048403,,,5.914183973460076,5.140987807627599,4.8833473554161895,5.631912714227662,5.129362017449585,,5.976146369928662,,4.908817906149789,,,5.251194573363319,,,5.431047742742396,5.53287199732472,5.76560025438056,,5.554972139470618,5.705735496118451,5.677040176055984,,,,,,,,,4.792890028910397,,4.932915584573401,5.112365466611418,6.206115362433307,,,,,6.334296367400527,,,5.346826867033784,,,,6.577153416143947,,5.5502676366372,,6.128610245939154,5.899580450245738,5.952917042019672
PXD030304-Sample-1810,,,,,,,,,,5.9565643803116,,,6.116219199855461,5.051159592354459,5.977472834866814,6.334809955898004,,6.495280139353065,,5.661394068966371,,,6.225227655172398,,,5.383008052928186,,,,,5.602005735529796,,,,5.292880223962802,,,,5.804744988548665,,,,5.182880242934621,5.273402438887005,,,,,5.695398827432599,5.392932738334095,,,,,5.934299681911529,5.3314987999295695,4.9572047153412,,,,,,5.2640982711731645,,5.857757223790792,,5.332131323549836,5.522173637745931,,,,,,,,,5.656192886975134,4.908040139459339,,4.825967602812718,,,,,,,6.239597714655883,,,4.838936894701131,,,,,5.5633253853622895,,4.897823404321434,6.185698041393854,6.329729335751443,5.166614157877636
PXD030304-Sample-1811,,,,,,,,,,,,,5.225210414186601,,6.158702909698446,6.017241829940744,,5.752211511614629,,,,,6.13238214264346,,,5.740676087361966,,,,4.924316567875425,5.599580710318687,,,,,,,,5.713528691555037,,,,6.011923995356806,,5.3204078468852165,,,5.112700484808988,6.197365483927268,5.663404083691912,,5.435855851236943,,,5.790821117567785,,4.666406314987738,,,5.025256909141307,,,5.257474475911658,5.400006804435461,6.165876541459998,,5.411944713127651,5.821343077545928,5.674680838877677,,,,,,,,5.669067788246463,4.575084695865318,,,,5.744482402641416,,5.109354237169455,,,6.321771220946443,,5.386210597404211,4.823091659944143,5.956807178313324,,4.871644940277446,,,5.372931611389983,,,6.201019094425068,5.116254610819306
PXD030304-Sample-1812,,,,,,,,,,5.913783618509665,4.89311470798668,,5.205004229590508,4.970071990383875,6.096377370266099,5.793931118764746,,6.0291256611025394,,,,,6.086395944951649,,4.880007482733617,6.00919868077883,,,,4.584173166072822,5.079217341053925,,,,,,,,5.896707027940699,4.71824876531589,,,5.972262391094045,5.417715732090301,5.999839686243031,,,5.022535294082798,5.6449292719331625,5.727494716046995,,,5.231240364346351,,,,4.931708253909364,,,5.05091690791862,4.936361981231631,,5.19702729471801,5.307718811808609,5.828774472011991,,5.431727117330364,5.49046647420608,,,,,,,,4.824991171742264,,4.588351035254651,,,,5.66783069384235,,,4.810443103142411,,6.294489858922491,,,4.808853005996159,,,,,,5.327474374642322,4.902013641672835,5.835408897370268,5.973504438392694,5.471038797601358
PXD030304-Sample-1813,,,6.714707645272726,5.875225420839439,,6.388970473286997,,,5.872959133422802,,,,5.630328568526562,,6.211110419970237,5.534625865927236,,5.493370210760194,,,,,5.936048310815993,,,5.3742695874129485,,5.686318287633222,,4.52492175061207,5.475049502985277,,4.974492380072477,,5.506535557543674,4.997501737767582,,4.934555715657256,5.934701895332539,5.145148340022353,,,5.378494693421037,5.493118914203138,5.238640736613289,,,5.009710199823198,5.697208926661362,5.900167323198577,5.535235028829584,,,,6.189948095789461,5.541157008120573,4.853476939935335,,5.193670182542591,5.248504503076146,4.889546965448889,,5.140180187215908,5.57124195616521,5.994357106504926,,5.111231270184721,6.137023968273072,5.590080437410943,5.470175046576133,,,,,5.639117379929328,,5.572879218255936,4.506995087498527,,,,5.941206800564779,,,,,6.124461605831364,,,6.405432032084953,,,,,,5.275522375736458,4.806965133810838,,6.418075963403841,
PXD030304-Sample-1814,,,,,,,,,6.280740650191296,5.8765849875805065,,,,4.9230127236067895,5.975024289355309,5.686177093466558,,6.456508019710944,,,,6.0580165529057854,6.057143134354555,,,5.60454853401986,,5.056563920198863,,4.545101145276349,4.439058623269241,,4.991194465832933,,,,,,5.233006433446011,5.284094345293508,,,5.692138225968289,4.91029678963817,,,,5.346440331413257,6.05187219423869,5.739510762890694,,,4.861511466155525,5.715002222394537,6.028755877891969,5.2501360993476505,4.896420805130681,5.940643118750304,,5.319832816191945,5.200516132915553,,5.1833642449674375,5.288031271237621,6.043160565926536,,5.517943340650769,6.069461386660576,,,,5.550139725673534,,,5.635497660477523,,5.577495033733981,4.82821358930818,,,4.855998813555413,5.952968771102598,,5.518341646264911,5.263336177699291,,,5.081776452281555,,4.755862025510309,,,4.757802112720314,,,5.298254687452224,5.203913605135092,,6.441076119244277,
PXD030304-Sample-1815,,,,,,,,,,,,,,,5.198172492867072,6.35205298562143,,,,,,5.310633953401233,6.463945299426252,,,5.5197612920227215,,5.486985026564074,,4.717608716398699,5.915313120825847,,,,,,,,5.417976328630542,,,,6.170769502988977,5.063323672322496,,5.533054653294132,,5.163808625564214,5.767927966736505,5.36960345184924,,,,5.67737481007398,,,5.06062678654491,,,5.147393944144304,,,,5.526605336370977,5.98820075977287,,5.666374215768224,5.630902576549197,,,,,,,,,5.751117940952605,4.758519560091525,,,,5.816958718791972,,5.832975088562231,5.256629809517781,,,,,,,,,,,5.494573854215165,,,6.11998329625256,
PXD030304-Sample-1816,,,,,,,,,,,,,,,6.182341069906142,5.769910993499188,,4.9220412142820855,5.685554062047302,,,5.190581294899308,6.230218546622098,,,5.717346857339367,,,,4.549078381508022,5.243730073296542,,,5.131880555088313,,,,,5.185401704769074,5.404991166798121,,,5.8231993850272685,5.397635632328674,5.277802873299274,5.667368461511596,,5.326088210282052,5.676482276893202,5.870748180195074,,,,,6.1162499136418935,,4.903681934650851,,,4.987956460235506,4.922275555599886,,5.224646089581529,5.33924600481067,6.2080116065818896,5.273983389248007,5.351898569872972,6.177095825067875,5.141593054929754,,,5.272684526491224,,4.757955673759655,,,5.614961493308552,4.565382358878309,,,,5.974456086498324,,5.365553176768198,5.100175988675549,,6.235503874413814,,,,,,4.772668456396003,,,5.330749757014111,5.12973688430069,,6.527689311726003,
PXD030304-Sample-1817,,,,,,,,,,,,,,,6.166919724730676,6.315641652687317,,5.554496709064328,,,,5.208027178055312,6.354572978348212,,5.461260458997898,5.566975561806031,,,5.161395369110681,4.893186998105852,5.730592857693009,,,5.154371541803992,5.258025014497835,,,,5.877149174722304,5.0228487347170985,,,5.995861739866639,,,,,,5.713318192118366,5.663357561099725,4.627180178665078,5.51441092259681,5.236638807269308,,,5.298563480241305,4.574436660417158,,,4.9936355754058726,,,5.195502555510338,5.453294376119739,6.224037162352856,,5.453121982859201,5.972766765671078,5.656958916039013,,,,5.2756599853675885,,,4.845266770671455,5.630269657182543,4.600930669094007,,,,5.703566618067917,,,4.821325892883406,,,,,4.8030337239677365,,,4.795230251198952,,,5.349673560953828,,,6.168088661126864,
PXD030304-Sample-1818,,,,,,,,,6.240735729861623,5.902128933670596,,,,,6.187765555310635,5.56731090930131,,5.621372603870396,,,,5.525341514446052,6.081018547143566,,4.827749683572013,5.677438129831152,,,,4.859374978764968,5.420365989283265,,,,5.244115144395027,,,,5.999497849000797,5.001152446993549,,,5.903882918114553,5.514150532889875,,,,,6.13463355955829,5.784941563724631,4.598485683846523,,4.8929329323211554,5.032558989133194,6.052538774156298,,4.922752444402262,,,4.982384240478325,,,5.2117514928483,5.528502855676508,5.696632905134981,,5.451252248139642,5.952492969627344,5.636932547435609,,,5.2694407300452335,5.563025690646106,,,,,4.854091586060502,,,,5.972962351053603,,5.07655103321651,5.1011673674830105,,6.2830338124233975,,,5.091637244354589,,,,,,5.331176630012571,5.2328653114918895,,6.152830672703468,
PXD030304-Sample-1819,,,,,,,,,6.258684735391837,,4.900907320338508,,,,6.086242557554722,5.36931355904669,,,,,,,5.612538884506962,,,5.112614145702356,,5.838865789000066,,4.5908627711347485,4.95954614259772,,,,5.27640745651483,,,,5.40391746100747,5.1970354104162295,,,5.603789711092346,4.931017752793607,,,,5.049519163310886,5.947501588626443,5.658848126303554,5.47678866613555,,,,6.187686615447627,5.291379010785491,4.896964885304217,,,5.309922158092838,,,5.211397837155381,5.362731354653586,5.462306902707256,,5.207335826262055,6.271341747147245,,5.521701615378619,,,5.266705516590057,,,,,4.59595214853215,,,,,,,5.118901936219291,,,,,6.198697705196993,,,4.797105917806948,,,5.343771318319157,5.043898497233024,,6.543713008230473,
PXD030304-Sample-182,,,,,,,,,,6.240847590074827,,,5.825456315491281,4.982936692461096,5.799254512273088,6.2946615771073295,,5.751173721018971,,,,,6.431668090506442,5.882306013072756,4.87736553148702,5.209587718024139,,,,4.901918714916837,5.098512589147298,,,5.461758219168574,,,,,5.666661809622972,,,,5.926888777108982,5.441274470276958,5.610530010314992,5.474732211359335,,5.093954402943728,6.136786098056011,5.253010009652196,,5.743717218993124,,,,,4.964117900361702,,,5.0465514874354485,,,5.248640207804814,5.392837765435058,5.897376669154993,,5.362655462774203,,5.175061358080875,,,,5.285951889756787,,,4.861297693913695,5.646640375816887,4.605944691443484,,,4.961165811426603,5.710041874406919,,,4.837625049717066,,6.321574381491569,,5.403367499713164,4.897629066607918,,,5.134851709153724,,,5.364769894996023,,,5.7375963839466335,5.400074213571663
PXD030304-Sample-1820,,,,,,,,,5.887318631886893,5.866631113759368,4.857510834422087,,5.756454360160791,4.92896524286269,5.982357474291082,6.2461297148034784,,6.425883672906387,,5.075466130087444,,,6.266117218763547,5.479137906840878,5.277183289844339,5.469990589727535,,,,5.000857121205722,5.392713044210269,,,,,,5.624586591012376,,5.937342511711061,4.969766686652321,5.417303699270651,,5.553191522124825,5.484883989424261,,5.398369598200167,4.784703725671909,4.979129854119624,5.924708540328142,5.747869162376629,,,,,6.137752075644144,,4.891646507244264,,,5.257209081809124,4.899946143177655,,5.131962725210661,5.343146900694662,5.761164618796446,,5.436345730415145,5.742510777497924,5.597311346668615,5.469759070286277,,5.253565092128559,,4.685791053532991,,,,4.816420988643274,,,,5.928764617060822,,5.021398853278349,4.769030172484349,,6.293919538508522,5.054392331378062,5.598832777462477,5.078024921119173,,5.346300064672882,4.764635504148686,,,5.298492060223767,5.207310854171175,6.097218261883084,6.333668493781795,5.4159888186404
PXD030304-Sample-1821,,,,,,,,,,,,,6.139521189058312,4.978523278330618,6.09258212653641,6.2025795463323625,,5.656408393234234,,,,,6.20340703827396,5.545007294464622,5.163714329927359,5.07031960713439,,5.052326648304898,,4.892100532660142,5.504547301550367,,,,5.272496533114818,,,,6.000689855662248,,4.616160885221945,,5.442831166589706,5.42564765061202,5.315762621382477,,,5.054167935351518,5.964281117071682,5.695786898978094,,,,,6.079361727472752,5.306499564102108,4.626663635899526,,,5.004580096285762,,,5.195707672316763,5.351290237307371,6.002906038741573,,5.475828575533569,6.104076972246004,5.477310351682197,,,,,,,,,4.612987809950224,,,,5.698978830644029,,,,,,,,5.121454970379861,,,4.813274434265506,,,5.3347397624286765,4.908315797930513,,6.393925664325594,5.470750328836898
PXD030304-Sample-1822,,,,,,,,,,,,,,,6.114434703619798,6.245789007446819,,5.32408108790974,,,,,6.455395575300702,,,5.780654742974164,,,,5.122819472872955,5.710324973406983,,5.149083473129451,,,,,,5.271537682394522,,,,5.903469390768768,5.297837599910083,,,,,,5.6071165583885225,,,,,,,4.995833404527631,,,,,,5.272044112177825,,6.035061281902442,,5.37531983767625,,5.714295835987246,,,,,,,,5.708094224764323,4.629311583527169,,,,5.763913792138184,,5.141785948739335,4.882448846513926,,6.097879182175321,5.186568506435739,,4.870353748598734,,,,,,5.39760254466408,4.897356190005855,,6.462155267738951,
PXD030304-Sample-1823,,,,,,,,,,,4.890279588710789,,,,6.213760994306897,5.35918388049337,,,5.666277719879355,,,,5.81864826371416,,,5.313386858002601,,5.737700598125519,5.135840787536428,4.584237086133948,4.464380315780793,,,,,,,4.678984112961245,5.568490805998467,4.700186534974213,,,5.431914958271311,5.417022070585498,,,,5.351076432857439,6.040938847525373,5.734068463608652,5.529722379946929,,,,5.879894599267121,,4.923031885918493,,,4.998547070621333,,,5.2256835965461015,5.292615055079332,6.123021287425872,,5.534846530339539,6.281952023736015,,,,,,,,,,4.586766962829183,,,,5.659900987213068,,,5.113189663984767,,5.620342409538147,,,4.801839529686884,,,4.79549713855037,,,5.325456437769215,4.833160630186526,,6.393529710353912,
PXD030304-Sample-1824,,,,,,,,,5.993922868058718,,,,5.698160123798672,,5.999713493323509,4.913370809911148,,,,,4.621433942061134,,5.924428258072815,,,5.481893064778577,,5.757838407821858,,4.89908548609343,4.960790600460133,,,,,5.057326123799426,,,5.686148883735874,5.019534673594619,,,5.129349166811765,5.730462521219525,,,,5.117533698109821,6.050255678888771,5.671931519136017,5.663421040793421,,,,6.14203526500244,5.2974466326479694,4.955846984340766,,,5.312646546477636,,,5.236142927310881,5.346983581185302,6.010744413123046,,5.347118079639067,6.090860896433643,,,,,,5.048099302049978,,,5.621795510130392,4.59525759791565,,,,,,,,,5.651860029370956,5.118256702417751,,6.3310005995642245,,,4.810511646875138,,,5.385219451171399,,,6.408928118963928,
PXD030304-Sample-1825,,,,,,,,,,6.01254032923948,,,,,6.061602586494667,6.297212803846641,,5.509169760808677,,,,,6.38013435651358,,,,5.370829741640438,,,,5.7803179677411975,,,,5.628840701619103,,,,5.904930528535046,,,,5.910167157373803,5.011664384152416,5.371978075115146,5.477548141793179,,,5.828388549113639,5.491891151230178,,,,,,,4.745228111254989,,,5.088246888212415,,,5.273038962311945,5.378292454368223,5.973507996488523,,5.758434907989692,5.5901913032491,5.54215070280296,,,,,,,,5.699122633206372,4.656717770130459,,,,5.785055890242727,,,,,6.200369843131428,,,5.199165217513833,,,,,,5.403850398034881,5.405010223795482,,5.758544586151658,
PXD030304-Sample-1826,,,,,,,,,,,,,5.239043438379148,,5.849295521309152,5.74876216041509,,5.969093120626025,,5.143654354468361,,,5.627323896153922,,4.857772845935607,5.385460673108455,,,,5.111525154940591,5.2799993988350655,,,,5.274131260288543,,,,5.927597918544769,4.735019122081479,,,5.645320097188463,5.274283267578153,,5.423586716864004,,5.362472411004818,5.671660480302269,5.6916618225264415,5.660306747287084,5.44415235344658,4.915516250722471,,6.391108818221184,,4.968029698348176,,5.5878675055859786,5.017078494915348,4.959425873663236,,5.223256528485456,5.330453246325873,6.077694577737907,,5.35875517756333,5.516576445496284,,,,,,,,,,4.611627059009713,,4.733325770316849,,5.7053286678586925,,,4.831325761137171,,5.834221085653358,,,,,,5.125270976694993,,,5.341449920021075,4.900402568875121,,5.711130209965323,
PXD030304-Sample-1827,,,,,,,,,5.896657600450043,,4.852060538356351,,,,6.352282728592572,6.060343945245108,,,5.642126279849856,,,5.918367591841613,5.862936917296612,,,,,,,4.517035777710873,5.433757764946508,4.880151208824354,4.981971607481951,5.392668730559234,5.226062157126899,,,4.933207629604778,5.142318427836261,5.460314300819756,,5.664092158938018,5.775367127162072,5.358150933058623,,,,,5.616190131810204,5.984649211192711,,,,,6.231630299909732,5.541169936670768,4.860931178270156,,,5.236674424381222,4.888985710338675,,5.153356535134263,5.2760033851483366,6.1161145952610045,,5.24374197530666,6.137603114103936,5.408234153568476,5.469710638697289,,5.542132587531665,5.522250714596559,,,,5.568290922798168,4.514493449245156,,,,5.948139848872145,,,5.073442048059655,,,,,6.383288865022641,,,5.068521728494923,,,5.286321397784263,,,6.429127010075696,
PXD030304-Sample-1828,,,,,,,,,6.199683109877979,5.8621170321363705,,,6.00602144732671,,6.20624214781087,,,,,,4.56624535099794,5.120604573672314,6.084571388717265,,,5.0266464903933015,,,,4.510408618336277,4.422445554413717,,,,5.203194860077305,4.682015271020714,,,5.563847538803529,5.143250794872216,,,5.388448269629984,4.871942824726097,,,,5.011325608714786,6.030182202124784,5.65799083797184,5.351184464794852,5.351286749022465,,,6.240085971888764,,4.847525684158127,,,5.26091749427712,4.883520510421498,,5.165106982100379,5.265908568971115,5.962007175797686,,5.102083602720498,6.036728982526401,,,,,5.214464772550233,,,,5.568793827703625,4.527690342927996,,,,5.617717858594843,,,,,6.287432427546041,5.058430696632924,,5.991725336748837,,,4.77525721828999,,,5.2829050793592245,4.807004602545434,,6.114767407499051,
PXD030304-Sample-1829,,,,,,,,,6.348717881598336,,,,,,6.016292577003755,6.175971692090361,,,,,,,5.1640090639601866,,,5.237580474996037,,5.369220913276295,,4.602142548419078,4.815498130567424,,,5.2104062763122245,5.33696566780786,,,,5.005878566780605,5.230452907736063,,,,5.675349885997179,,,,5.385656911502968,5.974099375619317,5.765866266508235,4.656253589427525,,,,5.321123571859542,,4.955254934182765,,,5.327195939841747,,,5.261169678884926,5.314133106540938,5.997222544740406,,5.317938654552151,6.003763212626303,,,,,5.299695675603446,,,,,4.627581810079072,,,,6.0252344078994415,,,4.848063483035859,5.599098207672808,5.96367105143209,,,5.134353996349356,,,,,,5.375377041579085,,,6.604639611920172,
PXD030304-Sample-183,,,,,,5.887924273230529,,,,6.433787310538304,,,,5.173273247595168,5.295277758527544,6.471295914636528,,5.149341703491886,,,,,6.5370032314256825,,,5.101408663133469,,,5.373127386409456,5.083100287970252,4.992764042986235,,,,5.447819149546616,,,,5.861557811722589,,,,6.122523931770537,,,,,,6.071039427861527,5.349062637302716,,5.619902989766125,,,,,4.783748773912259,,,5.237895255585109,,,5.388061184452175,5.578194057696425,5.923113009341874,,5.521205473699228,,5.366552932015348,,,,,,,,,4.765730623471289,5.472908745372269,,5.107933292830465,,,5.580169794087894,,,6.509591060579961,,,,,,,,,5.541265221559421,,,5.893336546072748,5.73684906551332
PXD030304-Sample-1830,,,,,,,,,,6.277095744354977,,,6.066257577877739,5.052468543994665,5.617584435429363,6.326042114874353,,5.964873437552244,5.732737738606303,5.495777771247537,,,6.436978748583522,5.897613654123542,5.522499877074506,,,,5.201456655482224,,5.394058632961006,,5.109878064301146,,5.312062166832882,4.807409192469068,,,5.977571247060398,4.7736988873659065,,,5.896824458595659,4.995937295020178,,,,,6.008534487749454,5.694363721438925,,,5.31387726563874,5.172863946194013,5.958444550122734,,4.648640867010017,,,,,,5.254859230925936,,6.171981043896741,,5.194720122184605,5.557331316217493,5.516370171163178,,,,,,,,5.685113445094423,4.631960512043844,,4.8140427710733,,6.061295767125673,,,4.886220952368158,,6.200062636496583,,,,,,,,,5.397763632171627,4.87911069449582,5.877751182647963,6.447771152161277,5.727407224203681
PXD030304-Sample-1831,,,,,,,,,,5.941508470219917,,,5.938318870218489,5.017834292291,5.501488665463041,6.126044310183096,,,,,,,6.481648282154247,5.552914484746233,5.48104406493102,5.123321725803026,,,,4.915149722501629,5.354788441929657,,,,,,,,6.026985419303834,,,,5.760945762336574,5.257088531755223,,,,,5.993167934592628,5.818100612034889,,,,,,,4.95961254213432,,,,4.965051049957113,,,5.310368005285539,6.059188751112565,,5.545835275289301,5.505644773204988,5.492986488925383,,,,,,,4.856372753922638,,4.577593535700413,,,,,,,4.840434861685152,,6.212426799714353,,,4.828151419194779,,,4.811301424795221,,,5.65868685644531,4.890191543857492,6.352177422304932,6.013183942997113,5.77740626971042
PXD030304-Sample-1832,,,,,,,,,,6.209151338209113,,,,,5.831325573307896,6.261535197959702,,6.031040434986986,,,,5.17001397964981,6.327576488505555,,5.30558277040443,5.91152534854833,,,,4.845771479241464,4.945786664410169,,4.998238501716663,,5.230908452020132,,,,5.426715055650578,4.684850229779296,,,5.585257030306329,5.760922288064311,,,4.798743027907764,5.032266414649038,5.970381550274563,5.577878170397883,,,,,6.262290289619633,,4.890963241069935,,,5.275600311469307,,,5.177451848484412,,5.991296759828093,,5.28753162060322,5.935158370452462,5.133922355425466,,,,,,,,5.6149129824880335,4.563467385482783,,,5.183894526543921,5.95739342905594,,,4.797339480015948,,6.081498371635294,,,4.764799076421602,,,,,,5.30243635288079,5.057824167931426,,6.452436470041613,
PXD030304-Sample-1833,,,,,,,,,,,,,,,6.370449904516342,6.276588997166229,,6.066602161308612,,,,,6.128105015159171,,,5.735587555521048,,,5.212657761546031,4.978218702684376,5.410382097416889,,,,,,,,5.168024276777855,,4.6871381685863325,,5.813220153680801,5.793815941518012,,,,5.424400205967756,6.0846466509273816,5.733146510630589,,,,,6.1416685894857785,,4.9920710556614925,,,,,,5.3111005578710335,5.357954775700458,5.842559806007214,,5.363108907447495,,5.229221715678157,,,,,,,4.906048684396899,5.696343557663081,4.702359492527088,,,5.297726593781046,,,,,,6.199851583439115,5.490274072254802,,,5.997669945931808,,4.887677084275351,,,5.412301849801577,4.930652792165407,,6.064084887315673,
PXD030304-Sample-1834,,,,,,,,,,,,,,,5.664354321093842,6.365419091686547,,4.981293118938391,,,,,6.02314546422738,,5.369201908393358,5.763983159010597,,,,4.612683455764955,5.427032859418062,,,,5.302406350719673,,,,5.870333922773478,,,,5.872227978219558,5.4684304691072505,,,,,5.8653564979231865,5.671573296982339,,,,,,,4.716032878135714,,,5.114922001747448,,,5.230874368949957,,5.985665428497386,,5.6639759398663,5.549668962206893,,,,,,,6.082207016174651,,5.656961294099942,4.645121865549251,,,,5.750196856015461,,5.118816148288763,5.360852861440217,,6.237345977913953,5.168095912769767,,,,,4.828152161419726,,,5.408805596008145,,,6.348220217121467,
PXD030304-Sample-1835,,,,,,,,,,,,,6.071240396833172,,6.116657464384845,6.199097779848453,,5.565667075783513,,,,,5.992371013764168,,5.472814364717917,4.933769608687534,,,,4.583862170103203,4.972526169049072,,,5.153695940597481,5.279751066846736,,,,6.011561680865108,,4.617012356951985,,6.003378781191247,4.960505416036393,,,,,5.826189464827854,5.546971142903453,,,4.926209809760142,,5.897719759254966,,4.941037164688295,,,5.033791718606401,4.959003307117146,,5.175826773817139,5.378653006065209,6.194221905967883,,5.310386945135191,5.984593304664871,5.656985738067375,,,,,,,,,4.632181036669446,,,,5.998148817237439,,,5.14902988086664,,6.1245539372792255,,,4.824054497984883,,,4.804893027771962,,,5.349893995155512,,,6.186841468177441,5.399403312309977
PXD030304-Sample-1836,,,,5.928203130693187,,,,,,,4.912050230576812,,,5.063330723882218,5.931476543095428,6.016604008241881,,5.5565488400897385,,5.438150712429014,,,6.332202290382464,,5.347736369457845,5.204707121497993,,,,,5.494323823519495,,,5.151688724826345,,,,,6.155385271363318,5.199964466582228,4.629601746882702,,5.926492609153044,5.552296905708018,,,,,6.141548643586972,5.3634480194307805,4.630966234559621,,4.909585185228824,,5.597701562726957,,4.921993150570534,,,5.041278087007042,4.950562459012195,,5.188812510007229,5.317453404806653,5.9706281621968005,,5.317395834291067,5.797859956960743,5.649757226759519,5.529371829845196,,5.300022210653891,,,,4.856735375641027,5.627842168139099,4.87568623646913,,,,5.996965685841253,,5.101486087113998,4.8258396291514885,,6.185823086756311,,5.360511410423515,5.130351788672724,,,4.820475254606403,,,5.341662736469214,5.236327292129248,6.3161342314520486,,5.696024104754123
PXD030304-Sample-1837,,,,,,,,,6.291499975281944,,4.896971316254591,,,,6.1588466620264,5.671008675449561,,6.504423159426973,,,,5.880684799198454,5.904314250705221,,5.14738453589366,5.89831553933191,,5.039378274229736,,5.051021824738616,,,,,5.560335224339736,,,,5.277689654464153,4.717220398830947,,5.448961427446476,5.603387822036426,,5.287580770447754,5.658002051624654,,5.3462030308675565,5.967861886926939,5.754664325826521,,,,,6.279497561064648,,4.927580237636766,,,5.011620062955066,5.2417559258664905,,5.199186062871886,5.586485975604518,5.675574011507579,,5.320978567503108,6.188061260198628,5.461955519878047,,,5.991393941121904,,4.72512947743157,,,5.618960383337534,4.59852390876993,,,4.896301020289591,,,5.380655489833496,4.8109409181221325,,5.805785456770607,,5.823261621264751,4.794582618579667,,,,,,5.342248568342135,5.263871166612891,5.846836984766626,6.46051064416254,5.071936299520495
PXD030304-Sample-1838,,,,,,,,,,,4.815713825290287,,5.132035353128728,,6.174127995444143,5.838084348197275,,5.460475600256225,,,,5.886998671194879,6.06260434037595,,4.757716498928162,5.88186365350559,,,,5.093320852840114,5.172023143485514,4.837317590263004,,,5.467102206137019,4.666491184907604,,,5.754809394970983,5.355315101329701,,5.325880983308173,5.740516228686163,5.624805225150155,,,,5.251693126644221,5.922420361509962,5.991729089951832,,5.823741327450145,4.829858881032583,,6.349643841942873,5.50144300260673,4.827436820083255,,,4.908042510808221,4.848617309628701,,5.4061451409644,5.293606807536658,6.131120608353877,,5.066625025545933,6.264936253353929,5.069499630263525,5.433229486332238,,,5.190656572606416,,,,,4.773809974619511,,,4.8492635366154655,5.893173216679143,,4.994605060067773,5.208663644039795,,6.156354985242803,5.022444627409424,,4.736372189013688,,,5.014126675529533,,,5.24857513330732,5.365853753062013,,6.385889849659679,
PXD030304-Sample-1839,,,,,,,,,6.249095870865258,5.8922760871402575,4.888614483299244,,5.177360701831273,,5.922823503862132,5.937543316476765,,6.474752044753061,,,,,6.262989752201765,,,6.008116676344573,,,,4.848244395212377,4.778234004723096,,,,5.240986719141416,,5.64834163324788,,5.591624066824002,4.990765106619381,,,5.411266354594207,5.210166046976562,,,4.777697582350151,5.004655214218043,5.949881442532858,5.769213995201888,4.59147666948959,5.395800984316972,4.873339964382815,5.80833152569499,6.263814563308895,,4.868184812972953,,5.527626266453396,5.272850219607579,,,5.170121340240748,5.889531205243806,6.15170590000629,,5.226537734902284,6.250325767187832,,,,,,,,,5.595969991550288,4.558865277405291,,,,5.962143465158944,,5.048937959547519,,,6.002293806595496,5.0853916129383,,,,,4.795866901909631,6.0195687542595575,,5.336690174751919,5.2617786965886415,,6.144616137811303,
PXD030304-Sample-184,,,,,,,,,,6.23978603386439,,,5.843046077322836,,5.645471723348323,5.507989015800919,,,,,,,6.2758585344966615,,,5.135518847801722,,,,4.904220877651597,5.403246681356595,,,5.4734378379144655,5.263824519366048,,,,5.147376437209871,4.731552453583028,,,5.75093669977538,5.430619412423227,5.304773078860727,,,5.098320513197523,6.04158866207268,5.603028288541936,,,,,6.146369218155239,,4.921536685183743,,,5.35294789668564,,,5.215157906575742,5.3492299230717535,6.149852806821869,,5.349123505096276,5.828151160075184,,,,,5.289338210817597,,,,5.644053681915405,4.713655033501037,,,4.948924190899239,5.689578981707721,,,,,5.815787557293363,,,4.863654945575769,,,4.835524082771246,,,5.339440801273982,5.320829008415736,,6.000199105263782,
PXD030304-Sample-1840,,,,,,,,,5.944388253290506,,4.857865269057538,,,,6.217104457628163,5.744212076311288,,,,,,5.223677699158862,5.390741390527758,,,5.125570615393532,,4.984926432223222,,4.545865083797666,4.440039146090779,,5.043859744931704,,5.238728434086222,4.718459497418619,,,5.3059277835819385,4.980181699515452,,,5.409695341946219,5.494481430382428,,,,5.008870846981424,6.029320215223114,5.762711944663641,,5.404395334425685,,,6.303415088832521,,4.603006646718932,,,5.28818942785932,4.901915465410623,,5.186430242867027,,6.189175262642356,5.287531136290584,5.435387548213272,6.241442488571163,5.120060786382497,,,,5.235268465470763,4.696007013472883,,,,4.530933224077908,,,,5.952717279462359,,,5.089897394750314,,5.770309848947385,,,,,,,,,5.31051227024315,,,6.150339831504746,
PXD030304-Sample-1841,,,,,,,,,,,,,5.548442804877155,5.026407014243604,5.857389999169644,6.2481297785342935,,4.980210112492759,,,,,6.254101798659486,,5.5931091319703885,5.335557740381797,,,,4.609168757216477,5.367237900239688,,,,,,,,5.923304453072217,,,,5.772471570377711,5.275445845045533,,,,,5.846185436194198,5.531835236490114,,,5.288245297035267,,,,4.953696332460562,,,5.074739368598593,4.997601966662764,,5.216641477854638,5.640512513335846,6.053945750302374,,5.444745620890386,5.5206541979930535,5.68053511369418,,,,,4.768234263799278,,5.171189243494581,5.655157894068829,4.907380962591082,,4.761050737230417,,5.713363605346689,,,,,6.157572168327332,,,,,,,,,5.367402927695128,5.542556463476625,5.90025706373477,5.741211896280883,5.576649450685207
PXD030304-Sample-1842,,,,,,,,,,,5.00424903114533,,,5.067086441305639,5.18511295210802,6.072848745393259,,5.52742462876742,,,,,6.293611062462796,5.624487446099745,5.56583482061272,5.3173989157569785,,,5.240347345074606,,5.538921474727779,,5.154089451916285,,,,,,5.374481011794484,,4.709751086961167,,5.932146743929927,5.0339744815286025,,,,5.129758125710151,5.732908385381651,5.454023379011697,,,5.001564149466979,,,,5.033481909376946,,,,,,,5.396192994672028,5.789170793459284,5.426435044909962,5.341811629262013,,5.556693455236987,,,,,,,,,4.667713249359921,,,,,,,4.911812345209058,,6.405312561736753,,,,,,,,,5.446777250271364,,5.939095416809018,5.7871835144012325,5.269069477033622
PXD030304-Sample-1843,,,,5.958486767821685,,,,,5.989138721904886,,,,,,5.664870290070723,5.397706262719877,,,,,,,5.876067757011708,,,6.082549765658076,,,,5.107200771964778,,,,5.210347621761715,5.596598932324979,,,,5.391138944015241,5.467468749630664,,,5.643784513637442,5.275188306503648,5.333523975668261,5.418119605354189,,5.393211786389573,6.0095052634004205,5.70830745692352,,,,,5.807524111037086,,4.6453030801961015,,,5.352067245379579,,,5.265388070837474,,5.973512952731066,,5.470148763977776,6.019625340586272,,,,,,4.805357430997931,,,,4.617795928619662,,,,6.049676990152796,,,,,5.671670650973286,,,6.26530342071457,,,4.845615660112926,,,5.372987417579077,5.199608820227345,,6.436886171128275,
PXD030304-Sample-1844,,,,,,,,,,,,,5.553307094926214,,5.505560313160412,6.293368827570856,,5.278094617329643,,5.477713414592776,,,6.471885665482536,,5.679666576739939,5.265809026693804,,,,4.918499914560853,5.368937868735117,,5.076808929599659,5.481328845417905,,,,,6.16569722485937,,,,6.0866553644041606,5.288661523809121,,,,,5.672959345590332,5.388207024657145,,,,,5.305299293712716,5.330738817178459,4.6106203454572325,,,5.071531108869915,4.976823562743222,,,5.4046086959715005,6.054060675005727,,5.222265503149354,,5.680561866382081,5.873226029001407,,5.3262858685014525,,4.781495869718998,,,,4.614256775087213,4.829108023746018,5.956655297733868,4.95076065856691,5.720946456039759,,5.162400338363819,4.856074135617416,,6.471550009616615,,,4.86287457285559,,5.136536751744227,4.835860544271989,,,5.375253585798969,,6.3512280073410565,,5.132443258309958
PXD030304-Sample-1845,,,,,,,,,,6.041522987001303,5.029131290937259,,,,5.589124849781866,6.184072504511613,,,,5.257996148002183,,,6.467679194100128,,5.690824878111074,5.3903414265728165,,,,4.703787964903267,5.722590873312892,,,,,,,,5.966540818854788,4.8686516085627485,,,6.039099629669436,5.056977122110911,,,,,5.904907117084093,5.472563702619697,,,,,,,5.029981048140575,,,5.186507472738951,,,,5.741030067774785,6.244563813197376,,5.526241060783402,,5.766237779448387,5.642823801780248,,,,4.854063389748185,,,5.739257327665726,4.974350829352031,,,,,,,,,6.297669595616687,,,4.961713250044612,,,,,,5.47949177987387,5.030056407021059,6.00748435001443,5.817563679303269,5.196785817439251
PXD030304-Sample-1846,,,,,,,,,,,4.949647259265645,,5.238478714461781,5.075268448527917,5.288839817996291,6.0444302798996254,,5.893749051180146,,5.462740212794027,,,6.142262351831864,5.894071968033783,5.203398677877661,5.720569159107355,,,,4.620628889221914,5.2984168498383,,5.07873614663219,,5.281194877580253,,,,5.628619933350268,,,,5.952796854893123,5.283560924456783,5.640383381395151,,,,6.032321121958384,5.4436742444305,,,4.9685409123947135,,5.322879272554746,,4.983334488799077,,,5.079466845696552,,,,5.815864991929213,6.003367517651927,,5.409175045160263,5.531439236257107,,,,,,,,,,4.892868454795912,,,,6.026449014344273,,,5.180801720443108,,6.073099249824545,,,,,,4.830822449280647,,,5.394772440022274,5.19751222408335,,6.024708125509319,5.387591657191823
PXD030304-Sample-1847,,,,,,,,,,,,,6.2010560902668725,4.984641540681474,5.571463282572615,6.078321448371943,,6.242734647715565,,,,,6.429251326636445,,,5.517370662736705,,,,,4.970768878071247,,,,5.257188688726975,,,,5.364123839689705,4.753603519129594,5.399849595191386,,5.749219822288069,,5.789314279849114,,,,5.668529276206598,5.81407163067049,,5.745608099192245,,5.535525534535277,6.209998041337959,,4.948210634323552,,5.562654117242078,5.032015786058443,,,5.202459636367905,5.403892653533419,5.94212930374281,,5.225447790739278,5.5081660184108046,,,,,,,,,,4.890936746640723,,,,5.696342212244929,,,,,,,,4.875398431495654,,,,6.054653090437197,,5.648588540830489,5.574109261439071,5.840254365527762,6.410736311182531,5.538925095136292
PXD030304-Sample-1848,,,,,,,,,,6.200281380195634,,,,,6.064985737065221,5.864208208364044,,5.8755482896050895,5.672668572385229,,,5.150206449460076,6.016057496326008,,4.813398607300853,5.442329690273626,,,,5.036955605534175,5.155540767242728,,,,5.229981361949058,4.726138685224095,5.648085216027669,,5.257908728058098,4.685502604045234,4.59285741446113,,5.412266714845805,5.385075637966678,5.263224018375554,,,5.317416868301402,5.966778559287097,5.694601786276,,5.709480415383695,4.887514755736282,,6.168050262505801,5.56912456020893,4.896070053220861,,,5.0200924958322455,,,5.196480485242672,,5.264222543374419,,5.2255418375658085,5.767999787991249,,,,5.264931330272509,,,,,5.905250549510769,4.847910260613221,,,4.912134422772498,5.6466367401221484,,,4.790523753831932,,5.911045876401626,,,5.259522029093059,,,,,,5.30697141171553,4.815935036559783,,6.372557430943626,
PXD030304-Sample-1849,,,,,,,,,,6.092337705208946,,,5.39002091301726,,4.936802356719401,6.324436569291143,,5.10876819242264,,,,,6.401312775588063,,,5.043714523260729,,,,5.234457124528476,5.559057570433712,,,5.316415471078358,,,,,5.578102596431225,,,,5.290671200912572,5.108493373143648,,,,,,5.10058960350103,,,,,,,5.063980732509913,,,,,,5.376324212249741,5.570538392460515,6.072718914071625,5.477841770735758,5.51040049646458,5.687300248981782,5.326044812422008,,,5.759474653541156,,,,,5.788861099538164,4.736201510549594,,,,6.166427728253355,,,,,5.994129343423318,,,,,,,,,5.509968591322334,5.0354274595426745,,6.16307754849322,
PXD030304-Sample-185,,,,,,,,,6.005201605443983,6.323104044895127,,,5.313268078980814,,5.641698421463443,6.385901100918101,,6.152238338443524,,,,,6.339361130603127,,5.545965384309513,5.797851352402566,,,,4.6669566755767935,5.041303389369968,,,,5.342173211219471,,,,5.593586385945434,,,,5.514341992412023,5.49659064922471,,,,5.114045276299203,6.024661161865576,5.441282795266124,,,,,5.351841961385967,,5.009222435237695,,,5.142172478197943,,,5.282235250175556,5.375019799295225,5.550174361516475,5.396876776117866,5.590581887208368,,,,,,,,,,5.717024355883124,4.656062653169241,4.857435678365579,,,6.065400192777934,,5.483122806924998,,,5.923449433559174,5.202105155546038,,4.883989886263206,,,,,,5.41124274605113,5.025721960204511,,6.477904341585033,5.163460461686952
PXD030304-Sample-1850,,,,,,,,,,6.2140722822547945,,,5.662604088294068,,5.991582334004531,6.250790613493551,,5.394653028676823,,5.101139385349283,,,6.368251062471467,,,5.75698361771539,,5.025133604515178,,4.846735484873041,5.420708756403223,,,,5.227794511758303,,,,6.050576341618092,,4.574513942524985,,6.024028353632077,,,,,,,5.693290256032174,,,,,5.9607271631154966,5.264357458234888,4.620355565447584,,,,,,5.285803637295302,5.24667887770108,6.1487355313418846,,5.24475405391844,6.068944276882595,,,,,,,,,5.619561327760196,4.656819649772516,,,4.870853749367059,5.648493994886802,,,4.796307920549335,,6.325784994163225,5.100025190419293,,5.073077489013424,5.605859430819762,,,,,5.598698778104452,,,6.378973236907797,
PXD030304-Sample-1851,,,,,,,,,,6.262085325836111,,,,,5.579769606852832,6.330683756773032,,4.987464778903214,,,,,6.485691873564971,,4.872847113328567,5.503081003874513,,,,4.942709570279931,5.731485812127767,,,5.181866563440973,,,,4.716828185089663,5.581440768738909,,,,6.0145446499624775,,,,,,5.753501436542015,5.382002030845724,,,,,,,4.684899526469874,,,5.068637517627611,5.27785629785792,,,5.480476621961392,6.051375022805336,,5.559267715292421,,5.677556187364986,,,,,,,,5.65236446494455,,,,4.956440694639754,6.022068383451172,,5.110251623338171,5.154060803481543,,6.490200818005594,,,,5.659071861668839,,4.853050457657944,,,5.397035608243792,,,5.7231373623868045,
PXD030304-Sample-1852,,,,,,,,,,6.27563996665099,,,,,5.67492800650735,5.724481254670754,,6.412081301767577,,,,,5.806975414463321,,,5.231278591230834,,,,,5.0066667869714285,,5.108807800821698,5.51217322977059,5.352655542102984,4.84055017037559,,,5.896777794810244,,,,5.785616823219244,5.785274846812257,,,,5.090834177380144,6.029690455395313,5.528942134091294,,,,,5.949914978871465,,4.64292347350311,,,,,,5.255084775849687,,5.675168471578922,,5.570823577572531,5.525731203242943,5.2035724036282085,,,5.334391142857189,,,,,5.678664616109394,4.617938455376721,,,,6.0486550070300975,,,4.888172877754336,,5.877581802649842,,,,,,,,,,,,6.628422981607827,5.116942420511477
PXD030304-Sample-1853,,,,,,5.684869224327091,,,,,,,,,6.14783474531178,5.83979630925805,,6.495700482237883,,,,5.478872694585105,5.991044563690375,,,5.964093671453843,,,,4.6106494868822745,4.781066504774178,,,,5.562941475662858,,,,5.409387796160332,5.21426464865694,4.6134346806113165,5.466926481391494,,5.642104440957158,,,4.810857491195715,,6.150460703415455,5.770337021869739,4.619731285101551,5.460409106330087,4.914862027568703,,,,4.938532847113812,,,5.334809804890391,4.93782921162093,,5.218371498151817,5.34092968780748,5.858027591477453,5.427713279631879,5.707198098575702,5.803181353296894,,,,5.31270079845831,,6.08492665439401,,,5.944438718613302,4.865820277869722,,,,5.717874681154247,,,5.2985107715055815,,5.820854708863273,5.105389582876976,,,,,5.114576993317868,,,5.338152266250759,,,6.2963821322612805,5.087163348943464
PXD030304-Sample-1854,,,,,,,,,5.985311457352957,,,,,,5.960034294586651,6.283881599899367,,5.303355345001797,,,4.681460498905462,,5.896311500219891,,,5.072506250101984,,5.084482937151416,,5.111826189029017,4.844811350826396,,,,,4.797627628928548,,,5.510046325361434,5.385039936821737,,5.465674785167981,5.893909586881961,5.471848817552425,,,,5.112529147378124,6.082790119752937,5.941750920403387,,5.508415789561351,,,6.122642106690871,,5.008809228809051,,,5.3966213749587695,5.005531101803905,,5.287969430605545,5.427274208022898,6.229626871966128,,5.402275684701129,5.558874926695764,,,,,,4.784099469435104,,,,4.6603123483213,,,,,,,4.897757938684833,,6.238467842014916,,,6.416994649176905,,,,,,5.421419618514037,,,,5.130221823927945
PXD030304-Sample-1855,,,,,,,,,6.239103340633265,5.911433666556675,,5.546896552932082,5.668706570430264,,6.060350874440421,6.453095358712574,5.655890392931466,6.077514014306455,,,,,6.239103523108654,,4.84315005436546,4.837948970851711,,,,4.5551242452793765,5.587642771867486,,,,5.2266053619823545,4.711285189092713,,,5.874049455302884,5.016848729708106,,5.393301359842168,5.966106482049626,5.398146578200804,5.270562420567608,,,5.024015570514963,5.98031698327899,5.930540235970387,,5.429152689746853,,,6.166278498258638,5.270730665083149,4.608385388701936,5.195293267806879,,,,,5.172517640991916,5.576318877891034,5.943627756269773,,5.202050329622443,6.254000157048962,5.444230635429024,,,,,,,,5.606027555325859,4.586098265178058,,,4.88706575031037,5.691026136223103,,,4.794939774413283,,6.226224260664318,5.101069464255827,,4.812744214925918,5.613662746507299,5.072889026062838,4.807455874184422,,,5.304859980027841,,,5.9684557464049846,5.538609766314403
PXD030304-Sample-1856,,,,,,,,,6.020075535819366,,,,,,6.044467394334234,5.567050379905643,,6.0075994520375176,,,,6.142124110124411,6.13028970950573,5.5144474035223725,,6.028164515361855,,,,4.610073149534915,,,,5.436092028845237,,4.715178558351172,,,5.715228090206749,4.702460996355577,,,5.720434436367058,5.530884771979388,5.271543289962748,5.363504670916032,,5.036630831521062,5.948317748305646,5.72234728890102,,,,,6.273696685769547,,4.8902616825174325,,,5.303371091853169,5.234549827033724,5.389870465098681,5.233666685844051,5.96657898904716,6.005990531631801,5.300607680306502,5.365571819629872,6.195054547294563,5.140091337136708,,,5.753582968477831,,6.1676931522493845,,5.12349507738208,5.614871021175866,4.559691908021837,4.755918709252836,4.698176625728023,4.904159244331184,5.96556299946726,,5.547522143625359,4.801070794241528,,,,,,,,4.796773198044532,,,5.323139075954622,,,6.556422775134593,
PXD030304-Sample-1857,,,,,,,,,5.877849034978883,,,,5.156546689527559,,5.939969585369387,6.351526349432232,,6.0527836984374,,5.099457297110473,,,6.360147377301557,5.801764336091014,4.820178449312308,5.425530284597534,,,,4.559318046663014,5.3922422986569725,,,,5.506701599130752,,,,5.878104720639631,5.147745667692788,,,5.691777529220847,,,,,4.997511123086765,5.923232654557308,5.5192227908122,,5.3701802867684,,,6.014423665460488,5.254449466400686,4.878959662361464,,5.505351257887408,,,,5.157721648185046,5.251916936621893,6.084533973774924,,5.462071696165472,5.755065212191521,,,,,,,,,5.570231841256351,4.527606775949168,,4.6722306042357244,,5.949823546850021,,,,,6.203519127846664,5.066278303940429,,,5.882522274667063,,4.752515715799349,,,5.299855098390026,5.204533375857635,5.79474031529724,5.634818497577752,5.352889636915141
PXD030304-Sample-1858,,,,,,,,,,5.8740528199760025,4.868557806566457,,,,6.157751456927107,5.801541568180741,,5.198763806185144,,,,5.432653141164578,6.317825988940477,,,5.601096065717282,,,5.101105477543782,,5.47866184403574,,,,5.215616462936161,,,4.633495168657464,5.759908727628559,,4.557034718927891,,5.781821904876887,5.363121941709239,,5.310472859724766,,5.008987698375215,5.908621049886873,5.664197416695592,,,,,5.836529368453777,,4.634189250097798,,,5.245956630101734,5.198288389059643,,5.156062752718317,5.350978338006381,6.104748183362221,,5.547057909781088,5.440139416693906,5.109580115327535,,,,5.222739087877263,,,,5.573387527414471,4.538713600698488,,,,5.939588920110038,,5.046703117492656,5.258597854390679,,6.059555807411908,,,,,,5.049727977502595,,,5.324663242168956,,,6.490613770819398,
PXD030304-Sample-1859,,,,,,,,,6.009880212262688,5.943805797124044,,,,,6.110588075483747,5.958946616059748,,5.927078093639373,,5.168278686671917,,5.227222479624517,6.012188647869276,,5.187056125384183,6.007546247416498,5.316856624149395,,,4.6047891814091,5.209297613561468,,,5.166605583434524,,,,,5.641350381146039,,4.632089816537862,,5.154002326217551,5.4500941509835,,,,5.369989040726087,5.67455949087417,5.760343976304918,,,4.979899129278627,,6.010514371905284,,4.675988706904405,,,5.04816288245675,,,5.256538718885372,5.346075010762636,6.044816749500977,,5.238399288051996,5.828258370310057,5.18957821861693,,,,,,,,5.6612868996225565,4.575075358202197,,,5.226173755589254,6.019231878136261,,,,5.596328550782402,5.6466652128724935,,,,5.643882879854963,,,,,5.371418248871442,5.2588968907738245,5.864306935795976,6.505717790623664,
PXD030304-Sample-186,,,,,,,,,,,,,,,6.277822407019787,6.051725123841086,,,,,,5.333191292753334,5.779983687839353,,,,,5.636556350488149,,4.760704097128777,5.302271864320373,,5.454282773726784,,5.389457056237832,4.857581404077634,,,5.228752108269055,4.847321726387139,,,5.7239642594606375,5.052237933356624,,,,5.190074443571973,6.186722481065031,5.87103269138322,,,,,,,4.790665580886045,,5.364487293381094,5.131978345612671,,,5.323500364165685,5.425470725321497,6.069764533030387,,5.574642371079633,5.614508606815415,,,,,,,,,,4.767314958583211,,,,6.097732033277206,,,,,5.47475730369318,,,6.319517132875405,,,4.91275145703583,,,5.456006590312929,5.513596533362434,,6.114997984454776,
PXD030304-Sample-1860,,,,,,,,5.733054940588628,,,,,6.102580433832385,5.011597704291792,6.078455690716575,6.399173775259479,5.7131117136871445,6.162969558016872,,,,5.216918853731713,6.323015324066788,5.569595745618748,5.6107519732114,5.725192639701679,,,,4.607406390893654,5.603648521901782,,,,5.305699925609355,,,,6.149078044306426,,,,5.955745418702161,,,,,,6.025372050799247,5.604837084905267,,,5.262486659236189,,5.803764224760935,,4.633082987534682,,,5.073840124762657,,,5.245796183090519,5.403115192334447,6.116922083256835,5.338617855814099,5.315894700250554,,,5.5582097537014015,,5.327760832323127,,,,,,4.911271095542744,4.860529256004555,,,5.716774166020906,,,5.152825083927026,,6.280583491265748,5.165462727930623,,,,,5.149268508042282,,,5.367271355322568,4.921193226961518,6.353723552757847,6.01715438848525,5.130018115671381
PXD030304-Sample-1861,,,,,,,,,6.183093685004136,,,,,,6.122122861689604,5.878756428805606,,5.906811661320175,,,,5.970563708697207,6.235052099629966,,,5.989619016597923,5.196339122257544,,,4.784625549635624,5.397893447178999,,,,5.160516780918563,4.6687539035847925,,,5.45243773792331,5.348516968292489,,5.618599499176305,5.8315436787701564,5.559190163080151,5.200588766343619,,4.762698777338381,5.274899718056949,5.95769138961183,5.837289308011352,,,,5.665825229620997,6.098937918236846,,4.879074613422662,5.822285860529002,,4.887134368729182,4.848093171696725,,5.163760427373567,5.330422028752098,6.063687872745128,5.210981127009904,5.247931212212273,6.19368566902961,,5.444549633838554,,5.679099021524751,,,,,5.564604809039175,4.501949128857542,,,4.809434294838955,5.899676458310524,,4.979781070916526,5.057874702724789,,5.8361620406906285,,,,,,4.700289825413887,,,5.546422623264676,5.240053991613069,,6.457512562356275,
PXD030304-Sample-1862,,,,5.9142442644372295,,,,,,5.916600565089284,4.894723225392619,,5.818490700818374,4.959892930665847,6.081242033542488,6.286901488180105,,5.98454340570034,,,,,6.203229837587596,5.526583746000586,4.836818121944714,5.668886739815696,,,5.143554976858368,4.566212534970119,5.481558511194304,5.405756087717792,5.012177192813956,,5.543494154155528,4.7345799030918725,5.672160474296788,,5.701383023599516,5.020339996033411,,,5.982247895621228,5.243018347642745,,,,5.035085286100835,5.9649756169563535,5.702824408338879,,,,,6.240168285587352,,4.893610188691869,,,5.027786760300676,4.936077604718268,,5.189605385490266,5.302011601634212,6.079675090646052,,5.442502164987676,6.186175779586931,5.16458118007773,,,5.587841923205275,5.276215313967623,,,5.138973327372294,5.615260980622484,4.5701661873098445,,,,5.990906007723758,,,4.814195401531946,,6.285671492116074,,,5.10090738380134,,5.400536061157004,4.796468262071694,6.044054962764324,,5.327647248835484,5.159549238812944,,6.15820710474032,5.4241183211118615
PXD030304-Sample-1863,,,,,,,5.650596600547594,,,5.820923215817821,4.792876126048889,,6.009493211337471,4.868817456530498,5.871649579733601,6.319491530446493,,5.433094602149194,,5.313457354046988,,5.132185012366701,6.42992073892847,,5.343996304543629,5.071886547148124,,,5.057330033179164,4.796411748792978,5.689586969402073,,,5.515220634771595,,4.629948183875048,,,6.028580008111204,,,,5.942214907063697,5.119029265482538,5.797686160440065,,,,5.7023323474398815,5.244660552302787,,,4.7886365915758615,,5.160823586002773,,4.831381914548468,,5.129751747636752,,5.131762870298527,,5.059964310467167,5.57277333832756,6.082102467237399,5.187004103245299,5.33022017005541,5.852050828595396,5.670866326601225,,,,5.159257598788985,,,,5.521987502110377,4.743059219194543,4.666270799541857,4.61471744172666,,5.871778537216668,,4.9643164754213815,,,6.3913826680028,,5.238828168812876,4.703096503572787,5.530118336215745,,4.980783338243576,,,5.222541140336729,4.945824798668663,6.032778842705199,5.568913826498348,5.436003913993211
PXD030304-Sample-1864,,,,,,,,,,5.96540720508072,,,,5.031916546004129,6.090585001446231,6.338566204348604,,5.595024089079502,,,,5.522533546554202,6.232443616911699,5.874385438287015,5.3787930303166505,5.516241147315979,,,,4.638803038878219,5.715764545804203,,,,5.30288151349158,,,,6.033848279548189,5.066112602759026,4.672376778248975,,5.659926776688042,,,,,5.0780905241470204,6.053322663012246,5.8093378561553175,,,4.962337899598837,,5.943323647042467,,4.961097480808053,5.281022947701851,,5.039397619141329,,,5.376812527420105,5.401301997415068,5.942142404156517,,5.45047290042227,6.012357733895447,,5.567679962103997,,5.343518270383442,5.313468155925256,5.093556860631016,,,5.671462278195714,4.623006853737998,5.301229949839611,,,6.036287014775207,,,4.875132575292435,,5.883396995349182,,,,,,4.832029544073405,,,5.369847209105791,5.312063259223784,5.893104740987682,6.228815545573373,5.168540908640617
PXD030304-Sample-1865,,,,,,,,,,5.981499583838285,,,,,5.960355804103776,6.170105324613939,,5.311261059084244,,,,,5.685561266318246,,,5.729362925397755,,,,,5.323439998749993,,,,,4.835187376875367,5.736878255801639,,5.60535620634194,4.784237636054183,,,5.799124149496536,,,,,,6.194805846858278,5.724972068380852,4.712515197850218,,,,6.060636591923876,,,,,5.401175423518332,4.997290510061826,,,,6.038482935585479,,5.461225152978138,,5.215109276193481,,,,,,,,5.677473751028745,4.646769581977992,4.829423359648097,4.780508788924506,,6.049364388234952,,,4.883334162009693,,6.00589554712321,,,4.910667918906621,5.681920888508125,,,,,,,,6.546865315997842,5.181341180976855
PXD030304-Sample-1866,,,,,,,,,,6.224630563545583,,,5.211872902933965,,6.081429878717427,6.263034168401374,,5.832659113726965,,,,,6.210256682851084,5.497247691160205,,5.733039602629183,,5.010759641579361,,4.549325961366515,5.619532272095973,,,,,,,,5.256901711099794,4.691989258768454,,,6.0157088857617005,5.613789210929121,5.264812479498008,,4.794671864298422,,5.9721589812154985,5.797093268737522,4.590939855911244,,,,6.1048501018839705,,4.915798938378328,5.199741368456175,,4.984052024439885,,,5.201803876307694,5.3130572175070725,6.150316221443875,,5.543996844242464,5.452893824986007,5.43418829832809,,,,,,,,5.615632593299819,4.84702401480592,,4.688140551518135,4.887953290274317,5.704744796777325,,,,,6.101372842601638,,5.330048609640336,4.780142149220059,,,,,,5.316309092051962,4.849003886141465,,6.145293448829333,5.058009270391048
PXD030304-Sample-1867,,,,,,,,,,6.023235239997412,,,,,5.929343286637271,6.2025460676069,,5.054427021550386,,,,,6.398442513379999,,,5.1416023803971855,,,,4.684470808271451,5.063963892166802,,,,5.351270159820972,,,,5.388907972779003,,,,5.7171160442803775,5.046282616120159,,,,,6.095766778806457,5.560206399104845,,,,,5.398641397568153,,4.729229926075209,5.303538729620223,,5.117314789458857,,,5.281478482396658,,6.008564860919222,,5.544831484013058,,,,,,,,,,5.724158682282315,4.671637285489835,,,,5.813776649562385,,,,,5.909844185057868,5.212999743155712,,,,,,,,5.429176799866132,4.958311872918471,,6.263804287470843,
PXD030304-Sample-1868,,,,,,,,,5.981648601878635,,,,,,6.065582817295415,6.131465736110599,,6.188542353905552,,,,,5.993756710248023,,,4.870131194649362,,,,4.585963029961378,5.182653625196509,,,,5.286843345652022,5.052549917697202,,,5.711973953848068,,4.602992711047521,,5.908796618897621,5.640638485181771,5.292386985104748,5.424988813182341,,5.351944474964294,6.027573632465463,5.607740156786339,5.41026393711275,5.408892554176185,,,6.374046365655117,,4.953459110068685,,5.250620094097802,5.325591888687258,4.948089255810273,,5.207478482099117,,6.114314930856921,,5.520732548072552,5.484671472218905,,,,,,,,,,4.629136242648346,,,4.9095179819567125,5.676673388731823,,,,5.568873913783055,6.028732655115084,,,6.307843265668192,,,4.821355271266515,,,5.330173194486684,,,6.414672009237793,
PXD030304-Sample-1869,,,,,,,,,,5.911839334051916,,,,,6.080998967412299,6.340447630213243,5.664971335784307,5.983141557396469,,,,5.211433925340036,6.137220193869592,,,5.767140805813599,,,,4.861189432706374,5.3265396269412975,,5.032631004627373,5.435436032346315,5.556963342912916,,,,6.010455819627263,5.189564891796212,,,5.729498223964634,5.547862980535562,,,,5.326556662645838,6.016053391135825,5.871981184071744,,,,,6.291732092958704,5.593331487304638,,,,5.320706987313445,,,5.233047528635097,5.580836334100265,5.905184099420035,,5.735092430771806,5.950562605164168,5.761154796312837,,,,,4.723624703427554,,,5.638730527737109,4.883754398392806,,,4.88876912257764,,,,,,6.111024261045801,,,4.847492233857624,,,5.088989292229455,6.338308068267249,,,,,6.280121826767768,
PXD030304-Sample-187,,,,,,,,,,,,,5.795320756889373,5.108140213480324,6.181360359747186,6.315454319516633,,6.109189995888944,,,,,6.039116849478375,,5.462373825166833,5.46825006629989,,,,4.684262903577671,4.9040816629927,,,,,4.85798655100107,,,5.696522653312009,,,,,5.346331877067441,,,,5.16771949422503,6.152821394048773,5.521717350389487,,,,5.779682592907506,,,5.030145358946154,,,5.439521710970152,,,5.336378686192355,,5.885202959160024,,5.258995514117117,,,,,,,,,,,4.656588791038546,,,,,,,5.236953565376505,,5.758738440654505,,,4.9771689182138905,,,4.918424732977669,,,5.478587607129442,,5.959062445073965,6.10437545412344,5.23476264686496
PXD030304-Sample-1870,,,,5.890978558266652,,5.648133967947897,,,,6.1947033229506925,4.870983982485643,,,,6.149329569999615,5.931592071513569,,6.306206169611517,,,,5.189176601836231,6.3511567441752526,,5.118295516604713,6.106815082808336,,,5.132631902914723,,5.412641384506112,,,,5.247124788808533,,,4.653538222036806,5.6167260926397775,4.686916221730217,,,5.882781893085406,4.903168665857044,,,4.7833639723245565,5.013881597804668,5.935868220077055,5.501645957863097,,,,,6.157749208014495,,4.584438216021304,,,5.286513150447036,4.913172475160524,,5.152873309068244,5.256417070869814,6.074359085677596,,5.432470587155576,5.9331478424994994,5.436661577914808,,,,5.2435210791376745,4.711641614898851,,,5.595231963040046,,,,,5.962033606194833,,,4.78999376749892,,5.604448403532366,5.079741714414197,,,,,5.080654233389165,,,5.3092523063983705,,,6.365258734351022,
PXD030304-Sample-1871,,,,,,,,,,6.262740252572729,,,,,6.079922616770838,6.497251612613873,,5.453833262129964,,,,,6.44802500853375,,,5.734107674721519,,5.140631655746376,5.189611857444076,4.591520181774706,5.589533759829979,,,5.46724787631669,5.286563919924557,,,,5.784442585612719,,,,5.932199644497118,4.954288343785504,,,,5.064609567319889,6.0151285488296455,5.253783486270974,,,,,6.20656365534364,,4.925383002317036,,,5.041415162043858,,,5.21668817809868,5.346455188642089,5.876659786723575,,5.199194037269356,5.813471185510153,5.180163311831918,,5.240720914836784,,,5.061599175830768,,,5.643920607707206,4.668809751444412,,,4.918942710738143,5.7119170113514,,,,,6.201261580336531,,,4.823314631644176,,,,,,5.348458905432563,4.843549954014359,,6.414780353515571,
PXD030304-Sample-1872,,,,,,,,,,6.279541295891047,5.24473625983311,,5.243240023455392,,5.759993308204073,6.272669772046948,,5.826486515735644,,,,,6.529664644698372,,,5.384907689252679,,,5.214289387177006,4.9353383226679375,5.775859278618106,,,,,,,,5.862946370753032,,,,6.082011381219047,5.6694750199114345,,5.4525855399207765,,,6.072479706569923,5.484755389223372,4.649140956361055,,,5.093668174141399,5.607959783807677,,4.932890070230385,,,5.0904631735127,5.275537150086651,,,5.29661881044794,5.976439096487538,,5.579961085067847,,5.196820430672023,,,,,,,,,4.692309323570818,,,4.931174493692878,6.014145707450145,,,,,6.504294810417337,,,,5.6577441838883376,,4.8345938567734965,,,5.357878854885206,4.938843228869502,,6.021155886583694,
PXD030304-Sample-1873,,,,,,,,,,5.866505957480737,5.157185517288164,,,,5.808621337886922,6.237118837583364,,6.161800733411585,,,,5.189479374258006,6.207346907704232,,5.123058400406547,6.080659177730611,,,,4.542994467076485,5.041282825571497,,,,5.196448262993989,,,,5.6814385151169855,4.966693810343568,4.856463063773615,5.359980426547911,5.781269052753741,5.682691181915518,,,,5.02089943578892,6.023394339997311,5.643075490824868,,,,,6.164692438622209,5.236509044549771,4.872301365534328,,,5.2665556039742105,4.887674169687915,5.328322535122984,5.181518231178952,,5.864309309720027,,5.592334348608835,5.429187542350834,5.405241104674273,,,,,,,,5.57421078114684,4.810742914966713,,,5.158796788431735,5.621254657654032,,,,,5.878482904418528,,,4.779979543254914,,,4.738923002597407,,,5.27783937359157,5.372628639738142,,6.346647817499511,
PXD030304-Sample-1874,,,,,,,,,,6.218228391368758,,,,,5.928272851548174,5.975191059356487,,6.394777244970042,,,,,6.295363117856148,,4.838795735485872,5.985325737572939,5.287233211189185,,,4.872150693652927,4.952444073670978,,,,5.56944399897046,,,,5.618370693896585,,,,5.740641172082361,5.7823198822348205,5.28611339842181,,,5.03333208758062,5.635655504823674,5.494380006098036,,5.427201857091137,,,6.239875426181612,5.292183187423238,4.908723563102194,,,5.05649712072954,,,5.220624826989607,,5.716598315451761,,5.276026403586042,6.084266316306511,,,,5.287110056019379,,,,,5.61847053382446,4.588222991096819,,,4.901191780999924,5.670764836090801,,5.079010978560945,,,5.92698381542639,5.119776824948904,,5.103678558963642,5.618804496657616,,4.786137026116867,,,5.320069568486426,5.3889613927578965,,6.298515159927543,
PXD030304-Sample-1875,,,,,,,,,,5.971897695117103,,,,,5.42403556494769,6.021721661892306,,6.234159066650641,,,,5.284447230831711,6.195108286948646,5.574333793728252,5.20634920639886,6.101407815405762,,,,4.9413268602602045,4.834385829320672,,,5.68351730601122,,,,,5.844175187250951,5.067984632066593,,,6.04617910322051,5.598480921445957,,,,5.0817091484800585,5.7144348280443085,5.4054882165179,,,,,5.640341892076437,,4.998165829891386,,,5.134845012416515,,,5.298855454198054,5.383173485578221,5.842977996862811,,5.500471334865007,5.548374481432197,5.815697110054472,,,,,,,,5.669954587381241,4.642607189106802,,,,5.758914680877954,,,,,5.985365097831917,,,,,,,,,5.369237015562266,4.925453949683574,,6.34748895251874,
PXD030304-Sample-1876,,,,,,,,,6.286247799658071,,,,,,6.1266361412108745,5.88887513709972,,5.996082069852574,,,,,5.98318269317184,,5.154721937676648,5.932600538987189,,,,4.578541872984519,4.481833309112381,,,,5.558185267417005,,,,5.206944152306717,4.717691806718428,,,5.439245917507098,4.932507181722994,,,,5.040478720150484,5.769523868446769,5.633179837311624,,5.423489342981908,,,6.190941083230754,,4.585106318841632,,,5.032991393308347,,,5.2643558775536325,5.293878836728879,5.960291207880575,,5.224691279110013,5.505009356377722,,,,,,5.03470966112317,,,5.6227781333635365,4.583025358906954,,,,5.984496330504399,,,,,6.102970653547247,,,5.1430391725268585,,,4.801160562575808,6.048178562301772,,5.325991721384146,5.462921597764415,5.829813828714494,6.4772690666482,5.389720229556724
PXD030304-Sample-1877,,,,,,,,,,6.206841445746263,,,,,6.192452766066584,6.3395934399290415,,5.828742407035167,,,,5.159957685391927,6.2090023954151725,5.500466347368122,4.825964284516035,5.699699951938993,,,,4.557841409137037,5.163588738146672,,,5.60094425303971,5.533704299889704,,,,5.684661684423058,,,,5.914350028838929,5.218538079996344,5.268667534366561,,,5.023282395486433,5.6152102988217445,5.476110679956034,,,4.892491842664124,,5.570675348019032,5.574401530978242,4.885315033965102,,,5.280544064121259,,,5.178946963046299,5.292142361667713,6.1474065213463485,,5.469868499209749,5.763190768286653,5.135600750442003,,,5.267989997902748,,,,,5.605143305460228,4.584703855918176,,,,,,,,,6.320136303131397,,,4.786382240691824,,,4.768072587545153,,,5.312145735558135,4.8426111015693865,,6.36610283238773,
PXD030304-Sample-1878,,,,,,,,,6.216190358710971,,,,5.936952707255768,,5.848604925152024,5.787494359086405,,6.013142051689974,,,,,6.312835734920114,,,,,,,4.841545766262243,5.4817118568573004,,4.996741684708152,5.394112651091373,,4.693776178689221,,,5.803396060973933,4.665375804039533,4.57387596388203,,5.7897961517879954,5.491659927810518,,,,5.2893490606323255,6.064161276590993,5.73636507588019,4.8866399575873,,,,6.258944087376252,,4.881852423478611,,,5.277254803329432,4.910270731900159,,5.178647660502332,5.271546346063955,6.132153296022075,,5.378516376421234,5.437968993256474,5.115814130839942,,,,,,,,,4.62098530360202,,,,5.941168626697266,,,5.083245949742689,,5.781424741013507,,,4.75795416324665,,,4.741597556394641,,,5.309243564505433,5.781774500808533,,6.125541040843661,
PXD030304-Sample-1879,,,,,,,,,,6.267692454664793,,,,,5.858793133785251,6.209899567178981,,5.279509029449893,,,,5.213666790357136,6.406503933392578,,,5.8740379198025385,,,,4.617621555750056,5.608031182317977,,,,,,,,5.242960720995146,,,,5.641002272718027,5.448390530904216,,5.443109792785595,,5.072127970912305,5.850450447368218,5.726218526975675,4.65690743828693,,,,5.34535329472279,5.326723733888178,4.96385789845835,,,5.339312725475471,,,5.26136174854272,5.36111755554946,5.93455420611445,,5.365695285735864,5.520536183333946,,,,,,,,,5.666976779579903,4.629974954744929,,,,5.710639491123342,,,4.86249659047391,,6.150317786167717,,,,,,4.849418709426446,,,5.374344791191608,5.40620174205859,,6.207883415975122,5.118171899131959
PXD030304-Sample-188,,,,,,,,,,6.171408292023889,4.83701700798095,5.504076918585112,5.929552104331262,,6.101768231072705,5.95343929173903,,5.890953038333269,,,,5.1552507037029685,6.307331597176967,,4.802470496483632,5.675264926637591,,,,4.993160731752669,5.4712583661043785,,4.957202922755437,,5.494769374358739,,,,6.0761617688551,4.953407606458833,,,5.920635023610648,,,5.302377072999915,,,5.706765900339026,5.743663725657673,,5.343863591921241,,,5.921276938695068,,4.921619134480956,,5.180766287575403,5.2778205969241645,4.878360332928745,,5.161914620995796,5.298837182251791,5.962735495658862,,5.501570608170034,5.909496034093746,5.713319759301656,,,,5.2146837179247285,,,,5.87381029937152,4.543559787662056,5.013520178392416,,4.837456880672936,5.932005378955217,,5.010891916422528,5.060779492958369,,6.3804405706713805,5.061542888304036,,4.7482696268966125,,5.026424797497872,,,,5.267595226501566,,,6.332602018011343,
PXD030304-Sample-1880,,,,,,,,,,5.983969250891343,,,5.26535231956359,,5.798506622384984,6.244784031865542,,5.921612398287449,,,,,6.325868295140369,,5.234210350349111,4.933743935266273,,,,4.655007792762517,5.515365422273984,,,,,4.839446965884694,,,5.920767200809212,,,,5.897946567570306,5.308371103774425,5.96502650581758,,,,,5.418693034203308,,,5.302787906513631,,5.8241002559414365,,,,,5.089456855650474,5.010534333660652,,5.2348532675506725,5.462872963620971,6.190755222135973,,5.330500131621695,,5.527026155805532,,,,,,,,5.689374970378931,4.636507631863856,,5.947683801833223,,6.055278967701716,,,,,6.501127680029454,,,,,5.464839834671277,,,,5.402421720142569,,5.897977483248993,6.235764704971997,5.567389235102249
PXD030304-Sample-1881,,,,,,,,,5.892387419312174,,4.8695804602068895,,,,6.161213780288664,5.806307061462425,,5.604204099833547,,5.10554771118177,,6.009006681972764,6.115714469870508,,4.826759814283689,5.609890401029247,,5.000302998470757,,4.557264738148641,5.345173630734128,,,5.098765749516669,5.244183054615858,4.688987524262218,5.633679488284328,,5.41913531055996,5.286322037267882,,5.37760083940463,5.569145354580408,,,,,5.301812246081801,5.969054683705984,5.852084162337884,,5.369013924279499,,,6.156846688465892,5.250771357027961,4.8685606522201885,,,5.282381695334769,5.209375547906918,,5.172987464914303,5.555746144221865,6.078371064702836,,5.393033558283924,6.232034608780982,5.601807909566427,,,5.251393819735933,5.2284826817369945,,,,5.58772273141168,4.55287564242401,,4.679936100180052,,5.639555076209668,,5.341210623227415,5.263502688757301,,6.080980459498794,5.367296611977909,,4.793694843429808,,,4.752134066044417,,,5.284541973904267,,,6.511959155844774,
PXD030304-Sample-1882,,,,,,,,,6.257757136150863,,,,5.193882015785247,,5.978614345133412,5.750118199685177,,,,,,6.015704612646223,6.154623295355895,,4.809143385434661,5.956490866856575,,,,4.646663804202003,5.2971768494637,,5.0031644162805655,5.140051819406916,5.224679213802286,4.694527107604841,,,4.95061895101199,5.304031518142873,,5.7018787691535,5.802809010678879,5.379924412990498,5.745356660678309,,,5.037191714019742,5.984871794334919,5.813372024444139,,,,5.011152465053835,6.261526269814899,,4.633597535178317,,,5.258435326893078,4.916665973222903,5.36341870760796,5.518948590668505,5.861530421715974,6.1274504783065735,5.887720394241816,5.368796882534435,6.249602511257299,,,5.185679429587625,,5.231601425021087,,,,5.59475815392459,4.570601571922783,,,,5.964653697817377,5.247578384620628,5.655402723959404,5.106086095858642,,5.767886437945095,5.077505467257813,,,,,4.761290692211065,,,5.311981327863242,4.79333443231649,,6.379695760745209,5.039359714423571
PXD030304-Sample-1883,,,,,,,,,6.260221763755231,,,,,,6.08285207418878,6.108335569888458,,6.012738648223564,,,,5.987053208070265,6.049584980555529,,,5.397712626552089,,,,4.824208966264411,5.440370823522321,,,5.1019899933028166,5.203074188595784,,,,5.904200073038127,4.977362099573435,,,5.781649920238669,4.879000582874057,5.266991494778537,5.342730437443526,4.77423206675485,5.019268720311297,6.029276280016614,5.79018829630344,,5.364695885299424,,5.784295744722344,5.830312761669927,5.265134643548499,4.9114505224565,,,5.257452560454444,,5.348485175930708,5.181369657293296,5.932619773715145,6.033262261471589,,5.488568249117873,6.056687416490077,,,,,,6.007721875738138,,,5.576153549179855,4.540143286016918,,,4.852005815488915,5.624988016436386,,5.633382160719749,5.249319609491364,,6.137610000722808,,,4.763656760551074,,,,5.994139317874934,,5.293320433500886,4.806888687479412,,6.515754749180125,
PXD030304-Sample-1884,,,,,,,,,,6.129761726948054,4.815715552092367,5.4751809133746425,,,6.256958781111786,5.982084730925573,,5.5497408377232045,,,,5.95184415855403,6.203171710590048,,4.75430790198313,5.970077657882885,,,5.076323317909049,,5.396575400619161,,,,5.19885384743501,4.686298159527501,,,5.922556644303466,5.105851698764094,,5.318651747966048,5.823050367864086,5.553959879192715,,,,4.947031976843545,5.575466161563265,5.917531594898429,,5.618594076539141,,5.431689608391569,6.051911236194715,5.208633715630102,4.530200229757697,,,4.92711769810777,5.1598813673675386,5.613095915411539,5.389030331091213,5.978147524093004,6.165241071123788,5.200791744139038,5.360614779160661,6.248863036751997,5.0670336273909,,,5.680346616290254,5.206579878226023,6.006820941545066,,5.226630637340191,5.5543277313257375,4.516660328302533,4.723470275953488,4.626645838646492,4.814215163295299,5.599426817586162,,5.47045764656694,5.21228560451193,,6.095456409491536,,,,,,5.003327150318148,5.952988097527177,,5.2378034026415925,4.776102636425405,,6.407453264555653,
PXD030304-Sample-1885,,,,,,,,,,6.253217787452863,,,5.864000170855324,,6.191732063596488,5.981875251378555,,6.354880654506113,,,,,5.961065676718369,,5.204472305290541,5.528356720920767,,5.081925374772999,,,5.270438588386574,,,,5.599294733441924,,,,5.779723690154979,4.745094034944104,,,5.865067531581542,5.677324983018365,,,,5.108008597683078,6.000896145322477,5.699828535414634,,5.446153130638766,,,6.177599969012238,,4.620320294798843,,,,,,5.265378822901779,,6.146420936732723,,5.364239501016383,6.131853242095659,5.202304008434219,,,5.802228182550109,5.302134204146776,,,,5.666880510464155,4.892541578317897,,,,,,5.41378241420201,4.857631988147553,,,,,,,5.151823366623391,,,,,,,6.519764789903173,5.462456292736662
PXD030304-Sample-1886,,,,,,,,,5.907600267436585,,,,,,6.0962007888375656,5.999604407992079,,6.151885287366756,,,,5.760627435775695,6.235523164902739,5.811035337893284,5.1264614348760125,5.314042935530657,,4.998938953303409,,4.552695554008007,5.5353023053332535,,,5.411492047061071,5.213225766069626,4.738398595596967,,,5.545257319056077,5.294100504652938,,,5.814999398181575,5.388487168282068,,,,5.323307415704151,5.947386263973068,5.8058225506958285,,,,,6.165784592825351,,4.896254916498035,,,5.277120111249896,5.210465106859297,,5.160895173464649,5.321212919857175,5.9580406705947535,,5.440481539833495,6.0607616592777385,,,,5.862013128702858,,,,,5.614906829617748,4.59791787869033,,,4.874332918172586,5.9528178390222815,,5.344755367199653,4.783626053380622,,6.153081448397943,,5.314629815894558,,,,5.073025961661369,,,5.598217786774334,,,6.515163750665144,
PXD030304-Sample-1887,,,,,,,,,,5.900000599723917,4.884471243578331,5.547293824338888,,,6.205397851150325,5.825533705626969,,5.70819415735361,,,,,6.387411037396866,,,5.83086462971496,,5.037898550913551,,4.875022590950846,5.583917699059156,,,,5.230741806176634,4.737543939284144,,,5.687438422369967,5.4160430365442656,,,5.8997290973041405,,,5.352145042814041,,5.04049096316512,5.952468865264564,5.837913944912242,,,5.245209871011509,,6.268844008460144,5.272623881646923,4.905001856993158,,,,,,5.236432145390499,5.330434619656901,6.168513556050639,,5.244929378014657,5.765256694947768,,,,5.574290484353244,5.566561401700868,4.765122416402192,,,5.615585503868404,4.841373876555712,,,4.883351981097865,5.97313855544123,,,,,6.012414234562884,5.087003150739939,,,,5.070235639841932,4.820011705299429,,,5.324360615604877,,,6.149222696893403,
PXD030304-Sample-1888,,,,,,,,,,,4.87947581008379,,5.972768561765399,,6.0759960055874735,5.7557725300222415,,4.911891860312537,,,,5.181852129416085,6.066523222323125,,,,,5.479938161130869,,4.555464290385332,5.5709646700997775,,,,5.534887888375391,4.7275677738750606,,4.65247216543038,5.8182781264673125,5.175976642037191,,,5.950902161049831,5.516798279240042,,,,5.042793666531529,5.931551622669329,5.826149149354092,5.611140713122887,,,,6.3142914280343785,,4.88297526854337,,5.523979438445916,,,,5.170032263083455,5.321189835529324,6.041529921008149,,5.206492974423056,6.056966353071591,5.147145357367029,,,,5.243791199132295,,,,,4.560711437907044,,,,5.662858673708735,,,,,6.009993763448336,,,6.400767026547845,,,5.069683595740537,,,5.289295149078531,4.807170276787273,,6.261016536341924,
PXD030304-Sample-1889,,,,,,,,,,6.23923947915303,,,,,6.1386410385935175,6.278078398503371,,5.861427639065076,,,,,6.104849023440601,,,5.824065901831083,,,,4.889034441177278,5.10053474157426,,,,5.271472883245975,,,,5.470388219364975,5.041862500155471,4.931000870704917,5.424513749518034,5.13929286261888,5.424519406300143,,,,5.346525872490164,5.962353565321084,5.886478819300142,,,5.260363576644342,5.370144935831523,6.356003970108838,5.790822233755981,4.974875872276135,,,5.011917736444545,,,5.263933347365553,5.352174059882535,6.275051990851658,,5.218424332330517,5.795609187946692,5.486578808159615,,,6.014232780602185,5.293345559001712,,,,5.63862344303088,4.585692926676531,,5.213057031810284,,6.008407239513266,,,4.82966269519298,,5.952858945185387,5.147708836172582,,,5.629998781294041,,4.848395739393672,,,5.356513210383533,5.314374877461832,,6.547959499110426,5.093416945667888
PXD030304-Sample-189,,,,,,,,,,6.209533195932517,,,,,6.019080289029098,6.1521282996533495,,6.278752247931364,,5.115997666110694,,5.952166518002594,6.3326450179508935,,,5.920737537000941,,,,4.859220562218703,5.312005684615493,,4.994467517247901,,5.541311241073637,,,,4.817328732999174,,,5.393746267434679,5.709231922046472,5.525255884620544,5.269419253987531,5.367860572963114,,5.009905338644684,5.971269039429632,5.738996756871615,,5.415040588176704,,5.748514689416549,6.238613565224735,,,,,5.025090992944213,,5.362097888178575,5.180196492587334,5.326860653860263,6.186549190598344,,5.291402509507559,5.971085659116686,,,,,5.556270266778348,,,,5.597997284367851,4.572863814320782,,,4.876663246266221,5.653789936491556,,5.532209702783123,,,6.02532436250922,5.09099110241014,,4.784323490087139,,,,,,5.313018311696814,,,6.150324185087136,
PXD030304-Sample-1890,,,,,,,,,,,,,,5.017739053960244,5.6701266370684245,6.434073543248118,,5.000076418355886,,,,,6.282344463391041,,,5.938945566378588,,5.150912500919559,,4.630040498629421,5.579083218059717,,,,,,,,5.467792771989361,,,,5.881526605960362,5.465448247758865,5.647854782700536,,,,5.750608015904666,5.400977257841252,4.670836043458573,,4.972425325507785,,,,4.676829255921301,,,,,,5.253378888477631,5.393094003339009,5.976383361739426,,5.260740945921071,5.561431334717272,5.209553857179078,,,,,,,,5.671515603269135,4.626971307183166,4.823785786968799,,,6.036461345236315,,,,,6.176604144294068,5.176054310283419,,,,,,,,5.385264676199901,5.4244254707292345,,6.215927889295939,
PXD030304-Sample-1891,,,,,,,5.814038657272992,,,5.962302419907863,,,6.024234038184158,,5.821673196419135,6.293954186453324,,6.375388818486194,,,,,6.332115727862887,5.571259980390401,,,,5.092340738354237,5.1828245290728745,4.610831624380647,5.0007545080267946,,,,,,,,6.0563253543980045,,,,5.471885793694145,5.749427096036511,,5.7268957899780455,,,6.0406804454710095,5.33577963288991,,,4.945586057131671,,5.784423205003146,5.326885271665739,4.613144160519541,,,5.110353149403482,,,,,5.852606315713086,,5.454301587170052,6.129312707477439,5.496644162243518,,,,,,,,5.662200396019051,4.63374998133797,,,4.943466055129394,,,5.607212277629484,,,6.07205450445123,5.203206062881547,,4.8464558230986,,,,6.082953046106914,,5.391870405295881,,,6.419627139354345,5.442262987565275
PXD030304-Sample-1892,,,,,,,,,,6.194125654737412,,,,,6.060860653584996,5.859053125803012,,5.761609824170504,5.680192831065414,,4.60016432994858,,6.25769686213013,,4.8158861538994975,5.492033941050068,,,,,4.931389796213212,,,5.413110902406271,5.530730298158946,4.717785318344047,5.647338332509826,,5.676999567903568,5.393243193801343,,,5.406192639306083,5.3858768690256245,,5.3397138947002905,,5.322932313530156,5.945835763803837,5.6567067345301805,,5.875985264582927,,,6.345531225849282,5.297886633184953,,,,5.277335096685738,4.911279019512386,,5.219390357098101,5.259242783529893,5.915082846857671,,5.130044329773375,6.068690872665272,5.431404076689191,,,5.565956050070209,,4.698930300173046,5.677730203255859,,5.590962977907215,4.581963603866121,,,4.873639347572479,5.963787359049539,,5.355360392152251,4.806685338839795,,5.289078032193386,,,5.262418712622673,,,5.06918237898154,,,5.295290999571344,,,6.3661463830150415,
PXD030304-Sample-1893,,,,,,,,,,,,,6.067410367001945,,6.130110998595798,6.005218718246518,,6.35755502812002,,5.436764588375,,,6.106509099662237,5.540092627991086,5.331839683862646,5.162216629155234,,,,4.576233963864092,5.261538631801277,,,,5.578600979919753,,,,5.905753475866166,5.324427693989691,,,5.610279798890381,5.234725634963246,5.774965010910306,5.372693354299494,,5.342756221489257,5.958862287255864,5.9053238483723485,,5.930151415729474,4.912422749580482,,6.247622336040308,5.310337569245219,4.570031752462311,,,5.001708407727678,4.941857699970267,,5.495700543804879,,6.035208066448268,,5.290629530625347,5.480397705146853,,,,5.594866707130369,,,,,5.618551309595135,4.8899305427283934,,,,5.678329559737602,,,,,6.287555124005055,,,5.107441839456079,,5.403789221984903,4.791204637586028,,,,4.855273759154176,6.124497426957845,,5.442604188602568
PXD030304-Sample-1894,,,,,,,,5.72495819275713,,5.966925920485665,,5.6150853607646845,6.193084007514177,,5.911240946458235,6.082469516527949,,6.23582729022512,,,,5.531283925849695,6.143872940766917,,4.892155293248995,5.685803098923781,,,,,4.831109673594224,,,,5.309905512746986,,,,5.938264660173735,5.070621438276964,,5.4756370480986405,5.658964510143312,5.293016236741949,6.411590505653563,,,5.089159793051223,6.183034833486279,5.651255768597983,,6.275416684533597,4.966664640662996,,6.343940724693979,,4.99564996601078,,,5.379293458935599,,,5.258416889937748,5.350653062366017,5.6724789743631945,5.339521052574463,5.3933473823479945,5.854943637501941,,,,,5.318037517840829,,,,,4.916540667221661,,,5.250014268959422,6.034984535164867,,,,,5.845558795333936,,,,,,5.155629122988024,,,5.377055630619388,5.4335005984201485,6.189954849152755,5.724506289734721,5.487650326908197
PXD030304-Sample-1895,,,,,,5.6482000086814095,,,,,,,6.028621053292111,4.942004986086252,5.929939670027798,5.99783858016318,,6.393439434406582,,5.604550680089406,,5.241749039616969,6.3464698378076125,5.817675848329543,4.817319223504351,5.367634049064099,,,,,4.9618982546813175,,,,5.237647429895357,,,,6.065245343512901,4.986982375828942,4.882923064136755,5.413985545108306,5.807576184292216,5.197490952231755,5.256372686118695,,,,5.6271067610994745,5.658319699500997,,5.7079210251528325,,,6.164073450458866,,4.894467868525714,,,5.207859296084264,,,,,5.252531723631427,,5.4716747750081645,5.934182516871324,,,,,,,,,,4.832172053351736,,,4.863995359607779,5.645493335225118,,,4.787747507888802,,6.205746586169296,,,,,5.36387263669496,4.794344282099583,,,5.289395439800875,,5.836685695069773,5.649649265825279,5.398055058776693
PXD030304-Sample-1896,,,,,,5.676740212587764,,,,5.908823827061596,,,5.676655697595503,,5.769423087606081,6.364471274037214,,5.782760644024815,,,,,6.37658725410269,,,4.8493423884838665,,,,4.574401000786072,5.434478951833671,,,5.129623222053791,,,,,5.20378157333344,,,,5.422766929043989,4.931806997093072,,5.418539611998952,,5.036388915680962,5.966059581572314,5.447241502737591,,,,,5.576569330644106,,4.656881413256881,,,5.316846257379839,,,5.197226508314586,5.289441532263491,6.003378110220188,,5.243438148840276,,,,,,,,,,5.621895307186731,4.613089935518546,5.099722936019049,4.713492192051057,5.192395898973448,,,,4.831133815871636,,6.282281020740999,5.120013441239472,,5.099830523858741,,,,,,5.324971914444212,,,6.285390174381481,
PXD030304-Sample-1897,,,,,,,,,,,,,,,5.945105134186194,5.77379439442433,,6.2073480385236754,,,,5.608356912539071,6.266924212199971,,,5.964718279908791,,,,4.522492492210956,5.319834262822174,,,,5.188941063565853,,5.607985282070753,,5.803550143694489,4.948674519485016,4.5424397223451765,,5.768920173708865,5.56480925934323,,5.311096078689918,,4.969256183695803,5.897908644839486,5.620879782040241,,,,5.588900045853458,6.310017851053997,,4.853302187877494,,5.18328710033672,5.243493779559959,4.873824838379644,,5.139425495993505,5.249631645673646,5.965094864132319,5.23420830162545,5.432970625945841,6.13160213995924,,5.454341384258151,,5.227093147224159,5.507072373929348,,,,,4.53831470212495,,,4.843788732816311,5.931187122065302,,,4.755616741204997,,5.553037753110402,,,,,,5.047957449911487,,,5.564223850113406,,,6.418040352692088,
PXD030304-Sample-1898,,,,,,,,,,,,,6.027119078877355,4.933754102581784,5.778425751354064,5.922674430615066,,6.246477686947704,,5.562159407636696,,,6.24651221598663,5.827467156288112,5.107028903670788,6.018358642915526,,,,4.559295455075977,5.339593623621584,,4.994644027382188,5.092217555707346,,,,,5.947964623229087,,,,5.560406586074024,,,5.621749304010201,,,5.921193925288697,5.189617669879163,4.565998214002217,,4.867414286017176,,6.010636716844689,,4.896221855534889,,,4.9814507624663,,,5.1434264183734975,5.248928924424113,5.915780926936372,,5.625736106401282,5.908594337973488,5.596941124923538,,,,,,,,,4.820256538927369,,,,5.9438027432860405,,,4.7629526209833095,,6.082868732849834,,,,5.593788042939629,,,,,5.57967101782768,4.791352463427899,6.282625258637465,6.340794289905372,5.365655766204036
PXD030304-Sample-1899,,,,,,,,,,,4.915514653012318,,5.215285205788276,,6.195203652305398,6.345181551567573,,5.872195151412435,,,,5.256663322046477,6.402224542649174,,,,,,,4.924403504852384,5.54613099160696,,5.038017886004298,,,,,,5.822809367313128,4.742438794265883,4.619495126994815,,6.006914252448871,,,5.385894337027481,,,6.065319670463444,5.614839210171399,4.651546927774088,,,,6.005523563679404,,4.918497296193085,,,5.007190682134681,,,5.194637555090456,5.672591841674048,6.188032241270525,,5.381780606006042,,5.65897438562955,5.538448192272451,,,,,,,5.664378063597489,4.589140097349634,4.796757081073633,,,5.720980432143998,,,,,5.825346471063914,,,,,,4.808320012842921,,,5.345291643974676,4.933718312224831,,6.182690993814665,5.419569356602126
PXD030304-Sample-19,,,,,,,,,5.931920655143023,5.910349147660878,4.909853347630653,,5.232404030099153,,5.884307682629218,5.959108787687651,,5.2421036084907024,,,,,6.25353365468438,,,5.466239195736176,,,,5.059825888561586,5.5585912568661815,,,,,,,,6.053568438658451,,,,5.730100769243785,4.932958593944275,5.282254267061944,5.413402929086017,,,5.954592548435142,5.6996002131737935,,6.125834422854624,,6.006487342612614,6.124509577786588,,4.9036130772285,,,,,,5.181465573725405,5.404962760056445,6.030482497546437,5.29962068705576,5.496321464528049,5.791597103231694,5.452769198288032,5.520863944765049,,,,4.7310800944224,,,,4.559348750129946,4.76606470000894,,,5.985274955665397,,,4.8098650672956085,,6.16899194521056,,,,,,4.782153463959276,6.337795923358107,,5.342024661891797,5.624407934819119,,6.379020371229489,
PXD030304-Sample-190,,,,,,,,,5.920551744610765,,,,5.206425767908303,,6.267042747535074,6.313898767315571,,,,,,5.154800414263623,6.072540688920305,,,,,5.619078872269505,,4.873983132082293,4.937930147054238,,4.998101513098843,,5.219089142610093,5.020674583932483,5.656562088574209,,5.373348785265822,5.297563602626648,,,5.806437330175193,5.619473268418544,,,,5.0141991705220175,5.636303503807545,5.968536998288846,,5.383242959679628,,,6.165781184050743,5.267359626813255,4.58319766961242,,,5.258786071350969,4.917457831722312,,5.159081909830475,5.280312553660335,6.056502398862049,5.760034086221775,5.375676207605945,5.937923027368402,,,,,5.243607906625197,,,4.806990231957951,,4.539819229551762,4.757775607075015,,,5.967465792363273,5.241852310324099,,5.095095256857272,,5.323245060730005,,,6.385632862496702,,,5.086547111622308,,,5.300778551522933,,,6.262508703923821,
PXD030304-Sample-1900,,,,,,,,,,6.224320696030484,,,5.992795175735581,,5.725887445219591,6.458995229208779,,5.847597768874687,,,,5.213434538043097,6.497946365307971,,4.854768019013057,5.06210607062535,5.288665533559608,,,4.574865460841327,5.670170630535588,,,,,4.730244959399732,,,5.945033925884566,4.723315943256938,,,5.992538483823831,4.931572041871487,,,,,5.714371768237245,5.561758491619447,,6.032231319294441,,,5.292145144978263,,4.6381171213399295,,,5.000889044934097,5.244730238586504,,5.169301314208341,5.427763393238702,6.213125129301303,,5.582680501535548,,5.778159933210177,,,,,4.731686076475826,,5.140820049954198,5.637384634049323,4.570894311801944,,4.715004418050693,,5.984004171758871,,5.685179207227017,4.824208834404037,,6.298047990506852,,,5.120456137161576,,,4.792851847071416,,,5.343441090348083,,5.832945916653408,5.979468322202584,
PXD030304-Sample-1901,,,,,,,,,,6.265046225333236,4.946908110446945,,5.274466423777223,5.009434083427901,5.860764183161496,6.305399275715379,,5.765187058451011,,,,5.242561360582356,6.299966740254301,,5.197325937270064,5.226135997094767,,,,5.096321248023521,5.304734005384741,,,,,,,,5.389758198872899,,,,5.1826922697049485,4.982504842545632,5.353318291419548,,,,6.028805065111824,5.535039831072109,,,,,5.324371360596091,,4.982690071336994,5.280898917884581,,,,,5.274652518879382,,5.874451876710673,,5.448569385170731,5.535856826319463,,,,,,4.771655964571192,,,5.969060296049072,4.647535761307896,4.860431378837668,,,,,,,,6.155017775321493,5.172751533427856,,4.853079534911496,,,,6.405201262282021,,5.385938145880372,4.964687607264231,,6.207773932589579,5.430228430300775
PXD030304-Sample-1902,,,,,,,,,5.917648594538144,6.192919747540904,,,6.155905965834775,4.960437646333508,6.103597127659237,6.125503106373341,,5.873258885533161,,,,,6.224203826281367,,5.119303299295687,5.505247388431263,,,,5.037951163447093,5.056106394681717,,,,5.527422252675121,,,,5.931522945107549,5.1666995127660575,4.573169521394307,5.408310100728288,5.967071689176603,5.226103772439387,,5.354940995961153,,5.039691659637578,5.919085017046462,5.6624649293107225,,,,,5.955044286921135,,4.8637977429751365,,,,,,5.172553141852892,5.294195944870877,5.714343519429163,,5.545593601104465,5.765427842140914,5.441640937015022,,,5.262640801487557,,,,,5.606041822551111,4.567639626704199,,,,5.9738546183713,,,4.784214443306079,,5.918707217942721,5.093450536532236,,4.828046283439894,,,,,,5.592694170348791,4.818366292405443,5.804384738831389,6.270568743208721,5.071831238800834
PXD030304-Sample-1903,,,,,,,,,,,,,6.1575417969147175,5.079709103569961,5.163527735967358,6.436692247246819,,5.516171050647301,,5.730114926842136,,5.323307999055335,6.43247427669003,5.629706341534068,5.648164989183099,,,,5.234277124174107,5.1507363581922405,5.483048320233023,,,,,4.885738072580547,5.768254631883592,,6.146017745768893,,,,5.927683683382999,,,5.763987319591861,,,6.079960508323374,5.022108764421306,,6.136647133883056,4.99625520340272,5.136251375499477,,,5.00913257778049,,,,5.033528894621978,,,5.429021285754249,6.233870036898585,,5.666484469040539,5.875721786177324,5.251293194997638,5.925251037604525,,5.382696275953051,,,,,,4.950117212643432,5.166387210531356,4.8077216352783285,,5.777324266199636,,,5.211591248297935,,6.338962241071514,,,4.908948907158753,,,,,,5.411976694160518,5.3327095741825925,6.415211089086284,,5.622250700104973
PXD030304-Sample-1904,,,,,,,,,5.972316865607673,6.259428853095164,,,6.03442635582988,5.03065521033874,5.934190865762004,5.877019116346958,,5.467219550160667,,5.663786518028978,,5.289614254864504,6.2188312164748405,,5.2117106100898045,5.20582877903621,,,,4.9223641905650615,5.7357062213822685,,,,5.298685861731624,4.792325949780962,,,6.084709089055039,,,,5.775727623777027,,,,,,6.022219915903653,5.609066989260567,4.657897961087593,,4.940274993083974,,5.793411438368298,,4.966773491718247,,,5.360643711198948,,,5.241263149187567,5.461143704139439,4.857559518291411,,5.476689398576195,5.834169444958161,5.690135520212031,,,,,,,,,4.905252250588557,,,4.938455395264959,,,,4.855400645905825,,6.402477764002041,,,5.165219222379306,,,4.852180739692707,,,5.37616521057774,5.345312415298281,6.362864317993269,,5.156947574186911
PXD030304-Sample-1905,,,,,,,,,,,,,6.138986853122987,4.99405160585421,5.980622212528719,6.048862296255567,5.690812463509909,5.961135915812274,,,,,6.056054953574611,,5.473660854372253,5.550358435970129,,,,4.594277944762544,5.49779767521956,,,,5.264155151922169,,5.689838684881402,,6.057907264424678,,,,5.932546960135337,4.9611579941298185,,,,,5.682516453477952,5.750650788181466,,,5.243273513996709,5.060603094320167,6.00003260049564,,4.940966067726501,,5.2597800416843485,,,,5.214362505766478,5.642783720923058,5.63780960249565,,5.250491514551466,5.500885885272507,,,,5.313320316742044,,,,,,4.890792185281388,,,,5.699161208902075,,,,,6.25148868244912,,,,,,5.133403285793071,,,5.337898675762893,5.224313679368826,6.167801954745579,6.00176481553584,5.428091453067789
PXD030304-Sample-1906,,,,,,,,,,,5.023032021989934,,5.9295666901032655,5.084689609090883,5.919854431185581,6.276848341277427,,6.18309892860518,,,,5.3316022050572105,5.875781581889334,5.66196879006769,5.573736748791339,5.597991690563692,,,5.258010435273308,4.696092432584878,4.925375483265718,,,,5.3994593246048055,4.877126491301438,,,5.903508086267044,,4.722055326757833,,5.554691598014554,5.067653003858504,,,,5.154334748786524,6.0884573253446925,5.538159855092184,,5.831954609259327,5.046268890401792,,6.320128031738717,,4.747617575437099,,,5.401832266936005,,,5.315106889650551,5.445199196879206,5.88742322404059,,5.367649433776216,5.618345862704487,,,,,,,,,,4.971615538040407,,,5.064158967765048,,,,,,5.945288284927617,5.22476212748752,,,,,4.908739659310939,,,,,,6.419067946927306,5.561502579135889
PXD030304-Sample-1907,,,,,,,,,,5.920308983135943,,,6.070718835237773,4.9886073302410425,6.17870329040399,6.325261505293359,,5.853719731584044,,5.12309713491246,,,6.294287330431096,,5.330034500430619,5.160070150145456,,,,4.581575899679107,4.959741169673825,,,5.4436044114214885,,4.741379199544805,,,5.890192833484878,,,,5.981119481360494,4.955143578753672,,,,5.032021085345203,5.993199684938335,5.630696546813314,,,5.283946906845743,,5.760369145073272,,4.898005394853858,,,5.297395785093003,,,5.19939172049869,5.375256416800797,6.129308073684366,,5.397857089114857,5.488705082142668,5.159906367871253,,,,,,,,,4.862850929777212,,4.7180823452244525,,5.980662821340561,,,,,6.4340123134063765,,,,,,4.790732571951307,,,5.329650906387134,5.101680904340504,5.848593190546457,6.17761916081545,5.465811582353865
PXD030304-Sample-1908,,,,,,,,,5.912485805935438,5.905290643102575,,,,,6.068863338454337,6.448625548200399,,5.777020003597637,,,,,6.173867925899489,,,5.8118352153357975,,5.319862745188825,,4.857919918322645,5.0684089407470685,,,5.4407971778525726,5.541134109389618,4.731310792259844,,,5.750750670537278,5.008197373933322,4.603794220241971,,5.7265406309854345,4.927332488372306,,5.3519821107196375,,5.027176904266363,5.960601403919728,5.743260114233373,,,4.888298935848505,,5.965867356845327,,4.900597518568746,,,4.989173105022291,,,5.183784399097854,5.320521947562722,5.930124460616321,,5.360156298989129,5.779556299298193,5.144308019892226,,,5.277586137142659,,,,5.129094834448721,5.605241791955942,4.6053279072939866,,,,,,,,,5.928157905501291,5.093152433272346,,6.585642501811341,,,4.813237682610508,,,5.325255298320279,5.53252929870586,,6.147397580812823,
PXD030304-Sample-1909,,,,,,,,,,,4.934845405508197,,,,6.18705705701131,6.084986635349763,,,,,,,5.9501228760030624,,,5.759917353632629,,,,4.605679713029921,5.298820606547131,,,,5.290736751031547,,6.005509606103538,,5.30627234315737,,,,5.860907814239094,5.271958582057358,,,,5.120305720997483,5.734391138461471,5.652755426209692,,,,,6.1003303900000585,,4.961217750738386,,,5.415789348219231,4.988399794593868,,5.2662743417053965,5.340194529733852,5.825248037796215,,5.312155832604895,5.526397754676007,,,,,,,,5.174936101132453,5.647132792736844,4.610475652922379,,,4.931923764463056,5.703368477803473,,5.171939786208851,,,5.848247070900706,,,,,,4.827883752761921,,,5.362893148150516,5.343966075873972,,6.57684237677424,
PXD030304-Sample-191,,,,,,,,,,5.910788943235871,4.885711566109754,5.549991316951749,5.665206569566702,,5.60632752869639,6.206152044907868,,5.402068443932697,,,,,6.282706854640285,,5.32181526078617,4.94192172164121,,,,4.876486157061344,5.592207880064586,,,5.124548692024001,,,,,5.693973093310646,,,,6.044959361609941,5.220634844735636,5.57640772624693,5.350993853579877,,,5.684979977140671,5.2749350277702325,,5.434933933479535,4.899988721770428,,,,4.923426694986328,5.1819751637479055,,,5.230781910974825,,,5.552151297227504,6.102830823146538,,5.392208852068459,,5.631089731461722,5.506000340008047,,5.274449452104375,,,,,,4.552608885595912,,,,5.98323265810556,,,,,6.229909656859581,5.107986725919029,,,,,4.774379973776654,,,5.328189106158312,,5.849110359174249,,5.068449177182282
PXD030304-Sample-1910,,,,,,,5.7978262915168655,,,5.955345888220468,,,5.854531507805509,5.007514005580145,5.585169838722251,6.352189802261018,,4.971911151332557,,5.460573881824154,,,6.316127584609321,,5.588227584751083,5.264020435059664,,,,5.086209399288767,5.571533150257921,,,5.172356558962718,,4.77673782542965,,,6.001646275269495,,,,6.07414406522855,,,5.447118483917393,,5.060824238623445,6.044050290536477,5.076056910836026,,,5.322132582531992,,5.302483965716921,,4.922921487474943,,,5.135086874450527,,,,5.45544709488142,5.955485836616537,,5.426881266605256,,5.671755940471334,,,,,,,,5.649021701394092,4.589670697100089,,4.7558192910344985,4.94950210294438,6.01185549561289,,,,,6.4867768104935095,,,4.836509133746885,,,,,,5.385688699033792,5.225250569722672,6.338243664868235,,5.537483030454565
PXD030304-Sample-1911,,,,,,,,,5.955167608601204,6.242308110038084,,,5.220557919339059,,6.347746019691956,5.378487312664561,,,5.693896799631805,,,,6.070910250482244,,,5.908736051798762,,,,5.079790046807715,5.28152533581284,,5.054784573899553,5.472056598667635,5.266711654812066,,,,5.565043659002245,5.044223761737857,,,5.451280854626749,4.96775391317744,,,,5.059773755406501,5.693033741510848,5.942538586558413,,,,,5.998271943976222,,4.9277428546415765,,5.2584454480879455,5.355315138221733,4.953664421697381,,5.252770005801762,,6.108655042369505,,5.50541743089521,5.816737053575729,,,,,,,,,5.633021414411495,4.587276188888006,,,,5.709554192593641,,5.124376713972619,,,,,,6.217458047555727,,,,,,5.3370687446263725,5.038244948784024,,6.006098579069192,
PXD030304-Sample-1912,,,,,,,,,5.96168616397175,,,,,,6.187355186093918,5.731919865207736,,,,,,,5.83850931033304,,,5.280777962666281,,5.751515449290819,,4.87388714297503,4.957959659199397,,,,,,,,5.207707116107349,5.200518666142883,,,5.138068971865772,5.259134897856898,,,,5.037880474634431,5.667365510818956,5.862933516188473,5.541711905295448,,,,6.071460752601913,,4.920871047885559,,5.2507982683272605,5.318344786781917,,,5.498823077036864,5.320164546794135,6.152812902692185,,5.364171385032085,6.192646577918852,,,,,,5.045193646010426,,,,4.589307509585862,,5.017745107740568,,5.679214629897906,,,,,5.808586968145938,,,6.2188757910161065,,,5.104477335735092,,,5.337007444884238,,,6.297160487808588,
PXD030304-Sample-1913,,,,,,,,,6.286988289116509,5.882240399254213,4.864525561847947,,,,6.238399976250061,6.061443894119034,,,,,,,6.056742589892455,,,,,4.991203573652338,,4.8522018599258185,5.450580223257408,,,,5.226820496690977,,,,5.81278658259955,5.0216690378805415,,,,5.377022657333366,,,,5.00716355213638,5.994078074221908,5.86413249994111,5.381232563970915,5.408289136922784,,,5.236593401697431,,4.912781870541486,5.205510711740272,,4.985446072134343,,,5.198227431934562,5.274550100235563,6.150740016904864,,5.366956703143302,6.065882308615722,,,,,,,,,5.944294825684262,4.54691537909195,,,4.865741839588173,5.637141827323521,,,4.803557653869746,,5.78501913737392,,,6.065644333606369,,,4.753227182977589,,,5.28239936133928,4.910298597385387,,6.4464389585582165,
PXD030304-Sample-1914,,,,,,,,,6.226029136997992,,,,,,5.994664556158947,5.763458649779337,,,5.995091231922734,,4.586495020963408,5.196761355608343,5.4153773934335705,,,5.176124288267408,,5.812389250276401,,5.024889253001684,4.451448710435616,,,,5.701897945372877,,,4.957027409491163,4.953811614089704,5.173620233275634,,,5.407798179870261,5.394408489562845,,,,5.31944069922139,6.08543692915859,5.825687272124655,5.514632213603642,5.4217019932221735,,,5.95957260957689,,4.906309552544656,,,5.28585267588855,5.219064293818192,5.36796743913216,5.191354741090312,,6.126951396592075,,5.479590143775862,6.175901890313316,,,,,,,,,,4.564294011851122,,,,,,5.054031125230875,5.274683422677127,,5.788068397800736,,,5.895751339055078,,,5.095284640028247,,,5.299380324482476,,,6.271403468850469,
PXD030304-Sample-1915,,,,,,,,,6.180807160104815,,4.84856474977206,,5.1784877762652055,,6.021949130050613,5.2998234149341386,,,,,4.556368799212654,,5.858127771899241,,,4.810551336614558,,5.774260858781151,,4.812686110879781,5.32617835410702,,4.98319016089658,,5.187810553442269,,,4.927243221295794,5.441804445533244,5.147580772667471,,,5.550882624164453,5.652840455533252,,,,5.29514840181572,5.655537926205939,5.931010538614294,5.528445751092754,,,,6.268153268792037,,4.90993856788258,,5.181663693184202,4.94072056356126,4.879443300490682,,5.174455608917208,5.314411134163785,6.146624610036145,,5.168826825104266,5.906144605799778,,,,,5.204730829186509,,,,5.563359071716169,4.521091935342076,,,,5.932797880390911,,,4.764131087880535,,5.746855283304926,,,6.298696199844526,,,4.73144108029027,,,5.299245706355619,,,6.233742093192461,
PXD030304-Sample-1916,,,,,,,,,5.943796886202305,,,,,,6.1637658914885884,5.192927447089072,,,6.041410741036589,,,5.476033898285944,5.725647258768723,,,5.2089022578156765,,5.521118755835896,,4.590216910935747,,,5.036381219538388,,,4.7252545720189785,,,5.497463458958062,4.712831832707999,,,5.127268224433059,5.639877882844676,5.301401486274298,,,5.336113823388431,6.026173005864878,5.733206560836959,5.220888572518726,,,,6.0712220937601415,,4.971930527593947,,5.244946748725431,5.30586255548135,5.247346810881796,,5.201179523504384,5.301753022442784,6.064044066317821,,5.407793417123567,6.265335137467547,,,,,5.267998215240303,,,,,4.576210908650105,,,,5.975635291467211,,,5.118641735812532,,6.107686437142489,,,5.403883436902497,5.624816222956037,,4.787597077688046,,,5.629427998210323,,,6.477931384779881,
PXD030304-Sample-1917,,,,,,5.660660779046383,,,,5.90209603991328,,,6.043489963508174,,6.167714806634207,6.2262382394853,,5.834802907954195,,,4.602094492214224,5.236001609193507,6.16929945389619,5.827643259386043,,4.855630307479031,,,5.139004453969454,4.555740151369007,5.374968942582569,,5.018730055164415,,5.248179693177337,,,,5.958268301377668,,,,5.970900340255744,,,5.388663671148619,,,6.006185547685387,5.614910997919648,,5.700926727628137,,,6.047479196261636,,4.878271497087582,,,5.078445908251855,,,5.160199854672721,5.737682094064492,5.6990136289275615,,5.2471035081246455,5.768777069034606,5.1431576136467605,5.506803987609078,,,,,,,5.602232526404861,4.610557293870538,,5.0310763975416775,4.913769516298454,,,,,,5.798993908809078,5.0941805561558855,,,,,,,,5.315966873006338,4.848077534445065,,6.365170107362918,5.389621953259962
PXD030304-Sample-1918,,,,,,,,,6.009736952117001,,4.9682811928793065,,,,6.144075532997488,6.213616234948973,,,,,4.685841582460134,,5.799079725766991,,4.906216477360328,5.273751834788576,,5.888209518183227,,4.640722283162583,5.0243553711136775,,,,5.316733233102054,,,,5.71231319684652,5.083109237318041,,,5.197853896387861,5.482870137745737,,,4.867491940683208,5.113564862254224,,5.864404212996098,4.691598401577156,,,,6.201253063601819,5.356232955852959,4.972624810225981,,,5.046977236391917,,,5.262857960803522,5.37630279725285,6.097522691977796,,5.369961669821433,6.162269357117328,,,,,5.333718360530188,,,,,4.665669491642727,,,,6.059264529112248,,,5.187856350426899,,5.382262125899848,,,4.866405847744909,,,4.8765245000937965,,,5.399508035153872,,,6.2303811024259375,
PXD030304-Sample-1919,,,,,,,,,5.925933838445962,5.907902237176433,4.892857701680653,5.555587627202883,,,6.1781213275795945,5.984521535700512,,,,,,,5.904811727479644,5.514747221355296,4.8289829166652805,,,5.510293452348804,,4.864978229592373,4.785289161934829,,,,5.269528870296576,4.7329140781412535,,4.680222429837223,5.7499817698313205,5.188848763516585,4.620258246580658,,5.60177810710084,5.4031380529511965,,,,5.328272581563826,5.665669265491824,5.956558301720452,5.401584537720391,,,,5.873944777653417,,4.955045272919183,,5.231821048382663,4.987033968229598,,,5.539364868174031,5.332818782928797,6.184528619120579,5.281416348695716,5.4249356904765245,6.183393095016351,5.450667560955504,,,,5.260721380164836,,,,,4.58336136632676,,5.009298337239525,,5.984952109740456,,,,,5.638623836307695,,,5.394874983699477,,,4.786133896815128,,,5.33368130458836,4.868650578518128,,6.390111463211457,
PXD030304-Sample-192,,,,,,,,,5.890468457017947,5.857740213124032,4.844918540671968,,5.14253382820942,,6.01827175910404,5.610257837417583,,6.402315918373205,,,,6.091662142734938,6.366105005529541,5.784139770844071,4.778508027367639,4.807675851547227,,,,4.8239298918043145,5.603641981423809,,,,,,5.617406324268206,,5.803749612047232,4.963495376824966,,,5.922184918225064,4.880508545895828,,5.301715767721352,,4.968889207776637,5.93325875079633,5.671558853451938,,,,5.4739528873390055,5.826156756722657,5.529873302113724,4.867671026537376,5.44478442145937,,5.254525447448699,,,5.135979360793631,5.40451089942084,5.970783920234223,5.2446364660411104,5.201721695636127,5.7343199299584136,5.399416288922918,5.761197911894888,,5.228442650665299,,4.667742966249439,,,5.557636413922762,4.795089696972709,,,4.836418555318032,5.929419464017457,,5.618556285680597,5.061359847277272,,,,,5.232903770548631,,,4.728354192333171,,,5.309340621184714,4.798467214924491,,6.239198118296164,
PXD030304-Sample-1920,,,,,,,,,6.242027444528102,,,,,,5.90740914785646,5.725878272117654,,4.958392068308467,,,,,6.0299251348103695,,,4.921562443974702,5.28532616277503,5.024276313975867,,4.861438938270863,5.512905436847622,,,5.137248241318729,5.5485624032471526,,,,5.260870266872053,5.008124336489864,,,5.605316398629457,5.624373970739945,,,,5.039524875617269,5.628364105102094,5.670210592365274,,,4.925275294413082,,6.108501840666208,,4.881346531846277,,5.225844968337175,5.341662827845722,4.924814972673194,,5.220012626287872,5.329244761947046,5.96321234326583,5.277005275564911,5.321883742460678,5.493924561114667,,,,5.273884195405144,5.248105339560013,,,,5.620871793014664,4.86243485441628,,,5.186511919299657,5.657420707422961,,,,,5.606737743182128,,,6.036249489748609,,5.085326869201467,,,,5.329183816846688,4.835048730363885,,6.2882358686028015,
PXD030304-Sample-1921,,,,,,,,,5.901713450385662,6.206394997907822,,,,,5.969632582664776,6.27426744091208,,5.6244313229031695,,,4.595815937082122,,6.305806889168136,,,5.739407395205302,,,,4.863925897761728,5.241755270880102,4.907823507788286,,5.159771542139599,5.52781764344406,,,,5.715027104605919,4.696639127859623,,,5.718333169213177,4.916422633095845,5.269170219475543,5.34132744459174,,5.013581595093653,5.9870387825302895,5.816907240816741,,,,,5.730285177358303,,4.910918126839583,,,5.303274905412373,4.921130472145117,,5.189589998128285,5.378867493958042,5.914911383310812,,5.483664273753306,5.4584476451479285,5.618539245312561,,,,,,,4.820053896733587,5.606054800767193,4.6227137756323735,,,,5.977270138402592,,,,,5.329524253119488,,,6.648698608997374,,5.078886212603113,4.77109697407868,,,5.312843180531954,,,6.147769471567322,5.06142248638369
PXD030304-Sample-1922,,,,,,,5.748901240478719,,6.224945800977025,,4.894532228774972,,5.224952948936325,,6.227604792791997,6.279879431843007,,,,,,5.648920521590547,6.025281961643833,,,,,,,4.862152520812166,5.244701831891328,,5.006373306335999,5.426332895431972,5.549723172348096,4.723333918148726,,4.966299357685389,5.4789836688766735,5.41264739521749,,,5.967252017072913,5.629189487372252,,,,5.3399086437008565,5.650431393708381,5.9322689303228655,4.599690650979026,5.458283861932912,,,6.224360189804605,5.573932234998514,4.888412654462708,,5.22843373580827,5.276570980924894,5.227408440722742,,5.475388082193584,5.322529611479768,6.132581567532756,,5.304233533619848,5.777154359637927,,,,,5.556588042369617,,,,,4.570146147136138,,,,5.9750116785742335,,5.0545179430795,5.2906544211923086,,,,,5.692225067752573,,,4.783925655255967,,,5.333089651130401,,,6.529966399691615,
PXD030304-Sample-1923,,,,,,,,,,6.324129105410652,,,5.324047197283935,,5.347777432209438,6.284505458136591,,5.039564906745311,,5.254827832101921,,,6.15089148138863,5.62125018451181,,5.255740187974236,,,5.238474242211695,4.666459553775126,5.536359957993632,,,5.237805406189502,,,5.770606003970771,,5.92494302149483,,,,5.831275699367218,,,,,5.12547468869375,6.031941228106372,5.250280307833772,,5.503789416590711,,,,,4.774618882587687,,,5.416260221121172,5.035724828035374,,5.299463802770009,5.466616296371186,5.884299389781623,,5.623068215019951,5.884651899534835,5.7361048899622125,,,,,,,,5.715595496931358,4.694012458436736,,,,6.078706447482261,,5.172593447343269,,,6.2158308118076135,,,,,,4.9219220480613455,,,5.423190399436264,5.619711132962856,5.918649871620358,5.779798442408241,
PXD030304-Sample-1924,,,,,,,,,,,,,6.1280463142238695,5.060092863047792,5.734037340705569,6.534650495164907,,,,5.677993631104301,,,6.450421312290602,5.608127059674469,5.407729314307567,5.628269770197252,,,,4.677753398430386,5.663768310226252,,5.11231542738445,,,4.843572986461424,,,6.115152689330526,,,,6.052533331367717,,,,,,5.739081185291424,5.461798502396307,,,,5.133134445614025,,,4.646532658067592,,,5.0803611416300765,5.312736700232995,,,,6.068101880801739,,5.728885192198708,5.546070122296589,5.832404510233157,5.577010028274437,,,,,,4.893512819051678,,4.604161995951202,,4.779043828304138,,5.748162349068693,,,,,6.4196847775674994,,,,,,,,,5.41899476011319,,5.911285695997668,,5.5090234833303535
PXD030304-Sample-1925,,,,,,,,,,6.213995913511619,4.901318534463069,,,,5.901728133034638,6.261617450580701,,,,,,,6.420688473574593,,,5.316006723551961,,,,4.578439621248197,5.709226755779392,,5.00599206835205,5.604001933941287,,,,,5.923423499471016,4.700980063212697,,,5.968889945148169,4.914404991833086,,,,,5.955996042170383,5.761077669270281,4.899728136221835,,4.894185269302706,,5.867553875135767,,4.918154247051971,,,,,,5.160549497126817,5.385760925710479,6.113471103595293,,5.342511307242976,5.767622441766449,5.144094733533854,5.51896937439362,,,,4.726192941218702,,,,4.5673145096436105,4.788851038453161,,,5.983120030933214,,,,,5.622049935085888,,,5.086467002068694,5.6021619646284,,4.775385085039079,,,5.325272598049553,,,5.972590168793362,
PXD030304-Sample-1926,,,,,,,,,,6.216626312008485,,,,,5.704966929671289,6.246953643847519,,5.226254611340884,,5.113639982839479,,5.463513396052584,6.532918817004854,,4.835289563128431,5.140052175174486,,,,4.893893878389652,5.675321206362956,,,5.122065026064065,,,,,5.570694183809223,,,,6.022576876408319,4.911833133296273,,,,,5.726392128142577,5.385228511572578,,,,5.518336508202359,5.862253427730712,,4.549887654797809,,,5.031256010340844,,,,5.711671228347937,6.179871120140278,5.2866345726123,5.527596583315606,5.463859847142742,5.139624542063076,,,,,,,,5.608063648220611,4.530299438696654,4.774412173812872,,4.89354832830446,5.975304870691944,,5.363970145645886,5.105162827716328,,6.149011425440747,5.088161123933447,,4.781579073365122,,,4.793597537457913,,,5.359317821425339,,,6.143337338237315,
PXD030304-Sample-1927,,,,,,,,,,5.882689821827308,4.861561766229186,,5.462477487260816,4.953366427950806,5.739558760472695,6.385110548627447,,5.381744890413256,,5.399202569160638,,5.185223341193657,6.311706516313194,,5.519251754188196,4.851587938014895,,,5.109109833470342,4.549008436853881,5.682645124169827,,5.002668198839149,5.4072740766173055,,,,4.6442900288885,5.914157422155777,,,,6.023006308838994,4.942657794470451,,5.313945431808097,,,5.9811103642205445,5.526673320017182,,,4.867103411875261,,5.558102716574932,,4.911378224861632,,,5.14599663056624,4.902875380160508,,,5.485632510480927,6.0454914105506425,5.298537061274074,5.458076351327613,,5.731764760439496,5.500616639141546,,,,,,,,4.823530855927455,,4.68520929235493,,5.952321852204391,,,5.0842475447637945,,6.423426467200736,,,4.757293965757439,,,,,,5.297613225828242,5.214676694981917,6.2818552278741855,5.657264107689344,5.48899650307956
PXD030304-Sample-1928,,,,5.894744332318897,,,,,5.943141452603329,5.885505101461413,,,5.971420727966842,,5.950293922663663,6.001633883493933,,6.034304231439382,,5.573846472832865,,5.222689314393673,6.290349185553518,,5.424893506410853,5.128487605581036,,4.996182983079168,,4.601929578630522,5.53401783689416,,,,5.23752951324691,,5.644939009122405,,6.094825282403854,,,,6.0124577611225405,,5.258499016200812,,,,6.088303375998112,5.574435612429308,,5.717413078494462,4.877076159652401,5.87887789039891,5.849701965202285,,4.89132665511383,,,4.999427416129562,,,5.152938456334238,5.296929708376685,5.25570896641269,,5.534403958974117,5.94082935835415,5.616269701235545,,,5.560679044221911,,,,,,4.8416001745370805,,,,5.649100812128888,,,5.269378579000472,,6.002837959305085,,,5.105441121116133,,,5.079554585688132,,,5.308382827307444,5.113923895998396,6.117669354780632,5.6619217434777065,5.04222761972165
PXD030304-Sample-1929,,,,,,,,,6.212854245597655,5.888869184983383,,,5.982022669576586,,6.284737430825578,6.191004856898271,,6.426449596108762,,,,5.184758142673116,6.26482632656455,,,5.26892867624388,,,,4.542382762201728,4.927555446511321,,,,5.522815616671476,4.715164910937158,,,5.925160466352277,4.6957714449542,,,5.807648667163219,5.198249536974882,,5.357483782171999,,5.036863076693605,5.632389978603067,5.680890724712362,4.587883143991029,5.401083520433999,,,6.2250743585084205,,4.845579042967531,,,,4.907804611046115,,5.316238526142862,,5.977704235800208,,5.226888807633241,5.760573573221779,5.129642880074939,,,,,,,4.804569040605156,5.633540173445851,4.856137277052435,,,,5.949375694249656,,,,,6.267835232456044,,,5.084683928190077,,,4.756973763882645,,,5.28828893035771,,,6.260705015376173,
PXD030304-Sample-193,,,,,,,,,6.337881370346746,5.979972467076941,,,,,5.681165292948808,6.031844462512344,,5.778805387529595,,,,5.252660153210684,5.672065314008954,,,5.576710240470368,,,,,,,,,5.630054299501814,4.799344536404883,,,5.266671913106864,,,,5.489210423630208,5.477810606332946,5.364478867560436,5.439055272440809,,5.426736102961288,5.715060121123059,5.508108102162218,,,,,5.826152738855933,,4.968844253754894,5.256864117831177,,5.081712602847638,,,5.280594953052549,5.370272858211726,6.006509450759172,,5.245844460077303,6.158951467620719,,,,,,,,,5.676405273582383,4.651330292879571,,,,5.742117094806753,,,4.872991002692254,,5.685937630052118,,,4.855482199765178,,,,,,,5.459278312254046,,6.543067379344,
PXD030304-Sample-1930,,,,,,,,,,6.251884217376158,,,,,5.5772933251950505,5.99648641772683,,5.447243382744844,,,,,5.851628132721369,,5.167033376868584,5.786019925865681,,,,4.598842688980095,4.802236077378109,,,5.181355635820484,,4.767249696709742,,,5.761628539188421,5.218021051453919,,,5.855672637932331,5.432102522593639,,5.439491218516027,,5.05142049832781,6.009344170368563,5.683996525867096,,,4.925861560780469,5.062076151127069,6.092949649922437,,4.935449911397755,,,5.375873671846337,,,5.219321147860179,5.66565208848144,6.026738966090834,5.786251268426671,5.579337518077548,6.220411915986323,5.180008147194837,,,,5.285721949467088,4.747724295882035,,,5.6454696662486175,4.616357199392866,4.818837196786602,,,6.0120905941953975,,,4.83222687058617,,6.133199628964692,5.126336500313414,,,,,4.807849372259184,,,5.368319960851414,5.191183629422273,,6.495160712793629,5.10303685924661
PXD030304-Sample-1931,,,,,,,,,,,,,,,6.126229460176178,6.307119977192448,,6.1932745961779325,,,,,6.4453236559181954,,,5.4528763116011945,,,5.190616296825885,4.571723622156796,5.654530562034583,,,,5.243401295505543,,5.661677250467094,,5.811810552246921,,,,5.972349029565461,4.933557225817662,,,,5.032419090488286,,5.820836712519553,,5.467740703819806,,,5.873680078947117,5.276666447613945,4.605012595891904,,,4.988817869316066,,,5.456961363066559,5.370019579906029,6.114142739353504,,5.329786230817069,,5.6314500747305,,,,,,,4.822198142402725,5.650140808186676,4.599586298804166,,4.760622660852364,,5.677192352493431,,,4.799545192894282,,6.359227378444274,,,5.083664226992439,,,4.778918766717622,,,5.312418023592385,4.892751354054446,,6.277056581577746,
PXD030304-Sample-1932,,,,,,,,,,6.2663938968084345,,,,,6.272837107041614,6.255879081888878,,5.585840196022673,5.7202180871043415,,,,6.265855828556925,,,5.507181029826796,,,,4.631454674942581,5.677885396399608,,,,5.595956776544553,,,,5.447507552857573,4.758470220781985,4.647318913452294,,6.023194948782419,5.470581679728261,,,,5.076867976769989,5.763139910127872,5.776569459969627,,5.552973443383086,5.276893048801652,,6.025980662849216,,4.93581228824827,,,5.033121723560382,,,5.242409586096689,5.645284158264212,6.140182875451783,,5.189146155911846,,5.500138063402805,,5.561065349552782,,,4.768397704276725,,,5.676529137799332,4.663570660357642,,,,6.033121917401717,,,,,6.14686002047292,,,4.841519887682029,,,,,,5.360227587691561,,,6.331247258525972,
PXD030304-Sample-1933,,,,,,,,,,6.315249850172515,4.989481830383934,,5.588005252538236,5.055771175712239,5.760731128161541,6.416472819938365,,,,5.514662784546039,,,6.446123924361213,,5.5508550067101545,5.240221053562667,,,5.244668199935305,4.6649192960891,5.568667108049712,,,,5.334254722175619,,,,6.190911397368479,,,,5.697589649358051,,,5.492900579887955,,,6.025411170679172,5.234575417358839,,,,5.131101123624458,5.35577571191868,,4.743494616828437,,,,,,5.239519889170591,,5.2964286174370425,,5.281800466398046,,5.256576464437124,,,,,,,,5.70244895964913,4.674057794189977,4.85917192310254,,,,5.351789823167859,,,,6.462619148911928,5.20988155483983,,,,,4.878452278303792,,,5.429274389788365,,5.957234670628973,,5.1821864970747695
PXD030304-Sample-1934,,,,,,,,,,,4.933142911216817,,5.548240890842408,5.018532520677638,6.0143941159403305,6.208733276845985,,5.754181028625198,,,,5.248484430121061,6.180305978768317,,5.175483475505425,4.900108894010049,,,,5.078840253206664,5.467534211682167,,,5.168150231982247,5.267922470656884,4.780465407249675,,,6.079261940502246,4.742627018979492,4.632486008387758,,5.64271517185335,5.586223042564105,,,,,5.897002456545027,5.744054652449039,,5.938810580040659,5.262677011498882,,5.920699600633323,,4.981402560836012,,,,5.274113820786249,,5.252848191458216,5.426349393382847,6.024908848297251,,5.6406545708690246,6.2286161883926745,5.664229627006632,,,5.618632560943595,,,,,,4.568907410260111,,,,5.725599951689934,5.694119969617139,5.098986139891395,,,6.386641892308373,,,,,,5.149446865316115,,,5.3672752418722975,4.856691706919233,,,5.123684145074243
PXD030304-Sample-1935,,,,,,,,,,6.190021481732451,4.854847611481132,,5.877068032620224,4.930594064151894,6.154750682155837,6.0637515905230375,,6.213995228806235,,,,5.85775461765678,5.993262744478102,,5.1180687778957,5.522570609418437,,,,4.848467451018226,5.2341576619403325,,4.982746571172482,5.409574598825453,,,,,5.366631693803307,,,,5.874356025130694,5.1955595006452775,,,,,5.958178187515117,5.668045262843978,,,,,6.147904119744281,,4.90291327970113,,,,,,5.135691359269917,5.2833698557140965,5.91995332986997,5.29192717649939,5.589941716207695,5.922756797329625,5.415843768097207,,,5.273275184777034,5.234905136704519,,,,,4.814654835286181,,,,5.945892370295446,,,4.780100866238652,,6.202040662335683,,,,,5.369126519942254,4.749794221334443,,,5.299070506972431,5.480642716342142,,6.343537690059968,5.052707927302862
PXD030304-Sample-1936,,,,,,,,,,6.244650857006731,,,,4.983806723983492,5.506408721698795,6.391410860257013,,5.261941120852212,,5.447860312160222,,,6.493153859401043,5.881414403525629,5.184923965079911,,,,,4.906524960041096,5.6575468323814455,,,,,4.779377580066141,,,6.108387891346252,,4.62368370693698,,6.068797230066573,,,5.409452671271763,,,5.658612318501487,5.775662909145993,,,4.939729528470154,,5.774830828650388,,4.955163475174158,,,5.077097228115359,4.959409857562004,,5.216712080256465,5.347950863286979,5.967908388347391,,5.5103713363370215,,5.662921531760994,5.539053576893086,,,5.300450239831577,,,,,4.883614631017132,,,,5.6938761356761365,,5.134446000799739,,,6.502337847101943,5.15111220666448,,4.828582939767499,,,4.834730977747189,,,5.351602762278959,4.880302792275252,6.177257855940571,6.014807946152557,5.118818225385637
PXD030304-Sample-1937,,,,,,,,,,6.280084864483151,,,,,6.112945473445265,6.246363844698497,,5.60288293093502,,,,5.27610814098974,6.342438699551738,,,5.924020623959421,,,,4.620058036354268,5.379485209246356,,,,5.314688465572873,,,,5.7842981053456,,,,5.959297361777466,5.683147223887846,5.343646978240503,,,5.079675934743319,6.039056127662104,5.650091158498024,4.66837710688829,5.474995428806404,,,5.812901815677786,,4.981459195035946,,,5.015577285086899,4.992911156193678,,5.246949603774002,5.419087645356522,6.171516140576501,,5.226602765863171,5.530531227274198,5.516928769280494,,,,,,,,5.67611208993901,4.60439041524862,,,4.950453836828599,5.725373322595564,,,,,6.090037228740527,5.178176156757329,,5.192618878462223,5.684339277484703,,,,,5.384532090895895,,,6.343970001626635,
PXD030304-Sample-1938,,,,,,,,,,,,,,4.930480357495793,5.986185347692773,6.328354745765534,,5.923526098301652,,,,,5.813930258666357,,4.80693221634831,5.598727253243902,,,,4.873722143624131,5.229819378218586,,,5.1075825116175695,5.516266039957725,,,,4.992915521866516,4.680292142685817,,,5.592313626425267,,,,,5.028056314852248,5.615016644422587,5.844914963300044,4.583590988675779,,5.1948876840440175,,5.727218316806578,,4.8944418170127,,,5.032431919235814,4.906119614204686,,5.182401473946955,5.276141537906292,6.090133699367176,5.272248787279824,5.186896708888252,5.949632814486285,,,,,5.234121957319151,,,,5.589560122112061,4.590761081050587,,,,5.9551942121340895,,,,,6.081614005904857,5.097200923097914,,,,,,,,5.319437840104003,5.427993462816175,,6.446181951281536,
PXD030304-Sample-1939,,,,,,,,,,,,,6.118304604338534,5.191690599876588,5.975291633175559,6.217796508814523,,5.534772476389184,,5.546717337313574,,,6.2614853461099855,5.955158595572012,5.275525922305212,5.198497762007152,,,,4.685536971252825,4.896894029337155,,,,5.378272185124388,,,,5.621427598318409,,,5.549143101390253,5.549108500241542,,,,,5.157087218216417,5.766136818235705,5.5193804397887485,,,5.028107958103716,5.159464507040334,6.178767325397555,,5.03978047524147,,,5.129770132844491,,,5.322869817276004,5.438404722835861,5.973166381398854,5.4044255897141085,5.376790999500882,6.0963784903283775,,,,5.709943924355436,,,,,5.734457124812673,4.676372341874854,,,5.04430032949707,5.813915038019505,,,,,6.417396375512817,,,,,,,,,5.448828640390048,,6.263113244278257,5.847753004841284,5.595890629106834
PXD030304-Sample-194,,,,,,,,,,6.19935247822708,4.871420640080933,,,,5.717001241882924,5.646047490715224,,6.490960532097091,,,,6.014702339760746,6.260821228115168,,5.297975269447878,5.890757920109458,,,,,4.929871214490459,,5.027476717825378,5.111856003583645,,,5.647203526678066,,5.247032482462703,4.688125047539106,,,5.579847094716981,5.209030428334575,,,,5.025946174206194,5.92749731701174,5.28166042800429,,5.378948742637038,,5.319272801588149,5.947370645973759,,4.882245458724675,,,5.309137638897734,,,5.172011024636842,5.270061456459892,5.722800588953879,,5.302395585361608,5.9592390251641705,,,,,,,,,5.593396450069369,4.579100260617074,,4.733376823007188,,5.961469524922529,,5.542946867570296,4.85459013774281,,5.90574017692671,5.112343806079535,5.317958165347158,5.069397656771363,,,4.793968152443311,,,5.321086592161352,4.839208475638588,,6.285973915217174,
PXD030304-Sample-1940,,,,,,,,,,6.209567829851331,,5.555603956666182,5.798729058518843,4.978133563503407,6.152847686205439,6.106028738354936,,6.110476626869941,,5.1175442843532535,,,6.33015345831872,,5.325183238541037,5.905367515184695,,,5.128679408130597,5.048671383917689,5.554687869567392,,,,5.238083670044313,,5.975998515425558,,5.727153412855538,5.1870037153125965,,,6.0317453555032685,5.219297393857986,5.760249477875084,,,,5.814552822343778,5.767997917581098,,,4.948296186813306,,6.229821593284928,,4.930978776372372,,5.233911136991726,4.9930899915766505,,,5.18688331668615,5.3050970877704,5.64488876637876,,5.364909212992468,,5.44896563218867,,,5.595865694119848,,,,,,4.844060778487663,,,,5.662396223692519,,,,,6.169780362929071,5.1207526487067465,,4.834762154578472,,,4.823017939832185,,,5.324435922531877,5.298306944980692,6.131104515111689,6.153128554435845,5.4477196143937885
PXD030304-Sample-1941,,,,,,,,,,6.171496300699449,,,,,6.074526120167263,6.30635561608759,,5.196586470178145,,,,,6.055792039944764,5.472545348001289,5.0953098611638605,5.592989930579629,,,5.095173965681771,4.515629989109115,5.515533081761298,4.873146391136154,,5.395326823893862,5.512683596779061,,5.619432355579072,,5.677172245719275,4.966672308543749,4.553043077448788,,5.780345946131308,5.491484893356035,,,,5.020344329101901,5.580687794923288,5.883713425657145,4.604162214327084,,,,6.151181819065203,5.253082318034977,4.525103226899004,,5.2037684917104725,4.995245638716887,4.884839652608719,,5.124924909515791,,6.099205021932069,,5.430019329516784,6.0348016009610514,5.582053770014392,,,5.536375864267859,5.233828040163585,4.680988885127615,,4.780060772451832,5.594619353543819,4.832475158644684,,,,5.619263823103384,,,5.0678468314396135,,6.127445147933448,,,4.752889831554346,,,5.040815907842307,,,5.268195257953693,4.81041066429895,,6.424221072344725,
PXD030304-Sample-1942,,,,,,,,,,5.9604593727214406,,,5.955090577158272,,5.991504291828599,6.099783480693638,,6.035679079463719,,,,,6.152195510890964,5.904564664194893,5.206756156541533,5.606930722464085,,,,4.926538913093711,5.139334023205135,,5.071611516305968,,,4.803653418228597,5.719694770787863,,6.064832281697028,4.757335722485048,,,5.68556566020314,,,,,5.118842743524738,5.710996143953434,5.557547876094014,,5.4506299843624,5.2638236891093655,,5.937800456449687,,5.027545627043327,,,5.388506654730401,4.9998802539254505,,5.257865725672182,5.391356150082007,4.847320268665669,,5.715681418844443,5.843739390930359,5.233457649477642,,,,,,,,,4.606332808014268,,,,,,,,,6.006857894238653,,,,,5.151897275258938,5.154838772973559,,,5.364030898361969,5.622233980308736,6.180906058655061,6.0275007328816645,
PXD030304-Sample-1943,,,,,,,,,,5.921914306445991,,,5.8197949255467964,,6.176930925580302,6.3465561248672175,,5.2586058985701,,,,,6.455024508197666,,5.471714630565854,5.187712255711259,,,,4.898986550989799,5.628442134147114,,5.037076211348368,,,,,4.679381632134597,6.0774363158060005,,,,6.043661555976552,5.540277194944808,5.312257308769506,,,5.027026583113972,5.9869543611751865,5.535437800083184,,,,,,,4.92712523525577,5.21122737967657,,,,,5.172143346662806,5.580352150595414,5.976614416385533,,5.286560760010103,5.781108343758198,5.650784097143979,,,,,,,,5.615853793678588,4.85876938263448,,5.687150261003547,,5.987913921154706,,,5.127288139305264,,6.248444321559477,5.11178688047246,,,5.618970980336936,,4.810326070973268,,,5.345622527697759,5.31896115508644,,5.990929427901346,5.4923011125444825
PXD030304-Sample-1944,,,,,,,,,,6.332501084799128,,,,,5.926840363723324,6.283787810900524,,5.093457246561864,,,,,6.205651305152523,5.632732974006857,,,,,,4.678209780470448,5.444231960344365,,,,5.658348509323876,,,,5.520158403913424,,,,5.540355147212457,5.042307235838807,5.398742361273043,5.499977990107385,,5.140194137901784,6.0407282206343496,5.679150541687439,,,,,,,5.015038329148923,,,5.136258948417425,,,5.372294860852162,5.531880175347565,5.797199977987798,,5.443364311638639,5.590670672596109,,,,,,,,,5.732530105176749,4.685777636172001,,,,,,,,,6.361872216512438,,,4.906816170708062,6.044912418719117,,,,,5.443395128931137,5.411540200070978,,6.108555412483637,5.181936825780068
PXD030304-Sample-1945,,,,,,,,,,6.297934562273836,4.964589029032624,,,,5.991207732110621,6.292664907424638,,5.025133158171074,,,,,6.28339980411596,,4.902014900756484,5.229450970125368,,,,,5.67491393214602,,,,,,,4.743078467804928,5.827198301571839,,,,5.98475329275845,,,,,5.097584849778074,6.016250480194462,5.426498617640142,4.688831864204615,,,5.103917753715907,5.814396652329954,,,,,,,,,,6.170452706878841,,5.4344548807387785,5.8512135260329226,5.522534379407696,,,,,,,,5.685079620963448,4.662763556812029,,4.80759560724254,5.273993017548578,5.762939168434263,,,,,6.034735217645456,,,4.866422910992892,,,,,,,,,6.240469582447434,
PXD030304-Sample-1946,,,,,,,,,5.915053794575355,6.214562680731748,4.892056151070126,,,,6.189167471615,6.069075988732519,,6.076096620022268,,,,,6.245147924603424,,,5.706237807400823,,,,4.858896250496791,5.617624608865841,,,,,,,,5.8922684786079325,4.696551767426569,4.604843314757389,,5.106458720752401,5.237487906532138,,,,5.049845731483545,5.917175491146919,5.782846317094036,,,,,6.175511547775518,5.274452263508957,4.918266967313191,,,,,,5.251788629689732,5.292294120043725,5.929576776898048,,5.214762433374215,6.08260708914404,5.446442190542449,,,5.277017678791943,5.254847948320599,4.716821025970974,,,5.61184778646838,4.555747119816606,4.771002577608464,,,5.971033620853466,,,4.797504656510821,,5.925932092872919,5.093301211237412,,5.297084257697702,5.614393419534544,5.087399744825445,,,,5.319432533294998,5.26530845790802,,6.457277714008468,5.073874768159121
PXD030304-Sample-1947,,,,,,,,,5.942572738424387,5.906309496627147,4.884612886184202,,5.507695454181452,4.960631777938432,5.765705920351637,6.002045006724806,,6.338154687513137,,,,,6.311382732685814,,4.86127651591542,5.105927467089181,,,,4.5680979904158665,5.075241729461995,,5.063092276005158,,,,,,5.607896641094128,,,,5.8288520148389145,5.219651892185899,5.585095371920977,,,5.034714336674105,6.14610652807722,5.400858615741209,,,,,6.320718792744868,,4.912290955983974,,,5.379647671184403,4.928057290853676,,,5.292847279266677,5.61171705424654,,5.164174239001888,6.093650450820392,5.630128486222759,,,5.28794664077021,,,,,5.606797990745973,4.844568326105834,,,4.886723792775101,5.9768115158687065,,,,,,,5.3376479244910175,4.783276925161131,,,4.808982414874147,,,5.3351326080583785,,,6.153479165833295,5.447777004522234
PXD030304-Sample-1948,,,,,,,,,,6.242929244418221,,,6.156554291970407,4.987233897502008,5.585705002364516,6.269320671665863,,6.237222904728913,,5.638529318074725,,,6.34705202599741,5.864082169233572,5.592745081615428,5.149307322586499,,,,4.589211636229993,5.202477984429336,,,,,5.079744034585589,,,5.479280471459801,5.044702539743486,,,6.07421435576784,5.290989828175603,,,,,5.825019239706802,5.660175911712087,,5.954032367650915,,,6.160384731013714,,4.957619307620278,,,5.038514602727319,,,5.222796951811713,5.345960344350247,5.817582189641466,5.379573616503346,5.547178434207573,5.50776094741248,5.4973826446811005,,,,,4.750266056407419,,,,4.569458439482824,,,,,,,,,6.376950565916154,,,4.848006993072352,,,,,5.549489039293508,5.3788311403468585,,6.18100151435946,,5.441039166860336
PXD030304-Sample-1949,,,,,,5.628813876586528,,,,5.874600890368199,,,,,6.097845564541956,6.144624505311299,,4.895142296885797,,,,5.181852619431246,6.006227066852781,,4.796231994778198,5.599024890403122,,,,4.522418372256837,5.282899636503462,,4.981402364463379,,5.518797776062224,4.71275884455185,,,5.533396554011436,4.668051931004201,4.565719550281128,,5.864736420462044,5.499584110732069,,,,5.299262905646324,5.926637749609071,5.826959916604586,,5.365555183427891,,,6.150234860221143,,4.549052192310159,,5.201968848260146,,,,5.4366781949185885,5.245453249803222,5.865297904740752,,5.141902566847494,5.915286954930242,5.426060554790414,,,,5.219365237476247,,,,5.598763576441661,4.554434994812188,,4.682164728114863,,5.628546620753214,,,5.069285450183131,,6.06156198443055,5.059371309556607,,5.058747063741135,5.584650127364407,5.058054581070131,4.744089931172836,,,5.274196874107951,,,6.247516085076423,
PXD030304-Sample-195,,,,,,,,,5.907123498399448,5.893726312821203,,,,,6.062432090140862,6.040930575854121,,5.768323009766543,5.675113960245088,,,6.136043598320466,6.301767396268112,,,6.034835441499379,,,,5.170954638740059,5.466469987632006,4.90458002519151,,,,4.720659473241216,,,5.804750975387096,5.016080318704584,4.596126012579357,,5.901007229252746,4.926985183539416,,,,5.074476118277474,5.941523716587096,5.769843471732501,,,,5.813814673997776,5.743654515749966,,4.687289818545368,,,5.013170699486306,,,5.262693573310226,5.51374448663543,6.1486494806615255,5.292106042627685,5.418662884496921,6.072137278647091,,5.81908319588905,,5.268156937851627,,,,,5.597204524589245,4.581592768183048,,,,5.964955410591807,,5.667296394435431,5.113092195020099,,,5.090926574022803,,,,,4.770224993862812,6.022705735389476,,5.311352625926064,4.825583670040053,,6.374787989756815,
PXD030304-Sample-1950,,,,,,,,,6.285414648174571,,4.903923154665066,,,,6.128756101200732,5.954570543388644,,,,,4.610904288794161,5.4675339095561455,5.812976436192104,,,4.8479471072886895,,,,4.878111406620339,4.94395212417155,,5.022931702139783,5.139456786315669,,,,,5.392548773889816,5.002161537531288,4.590856531805533,5.703906654149979,,5.521862287977876,,,,5.353769493763767,5.964934072312637,5.783417814728947,,,,,6.050309627252608,5.5822635943599215,4.915312263856148,,,5.285066757969154,4.927606776590558,,5.473268828369073,,6.092412697376729,,5.243341450522708,6.181908081795282,,,,5.88970711411722,5.256172015296037,,5.671538253772448,,,4.571268709428384,,,,5.97715930812252,,5.547498032647987,5.410332060204922,,5.608514055518367,,,5.878693142789372,,,4.829770668610304,,,5.367830301715198,,,6.560781652109457,
PXD030304-Sample-1951,,,,,,,,,6.300024196462765,,,,,,5.995146993368057,5.399463300390141,,6.137535769718975,,,,5.731993706612149,6.266443000065813,5.562910592294243,,5.38398023969344,,,,4.60719973994095,,,,,,,,,5.232386208342335,5.056387118984643,,,5.654793591013739,4.976615999721995,,,,5.403356304283475,6.044319067056579,5.567556608154419,,,,,6.340545968094341,,4.971414013282071,,5.286492544014472,5.360396575549723,,,5.318963215936707,5.304547219641484,6.026340307954606,,5.474362485161538,6.234273126181137,,,,5.630294757041298,,4.827755702189511,,,5.666824471045719,4.634504843575511,,,,6.024713990151556,,5.148266512276739,,,5.674501002005813,5.14423192598635,,4.837087163704033,,,,,,5.360262037345204,5.529539415162201,,6.513955649169784,
PXD030304-Sample-1952,,,,,,,,,,6.317465486619028,4.971037637731755,,5.2703700434691845,,5.621348605441559,6.332403581726892,,5.795289510228892,,,,5.316344797413748,6.111192050154092,,5.223711701716315,5.5392503845555,,,,4.638775253120916,4.851771967465635,,,,5.318280811754716,,,,5.427419715853386,,,,5.497174845263809,,,,,,6.037245407999447,5.2143990274438,,,,,,,5.004719668860593,,,5.364652764910211,5.009121927414918,,5.217605695390303,5.3931971471240026,6.158190603345041,,5.199965856867542,,5.228781984839672,,,,,,,,5.688725824779485,4.653631356521569,4.899471565147636,,,6.058859084867098,,5.143351789515045,4.908838614145004,,5.875586212151654,5.205123110595613,,,5.999365698008336,,,,,5.426963123099473,4.928717901785086,5.928718382267722,6.232833834478214,
PXD030304-Sample-1953,,,,,,,,,,,,,6.023807985257292,5.021113963994526,6.091097082659278,6.176548441851802,,6.2070366154729815,,,,,6.072929723138959,5.546509153901676,5.17283013996891,5.491881308262498,,,,4.897011276019106,5.118507611483534,,,5.166319941100265,5.272669549343068,,,,5.235042371711611,4.74256788669592,,,5.756048482942351,5.445017458193166,5.6189229269357925,5.423550463611742,,5.066136551966519,,5.594779600890425,,,4.960655112909915,,6.084213240642539,,4.973558198723797,,,5.06143361507667,,,5.262848865307825,5.341916923420026,6.060702339249081,,5.38304786655446,6.113025706451031,,,,5.316060232523402,,,,,,4.599398695744033,4.797512706983052,,,6.010648235464078,,,,,5.67193284917775,,,4.836752669356974,,5.119166897668379,4.847838940940961,,,5.343808589583955,,6.1619985028331445,6.2007193103413325,5.132581195065418
PXD030304-Sample-1954,,,,,,,,,,6.045685719305222,,,5.641538557401189,5.08171886802063,5.594223416137072,6.366006519137967,,5.66728187980763,,,,,6.503726867251253,5.653962678938719,5.46115169313662,5.483947746639765,,,,4.7011585935017255,5.684974737496043,,,,,,,,5.735904124212673,4.845639816373931,,,5.851490442259894,,5.408293134176213,,,,5.815831625604873,5.349183951010455,,,5.373421347585343,,5.389416105132087,,5.036347201616374,,,,,,5.316695860266043,5.5163477051094,6.06398484575452,,5.278199158122578,5.649546307583303,,,,,,,,,,4.986187602669798,,,,6.103096233392989,,,4.943547739623532,,6.357758515849664,5.53039254153113,,,,,,,,5.453068768918444,4.983227161939111,,6.109914524424655,5.518233808011284
PXD030304-Sample-1955,,,,,,,,,,,4.931907917866902,,5.9396980831777,4.996145331897176,5.4131825805341975,6.185539285987006,,5.885429748319037,,5.161065696824135,,,6.263875424764682,,5.198458456748364,5.375646755321128,,,,4.910983648182384,5.001510389906612,,,,,,,,5.81710687519617,,,,5.772530325025544,4.959185300188738,5.621624853729608,,,5.064977848546361,6.069700421290181,5.6018085570680425,,,,,,,4.970309773130715,,,5.349314724752023,,,5.222184294291486,,5.94480303320009,,5.537064893953534,,5.811889909936882,,,5.320218946700059,,,,4.865706320802374,,4.8815542495220985,,,,6.017967754812201,,,5.162166531776236,,5.682565528210429,,,4.890056741664562,,5.137682515374388,,6.074968235895336,,5.374465792902178,,5.896261579289295,5.717161406108255,
PXD030304-Sample-1956,,,,,,,,,5.9402505143516775,,,,5.483767816075006,4.976816176347887,5.963236773226473,5.987611234125556,,6.073207486532368,,5.417105672178574,,,6.209882340279744,,5.144459659754216,5.170527064506354,,,,4.853249718085531,5.369792381186893,,,,5.239561928408858,,,4.660976154482639,6.103449694862904,,,,5.888010915140243,5.383385674104062,5.273347424372331,,,,5.955977556779508,5.733877378548049,,,,,5.735718296768988,,4.932100550147793,,,5.00704763429621,4.917667673243598,,5.165695369827793,,6.0250051042692085,,5.4435481782664255,5.4700213030600375,5.436678229899306,,,5.265612915732091,,,,,,4.844076962189217,,,5.187226130857051,5.965141078657505,,,4.806601706841568,,6.162713057942151,,,5.109963057740984,,5.079028384787486,4.776944262554133,,,5.323467141810785,4.846773134885326,5.812075959862347,5.669343681546272,5.556506527648288
PXD030304-Sample-1957,,,,,,,,,,,,,5.992928985074875,5.136958398948117,5.937441061763023,6.329145018298805,,5.724718329518592,,5.206092099671944,,,6.234261783135279,,5.417846553946064,5.489870529327412,,,,5.12870481964229,5.465851316555254,,,5.232096978224263,,,,,5.274583077372519,4.790551802985946,,,5.68662771658781,5.494413484570412,,,,5.109314444729455,6.054266717643599,5.578879659596263,,,,,,,5.06771616706284,,,5.080895822901185,,,5.269777957702739,,6.168329965068389,,5.387935788715932,5.566017480651755,5.538827042900079,,,5.3746948787607325,,,,4.932245584256091,,4.924101978325652,,5.854567614477491,,6.071898328960129,,,,,5.408725672953962,5.181617108557796,,,,5.483973023145049,4.876534272636949,,,5.420527055590843,4.931184490912132,6.390150067297922,5.795680370710836,5.8063806144694965
PXD030304-Sample-1958,,,,,,,,,5.977726081769376,,,,6.150464832516457,,5.737920532168519,6.0490322351831,,6.447007216615913,,,,5.528933836144484,6.230807096346061,,5.341075556638431,5.965445305985538,,,5.163338390128019,4.882527528167277,4.971288463445542,,,,5.265709855110808,,,,5.946882985557864,,,,5.745074129782146,,5.320195275981162,5.381185129130932,,5.037217046199297,5.672271596710463,5.664680114906315,,,5.268031956770783,5.539251215492124,6.249168088096318,5.613069708851651,4.925033495093994,,,5.351462300135619,5.259715533881682,,,5.347256449757085,6.069339107355976,,5.1660584810865,5.500001062759825,5.471741994635467,,,,,,,,,4.595284065647995,,,4.904879518436985,5.681485190459818,,,4.8373634702471024,,6.344664829710778,,,,,,,6.050271535566164,,5.638339807570426,5.392064035202397,5.845652179665379,5.994809884611112,5.0901672821725645
PXD030304-Sample-1959,,,,,,,5.769728086549356,,6.340636540278696,,,,,,5.901422907300949,5.848518025429896,,,5.688604466389219,,,,6.151224349159307,,,6.016258278639135,,,,,5.335940015543169,4.9338341125841945,,,,,,,5.344368029115204,4.714837365376637,4.604853976950081,,5.447586341816527,5.6429868721029095,,,4.829348266800881,5.3575147794987865,6.010302207730291,5.799371460927552,,,,,6.140528697482276,,4.972214604980274,,,5.029814117006974,,,5.236774170214381,5.325866688237233,6.027950576093042,,5.276217237193652,6.195231718056923,,,,6.029615010701128,5.280449386111276,,,,5.6251004167293885,4.578357472710241,4.772057458971261,,,5.67490963958665,,5.073387594186738,5.313844720230383,,,,,5.13313113662821,,,5.110255541064364,6.045912241190274,,5.346313530824875,4.8523656807029605,,6.5502568671106935,
PXD030304-Sample-196,,,,,,,,,,,,,,,6.071765453434985,6.238107625026423,,5.677067204819283,,5.157899372477138,,5.70373842050892,6.50166200585471,5.887468841121411,,5.507284136084618,,,,,5.483266913292221,,5.380876769136185,,,,,,5.316034123711849,,,,5.769028990090727,4.966920380100782,,5.405916345672931,,,5.70346182753789,5.667435560394448,,,,,5.604308876320712,,5.000220478095939,,,5.0501561805234845,,,5.238278022389953,5.433629544225245,6.246910951404666,,5.517748170981244,5.821641836861806,5.68575902970261,5.870530596640936,,5.325083385692947,,,,,5.6743595685047445,,,,,6.029476582572652,,5.419424429210714,4.878020459388137,,5.857466956518253,,,5.144722900342104,,,5.151958700675993,,,5.384287141759415,,,,
PXD030304-Sample-1960,,,,,,,,,,6.261549855909356,4.944283584195146,,5.716659602194,,5.512756713909468,6.194249367869336,,5.454450077876094,,,,,6.413980479534326,5.565266893629336,5.610380290811768,,,,,,5.216753593802305,4.957231431473649,5.079007438892374,5.481075611614138,5.304051583967191,,,,5.801217621096957,,,,6.030284676728881,,5.321507552208498,,,,6.043710920528608,5.741712672001292,,5.457760761810767,,,5.801728117549746,,,,,5.147109462265376,,,,5.369843564784377,6.120611451178347,,5.227960129672318,5.811135041396859,5.486564223599372,5.861766245422371,,5.793916469931761,,,,,5.656860244058403,4.886608969957363,,,4.92470304440972,,,,5.151762217963054,,6.175391072963897,,,,,5.144935499241754,,,,,,5.858496046635838,5.718900008138872,5.127795468766022
PXD030304-Sample-1961,,,,,,,,,,,,,5.599557483952573,5.054184623466302,5.9677332191591255,5.862127912203172,,6.305106387882471,,5.1995745896676775,,,5.910304118293576,5.596059227609689,5.412312569658405,5.710115003828425,,,,,5.260807400824909,,,,5.316166716856304,,,,6.01292564685586,,4.688037522228267,,5.6803560838788245,5.309847054270401,6.496515845897688,,,5.112167943872574,6.045988659114765,5.756397986521677,4.694566283278927,,,,5.966464542222051,,5.00200970788413,,,,,,5.300310232611142,,5.8150471468002864,,5.340933709326326,5.580485026539298,,,,5.376666693226067,,,,5.387628068614914,5.690792195176575,4.645219535336252,,,5.2904854781265565,6.056969907283296,,5.162569978889468,5.189418124710263,,6.199908832162349,,,,,,,,,5.709592023451094,5.369621640437131,5.90479381029848,6.069004599177836,5.48207212884093
PXD030304-Sample-1962,,,,,,,,,,,,,,,5.547509870010351,6.325076207750846,,5.419501863980653,,5.127805693474284,,,6.392771376553398,,5.325687601914933,5.16667352257498,,,,4.87941648210832,5.599592093080862,,5.025632676317824,,5.237127973244348,,,,5.8402487129673855,,,5.40867311323368,5.825852397988863,5.406598828400727,5.284555495514814,,,,5.976760972289144,5.72909770636878,,,,,5.876875647790612,,4.925521757812007,,,4.995639306540166,,,5.20721025610066,5.367766034323024,5.866969231337727,,5.410312371343319,,5.638604802835388,,,,,,,,5.632510321445358,4.57828987670817,4.767217303875214,,,5.700065290730733,,5.373415378864842,5.123185494237245,,6.430000645696223,5.119587562292456,,5.115946342177835,5.615079661994262,5.096220420064662,4.783872565983478,6.040429894519877,,5.325899453545165,4.849012650279632,,6.162191078330514,
PXD030304-Sample-1963,,,,,,,,,,6.031414909179575,,,5.629550433639432,5.087530020747309,5.58781152438084,6.167809494348164,,5.552689957403339,,,,,6.549532772946852,,5.46481985508294,,,,,5.0063330956479,5.835855746003269,,,5.259261569738685,,,,,5.579642397222332,,,,5.9518261888023165,,,,,5.1431877267619335,5.880848678669686,5.603763329707876,,,,,,,5.023857032408848,,,,,,,5.474082893128537,6.008852921535244,,5.459033267348538,,5.77081513390713,,,,,4.859354828032352,,,5.729862367378138,4.966045046110138,,,,6.102924730256667,,,,,5.458644406108436,,,4.961919024859297,,,4.901997665765927,,,5.503746358549034,4.97190195828226,5.967180690117496,,5.209888907143487
PXD030304-Sample-1964,,,,,,,,,,,4.892915700540628,,5.993261027564024,,6.158748104861952,6.163528827329952,,6.016369322810114,,5.414955865837611,,5.21741218479745,5.830179020001207,5.839604656861493,5.134034549840356,5.764654455649929,,,,4.567644562894047,5.254788542504619,,,,5.55954208019236,4.765738471367616,6.144848434483287,,5.928178326029246,5.187591511496222,,5.4138053821700405,5.425059238450697,5.236070429945322,,,,5.040326022721318,6.133220726117044,5.809598315827425,,,5.215930782943922,,6.29226844623271,5.302900385752128,4.605762816214297,,,5.292665578625785,,,5.192509565788399,,6.098553700613605,,5.307620226468527,6.081830378084971,,,,5.280679857361792,,,,,,4.865456990971548,,,,5.665914417268551,5.255835969993351,,,,6.0305224566479225,,,,,5.085253708348254,5.089804028174011,,5.512453565527798,5.315204499474029,,6.12021888189374,5.97255885823385,5.066452293125659
PXD030304-Sample-1965,,,,,,,,,,5.992551069265664,,,6.147126167476218,5.086947650741744,5.699710632153687,6.144227566209643,,6.233384021181533,,5.509854357227126,,,6.068778944547866,,5.24527710932611,5.253416051212994,,,,4.9510017699734,5.64246945424971,,,5.223888315576745,,4.8135658503669605,,,5.533300701866454,4.785057974004536,,,5.818793868844244,5.005934181022084,,,,5.115710381503071,6.164553075885788,5.571448932394159,,,5.31458036074159,,5.662823863762588,,5.03188873352313,,,5.375309737819321,5.01103151119553,,5.272718944563899,5.334836661892751,6.169691697548254,,5.550767784167046,,,,,,,,,5.2301938296567885,5.694852690483232,4.935600271485695,,,4.971688173991177,6.055808066184735,,,,,6.200866743336887,,,4.8904411715765175,,,4.88878490180029,6.123067054141563,,5.412513635140318,5.528276786941124,5.980470421944717,6.547403191458569,5.760090193921827
PXD030304-Sample-1966,,,,,,,,,,,,,6.072335267028241,4.991818895250169,5.547900687814105,6.213572082010824,,6.474389060967543,,5.123060834248603,,,6.214177813754553,,4.84031834974151,5.232904611073301,,,,,5.081428392134001,,5.030001265431359,,5.249727445133775,,,,5.458686621561828,5.217473320123813,,,5.911124716941117,4.927548108185406,5.2958825748360825,,,,6.121049047612717,5.732253526335985,,5.900282271078762,4.905231755688703,,6.130174944888937,,4.921090513695957,,,5.050579476709025,,,5.189681432180789,5.3422569905239765,5.908770965809628,5.285099262279282,5.274490913145882,,,,,,,,,5.148049785301048,,4.872155777027419,,,,5.999959886751517,,,,,6.115658769114992,,,,5.918655222469042,,4.798004637698591,,,5.327169376066376,5.131536664497528,6.13150814810135,,5.146244372701403
PXD030304-Sample-1967,,,,5.934001434351409,,,,,5.961502866674289,,4.932489097981702,,,,6.076945154220581,5.594551279275004,,4.9622459604923055,,,,6.112362998109073,5.753788578874174,,,5.794476065884372,,5.066256935514053,,,4.805975508408608,,,5.165800389048623,5.304201953355485,4.756431292025773,,,4.987941818840248,5.033156020211623,,5.746046542807129,5.752727093933241,5.429173842976096,,,,5.048897003927463,6.145785043121196,5.731022334672802,4.63968187233837,,,,5.903779389052722,5.305313454293894,4.940728854311444,,,5.022307066155002,4.955680740095736,,5.242353176381398,5.313378938599495,5.974956364332552,,5.407204744959614,6.284715685981981,,,,5.7875404524458816,5.3032857709709695,,,,5.643914785812751,4.569415204545534,,,4.915051417972636,5.714865398250677,,5.7064560524100205,4.847757995554381,,,,,,,,4.820529233920332,,,5.346171102308152,,,6.574077373059298,
PXD030304-Sample-1968,,,,,,,,,,,,,,,6.072486362141005,6.379614355579903,,6.037019010193183,5.705813192236927,,4.627273251244058,5.5275194472293325,6.094710588786179,,,5.208515890372901,,,,5.022667049596529,5.088991965266401,,,,5.580380232373446,4.76188706787256,5.702157881353882,,5.203300300649465,5.206076427114943,4.606313658697744,,5.734035789089026,5.808985516341805,,,,5.36361561938786,5.647402907162732,5.872387221749248,5.652774761630718,,,,6.386060596845239,5.307607007515895,4.913743424120031,,,5.01061569278523,4.944473374703468,,5.2328493157237865,5.608676613058482,6.105849680879947,,5.237829654118354,5.506411834831757,,,,,,,,,,4.606075047636219,,,,5.986254084801736,,,,,5.810320090372324,,,6.300449037157133,,5.093750060809689,,,,5.330333824680295,5.223838465608507,,6.304879291800418,5.078233719731599
PXD030304-Sample-1969,,,,,,,,,6.299985338411215,,4.926307588104603,,,,6.240764141368009,4.934295321725769,,,6.03204672860169,,,5.193335111027102,5.92194005188754,,,5.340528044045233,,,,4.882699091423586,5.19486662661027,4.957464072971844,,,5.2894763569055865,,,4.99822036441399,5.716935586669592,5.211267932945975,,5.428834244953206,5.136578298622653,5.654946268952853,,,,5.070423082708118,5.702459774194875,5.86705333408922,4.9359288727189226,,,,5.608500205953929,,4.936317499811771,,5.256593161012267,5.317788350124136,,,5.237353055384109,5.302153362585449,6.143887798577602,5.307931812793221,5.255381957999636,6.10686958925108,,5.538276771905719,,,5.279349283612028,,,,,4.595922026529067,,,5.218056860744502,5.687785100428481,,,4.82777658586716,,5.8209869510670895,5.120656061099582,,5.602597226248966,,,4.804016762487084,,,5.335282312651109,,,6.310109611506002,
PXD030304-Sample-197,,,,,,,,,5.902349191034426,,4.875035327337338,,,,5.980407613824232,5.6991574628721136,,6.176912675789378,,,,5.9315147110382,6.193308190539033,,4.8086528800794905,5.883960728350974,,5.02068239606883,,,5.351115348316766,,,,5.2108508934552455,,5.640674855419324,,5.723441083411692,4.983267559415269,,,5.583140687550532,5.606316395890347,,,4.77860260846233,5.014028182110244,6.096647505124579,5.7695034104609695,,,,5.00755674253993,5.946869505075861,5.280025788682507,4.88715225062219,5.9687876379661375,5.206906782859453,4.947411015615835,4.905045481942192,,5.278427218639546,,5.928912497305027,,5.422697334088627,5.9337915846879135,,,,5.55720502766611,,,,,5.591071383912545,4.55119283723073,,,,5.957297403392381,,5.515832538895438,5.262987364469297,,5.302359429327995,,,,,,4.773829098047612,,,5.3286784755801335,5.616667356676052,,6.376477324607757,
PXD030304-Sample-1970,,,,,,,,,,5.915638034790201,4.890753186812695,,6.0530057442765415,4.964797557760809,6.049637731205317,5.920526234666338,,6.220940943367072,,,,,6.088919794838622,,,5.7661101049566605,,,,4.563455516678839,,,,,,4.715070692086835,,,5.766249356510799,4.706277184672858,,,5.830319111368008,5.230359108535211,,,,5.0259943475381945,5.993918866859965,5.556037946216276,,,4.893100441792413,,6.11558653791433,,4.911953990517448,5.242080441425644,,5.3336175458805375,4.942119093552505,,5.199279811017939,5.303193622527996,5.84013517139197,,5.41569226261147,5.482135732045935,5.445229497103835,,,,,4.711751050516969,,,5.909306866319283,4.561924108365018,,,4.906776037540507,5.658522975527455,,,,,6.104534496941279,5.091660019451039,,,,,,,,5.313785081149281,5.484466370589161,,5.687414896242165,5.115297168555511
PXD030304-Sample-1971,,,,,,,,,5.910091540119123,,,,5.947397801460908,,5.993191627263728,6.108575849350538,,6.4975536176986886,,5.072163818918935,,,6.24960401450037,,,5.8274435063213925,,,,4.52635794005201,4.738783039622213,4.889741785924434,,,,,5.621778371284994,,5.529819304793887,5.270998383494553,,,5.565261775720817,5.184303842797748,5.240645438911134,,,,5.932307891468243,5.792800895084333,,,4.871151355610767,,6.250444151910369,,4.87116505465521,5.18430051815476,,,,,5.43208092085164,,5.925441560034579,,5.200389698199644,5.738700935334053,5.596420808842439,,,,5.221047847965682,4.673709243137517,,,5.564495170281653,4.819153394038019,,,,5.620342061400988,,,4.788516358804094,,6.122573201485152,,,,,5.037256119671177,,,,,4.803778093718002,,5.644296613768133,5.337777944750816
PXD030304-Sample-1972,,,,,,,,,6.376356514254865,,,,,,6.022668203519944,5.191344656687438,,6.067197006382065,,,,5.805779954464097,6.142361412216639,,4.865177292756474,5.966857053866951,,,,4.887226224774569,4.970360936975413,,5.043510116467291,5.1447106425766425,5.258775408181562,,,,5.952379638600216,5.217438229227969,,,5.730906630898438,5.789623935679819,,,,5.103045313819799,6.088502146593568,5.766779622413409,,,,,6.071924321123964,,4.91543473183575,,5.262530979893587,5.330055602894363,,,5.221356354069979,5.29954757515949,6.081516209394314,,5.219836125277719,6.2836666099609175,,,,,,,,,5.639137008468916,4.565389692683496,,,,5.98817907380726,5.271169743398177,5.077018993838833,5.130264336859727,,5.950480617469994,,,4.801575008816345,,,4.880127729219131,,,5.342140763308151,5.563845434460546,,6.551255853664747,
PXD030304-Sample-1973,,,,,,,,,5.979269724808075,5.970681329305762,,,5.868217503206073,,6.075833664474394,5.993942145125291,,6.262460867642718,,,,,6.097154994113812,5.903059609513172,5.213010552568179,5.796150961749807,,,,4.930799116792762,5.382804776725893,,,,5.618026431758573,,6.038112574648636,,5.868291004280297,,,,,5.785559419782542,,5.433312835344754,,5.404220791391789,5.679225567865066,5.509614305384577,,5.490742937411433,,,6.122139506431425,,4.662059649927543,,5.295804245842627,,,,5.327317042130455,5.639882624811176,5.517572474226033,,5.372152110251902,5.855529583566513,5.518566760526609,,,5.644370988831107,,,,,5.691250693010141,4.623248308625103,,,,6.039846392647606,,5.13515752351479,,,6.085345394632092,5.167848194222096,,4.85167341938134,,,4.84497797644862,,,5.383776229632728,4.899529854531504,,6.044708157563055,
PXD030304-Sample-1974,,,,,,5.666280906386034,,,,6.268052330095873,4.895530595182757,,6.063779874042947,,5.362453431178422,6.516863161817189,,5.888794751314888,,,,5.190896547353394,6.368831352455563,,4.840557169661248,5.204900247907663,,,,4.895599433394626,5.25646360626114,,,5.6306619010200265,5.229469896081831,,,,6.050483502694699,,4.58997204127484,,6.037232291818369,,,,,5.031868634304734,6.011115320703988,5.130437893796087,,5.392403487015021,,,5.867876327106665,,4.964391409235951,,,5.152074687849163,4.9267706240586975,,,6.065540365785385,5.868673908588541,5.330254848795414,5.500432830060435,,5.455263362627797,5.522356109459541,5.204893052290415,,,,,,,4.59265204376044,5.287894410791829,,,,,5.376360302470453,5.112806276068504,,6.384504350835169,,,,,,,6.040806227893995,,5.347884367692115,,6.31591986084076,6.153149871616826,5.076072296796787
PXD030304-Sample-1975,,,,,,,,,,,,5.871154595044198,5.700799737781861,,5.997311180577371,5.855528280388535,,5.9945141311129815,,5.444533457138788,,,6.1632669302445775,,5.169270814496352,5.580951056310762,,,,4.87025449973923,5.199186789938556,,,,5.24870696384931,,,,5.944480662201671,4.714002698520513,,,5.750094274913476,4.944056688730084,5.775693769199152,,,,6.121881316799851,5.642065313849623,,,5.22814605191337,,5.5840775330948285,,4.936162630853877,,,5.004920896115577,5.246977649687084,,5.238426203816245,5.31762270117126,5.792566048679826,,5.397114439724824,5.496923477099704,5.651248129139784,5.537533751986015,,5.315649126213241,5.279083444629017,,,,,4.566412689069063,,,,5.995420300285625,,,4.823913571516679,,6.141899100499852,,,,5.617278834857692,,,,,5.350544865151565,,6.160766516268406,5.679904626331421,5.416497149175134
PXD030304-Sample-1976,,,,,,,,,,5.954239959414148,,,5.530115723533622,,5.985375807568147,6.150740298246944,,6.153324755702467,,,,5.204845830318274,6.071961298100398,5.860765619376016,,5.410967406511884,,,,4.902250000008346,,,,,5.276988824838626,,,,5.484687957411039,4.744995325926941,,,5.7641554267764725,,,,,5.376647730044304,5.668555922222408,5.656079633238534,,,,5.087363489598417,5.915202854714576,,4.938872024134007,,,5.023699534568325,,,5.241553703352938,5.620709942364143,5.835747398366635,,5.439824567241896,6.116413141691867,5.185844812001357,,,,,4.799356566678917,5.740662957083246,,5.653323484137527,4.6227475105286775,,,,6.010538098004785,,,,,6.054229115002036,,,4.826637504773567,5.653456017974455,,,,,5.351426112073684,4.874631332437596,5.865653917869865,6.430845857565614,
PXD030304-Sample-1977,,,,,,,,,,,,,5.296173369384019,,5.985488903158674,6.246240610208045,,,,,,,5.851760514693578,,,,,5.113598583957891,,5.013785630784158,5.349358153464144,,,5.226232842329114,5.3390302603539705,5.139446650651575,,,5.358142994651451,5.413903672406177,4.696069046044651,5.534483407499328,5.697321913898734,5.623298550583527,,,,5.157299819238238,5.828485208569896,5.804099186735449,,,,,5.990544427454598,,,,5.330826059662223,5.056761510728174,,,5.561725130059775,5.4976396283937445,5.947002565781776,,5.5113979438500325,,5.243612333594201,,,,,,,,,4.692239132119198,,,4.986948333910592,5.812614149337054,,,,,6.119501676335931,,,6.385922245452584,,,,,,5.404187479688655,4.906825049288607,,6.070860997020529,
PXD030304-Sample-1978,,,,,,,,,,6.20745001612379,4.8882970860283415,,,,5.941510704715631,6.011938000398784,,4.9395374797235805,,5.10614916847501,,5.21709827029606,5.968612890632152,,,5.765692769158188,,,,4.557931441761419,5.58355168109328,,,5.423838265524595,5.224823618596123,,,,5.870690663285053,,,,6.024852899839596,,,,,5.0136918217396005,6.13374049970961,5.677517034568613,,,,,5.970332665460508,,4.898515871828463,,,5.303189487504911,4.920294667542324,,5.179496312029964,5.377115800330761,6.031147496168876,5.279875025085363,5.482572135529763,,5.617762514308312,,,5.573704692740385,,4.72394440547213,,,5.606147209820897,4.849303013359986,,,4.891032704671835,5.975091199359534,,,,,6.322778558275061,,,5.119288120840675,,,,,,5.309853359473855,5.290572150916822,,5.966882516818801,
PXD030304-Sample-1979,,,,,,,,,,6.174402292614379,,,5.635651617678417,4.917909499848528,6.041311774025536,6.101613554839991,,5.979424820693591,,,,,6.040528412322519,,5.112769346001603,5.566414597810836,,,,4.547819105711736,5.132412537340789,,,,5.196928285607424,4.702423463109347,,,5.628994452938795,,,,5.691535096672741,5.368039387584966,5.239318952506304,,,5.010164589956191,5.960556971583725,5.6646811797008825,,,,,6.018686935717649,,4.877503773870295,5.191428753938642,5.1939793261615845,4.950094853448892,4.890678047707368,,5.144461677945158,5.251888068664541,5.881595711335615,,5.461382482437823,5.454051133213208,5.429787873591852,,,,,,,,5.57284593165385,4.556062362080303,,,,,,5.025818796943857,4.77511071542899,,5.749257496392692,,,4.753746486927732,,,,,,5.27866193907422,4.846757697813675,,6.24965463432818,5.392305823372042
PXD030304-Sample-198,,,,,,,,,,,4.860596228698755,,,,6.088928156798015,5.554930627859288,,6.101697844440281,,,,5.932072801522797,6.303545776707565,5.790477952158489,,5.5173993017445655,,,,4.545799084439643,5.477251283985513,4.879932557230348,4.979511482687461,,5.501617439417917,4.703522355882107,,,5.685473919384295,4.668834090914161,,,5.931888443384501,,,,,,5.90533207429511,5.952536019948469,,,,5.909683810188596,6.13219549984486,,4.609937219771503,5.453289638755235,5.193278050035855,4.961620498812504,5.191835034465504,,5.131528077631943,5.273847585639672,6.143115465579229,,5.442279706518512,6.283035237608299,5.108262255710221,5.776936155744144,,,5.520578271741613,,,,5.567470649852075,4.523047096013472,,,,5.943051046817085,,5.73097871239519,5.386285025146044,,,,,4.746200050345499,,,4.742510643727705,,,5.289657707619765,,,6.419373577294411,
PXD030304-Sample-1980,,,,,,,,,,6.32125824825976,,,,,5.709033554152381,6.155713581813494,,5.02509888126106,,,,,6.130473713978168,,,5.727611966493686,,5.152121729555773,,,5.048740540425279,,,5.225501682202863,5.368281070895965,,,,5.182533887555302,4.798286885144212,,,5.529662259411863,,,,,5.45232908147591,6.05138831239014,5.246268086001772,,,,,6.215840193024201,,4.975554468667662,,,5.101954024356997,,,5.5828589786182405,5.396846719924049,5.851766276703555,,5.180564453356656,5.9040504330548815,,,,,,,,,6.011598352180076,4.658046840153076,,,,6.089175150251945,,,,,,,,,,,,,,,4.920717737882916,,6.378602179773886,
PXD030304-Sample-1981,,,,,,,,,,6.28731017038697,,,,,6.0232657213286505,6.096221916065423,,6.364682798719735,,,4.684187781030126,5.262804101914806,5.803281315230479,,,6.029222780679696,,,,,4.8486380564462594,,,,,,,,5.476230466302973,,,,5.2063212102876895,5.311804238945446,5.356828846643795,,,5.419924467365818,5.714750678049654,5.670800059259527,,5.8062438508425736,5.293030888701379,,6.132313860260785,,4.988426734680499,,,5.058672049822688,5.020208711188541,,5.290011682092291,5.360516820200212,6.017077932211837,,5.41930825308182,5.88092733752393,5.533753834823046,,5.292616388314183,,,,,,5.6877618665886684,4.636493596216694,,,,6.06405276245669,,,,,6.00099721593541,,,5.377352769102758,,,,,,5.403875420219992,4.910684866403503,,6.461554219776504,
PXD030304-Sample-1982,,,,,,,,,6.248169535819649,,,,,4.964055967701847,5.562432933780362,5.798897440133274,,,,,,,6.267723030977013,,,4.868405816155055,,,,4.629745155093726,5.528641422738335,,5.343417025973741,,5.555902212990172,,,,5.723439295092491,4.717131590838048,4.614458648398841,,5.743962497181306,5.646485361974412,5.307532614409696,,,5.069272404964512,6.030481567338536,5.845426605302973,,5.448845293949917,,,5.993867090909892,,4.928989061780705,5.245058695002387,,5.329574574014733,,,5.209060080822351,,6.113823790651814,,5.6307165222264,5.485058690068668,,5.5239466165341735,,5.290778398468664,,,,,5.624968510755285,4.58991198575254,,,4.912168229800211,5.688798729974151,,,,,6.1237602371136255,5.10659444014897,,4.8249852635897215,,,4.795764567956638,,,5.330491546112932,5.476805816434558,,,5.07304762437999
PXD030304-Sample-1983,,,,5.978098826758392,,,,,,,4.975574559124528,,,,5.73225051186219,5.719927221358972,,,,,,5.231884718044708,6.356646594214945,,5.402567802055692,5.626727962343002,,,,4.629023163657737,5.019137745582692,,,,,,,,5.6359488718000055,,,,5.889323336345504,,,,,5.389828766170474,5.73253959986942,5.408279927403817,,,,5.813438469939593,,,4.989348285051291,,,5.059234161165997,4.997566389785708,5.451295700680866,5.260821371254176,5.3961173301122,5.767172544907211,,5.414286008692505,,5.7009729127244295,,,,5.322756789481091,,,,,4.907344232916215,,,4.96332384472276,6.037008933781815,,5.621580478616475,4.882921538561966,,5.869703768400969,,,4.87469190861437,,,4.846855519777691,,,5.414056233509477,5.6125903901271545,,6.218866249600538,
PXD030304-Sample-1984,,,,,,5.698874134872488,,,5.931323206546434,,4.909111835201859,,,,6.216993793370744,5.577997559011999,,,,,,5.213002505682336,5.606996674962055,,4.8415545608605095,4.858457404521524,,5.340962368378212,,4.876082889322224,5.38986005251514,,5.034235563646063,,5.291007493608812,,,4.990905530880476,5.648029645729267,5.202047016101851,,5.437933670592674,5.833498671184396,5.236615868765327,,,,5.042668278784878,5.999729401511382,5.9531676415069565,5.638504211421379,5.447394249084076,,5.05716880938092,6.203918901720902,,4.596383794183449,,5.545756969150007,5.28591266058932,,,5.207100517982776,5.616115082771099,6.1848819763151415,,5.275850493582333,5.479759611191236,5.172302136601557,,,,5.267292759267428,,,,,4.619129749550697,,,,5.99539390792378,,,5.299133908851958,,5.324955995117497,,,6.043252216467388,,,4.799579984496591,,,5.324318123777466,,,6.3866782900045145,
PXD030304-Sample-1985,,,,,,,,,,6.266097912434747,,,5.2414073293740975,,5.295055011444154,6.04495578975336,,6.201940787950916,,5.165935874316855,,,6.332896530284199,,5.203847108976347,5.7349255590188255,,,,4.614068023562351,4.8249913512022085,,,,,,,,5.747356822868294,,,,5.654959035219813,5.77629163918598,,5.387983877116288,,5.080072638816913,5.699003360909836,5.454184683718893,,,,,6.020924248085098,,4.955746078267363,,,5.383178233586839,,,5.237939884072854,5.37314066620999,5.779474116574092,,5.441000364120007,5.828420350372169,5.199758695846766,,,,,,,,5.660258772723096,4.632055261829003,,,,5.716143928409114,,,,,6.2826646659099215,,,4.838120261270716,,,4.842274314233634,,,5.368153566404691,,,6.521724501572262,
PXD030304-Sample-1986,,,,,,5.576986456893351,,,,6.134312219681217,4.809235882400211,,5.10060285103703,,5.818129306770183,6.154885399348806,,6.079866263968356,,,,5.105347915589919,6.27185671866852,,5.048199188795473,5.728340401909726,,,,4.471436133154704,5.502196311136881,,,5.5199756614340485,,4.654382255039216,,,5.299261837336453,4.919464119640413,,,5.941426690604764,5.612419953613931,5.186518761124634,,,4.959189986483344,6.0207007354662405,5.661706678902851,,,,,6.031375464073177,5.187690859715309,4.546752960039382,,,5.204346301138742,4.836474056590276,,5.078603477176979,,5.916901808205774,,5.5787569757029125,5.986503546905026,5.369738614840457,,,5.213864664383866,,,,,5.52533443250082,4.518084535495277,,4.609921719941139,,5.571112069137592,,,4.720611586789714,,6.183686406228229,,,4.724671076505361,,,5.023639640566991,,,5.227915756311169,,,6.366332272688657,
PXD030304-Sample-1987,,,,,,,,,,6.189634930882392,,,6.037896195711019,4.927886100741747,6.019820626136186,6.255805042795638,,6.197080955611633,,5.08210074009013,,,6.339044573770959,,5.12277140588944,5.350931076338882,,,,4.539002097606197,5.29299080593454,,,,,4.707931679544821,,,5.721220535543777,,,,5.792042724444546,4.91031727822701,5.250570031434683,,4.757703344809541,5.003407322521022,5.954373051073001,5.64703439362496,,5.695159409352455,,,6.257612190482834,,4.876067398389241,,,5.03876365922431,4.90084882332663,,5.170023807449717,5.290523708210497,5.984098481519759,,5.1081429258601965,6.232073840661608,,,,,,,,,5.582520438364176,4.839486645220922,,4.700005021378925,,5.954585686992136,,,,,6.435501391592961,5.085109604727587,,,,5.062736328475838,,6.340123143741597,,5.277617309953776,4.823359077996142,6.117149712891083,6.352432076567265,5.094525831841428
PXD030304-Sample-1988,,,,,,,,,6.270892171669793,,,,6.030854382266739,5.074258393991905,5.507690979212036,6.152458856199042,,6.55139496270874,,5.159151590313406,,5.825722679606327,5.155068964487891,,,5.757764824700905,,,,4.640204662288848,5.516108476676268,,,,5.297880241110451,4.760352123651908,,,5.3894791989977175,,4.642778019286991,5.475942762256215,5.46447834254746,,5.623213679871253,,,5.394881420038239,6.017711893667823,5.812558470290893,,6.163757070539873,,5.109192784078738,6.369041370831624,5.31823195307907,4.970807364335249,,,5.040869062928355,4.977399081120394,,5.250200401389581,5.34620475174861,5.497778889477978,,5.136694128620519,5.51453139383514,5.489767172362529,5.862865603819598,,5.317980397305532,,,,,5.662693622284547,4.575285367871082,5.103595232723461,,,5.703678773197202,,5.117557774900324,,,6.380408021063916,5.134915730026355,,,,5.152176377414416,5.124989785046066,6.388211270978839,,5.346239650726023,5.205198956698763,5.883147656814439,5.737687141625493,5.231032679281876
PXD030304-Sample-1989,,,,,,,,,,5.966729526386574,,,,5.015863513455805,5.859257059898387,6.435879778127868,,6.137551671461743,,,,,6.420708075889748,,4.894820174132071,4.906358311770357,,5.106862349647558,,4.919157318592878,5.675203957877003,,,,,,,,5.846252548111512,,,,5.654168109226606,,,,,5.100931869909547,5.682092244872189,5.577854209194609,4.684197672525222,,,,,,4.965140076138089,,,5.346553802308981,,,5.213690644558042,5.346574125778158,5.634541648143634,,5.3594127320410925,5.543184028061583,,,,,,,,4.873063483812581,5.67308673790482,4.641391405923834,,,5.255505886939384,,,,,,6.231666388992485,5.165058157336149,,4.838852278605484,,,4.830045084313107,,,,4.916676263633184,5.88100248348411,6.435996143235615,5.542328864195969
PXD030304-Sample-199,,,,,,,,,5.882681205288943,,4.822700688336416,,5.996907101256006,4.888101213835458,6.238478915282034,6.055436608914269,,6.3367178471825945,,5.354237784266506,,5.096514666740066,6.233397363007614,5.449030604811902,5.480400659472505,5.465157543810811,5.208658636476327,,,4.796260861316274,5.444809948187523,,,,5.4756647143995885,4.651620838131636,,,6.024962373029651,5.244762798463112,,,5.836077068878146,5.152089501856676,,,,5.274714658033079,5.562247885059405,5.676036938715007,,,5.146855751907833,5.882303625652242,6.321017711200947,5.208108724623608,4.855300918240754,,5.490589107990653,4.991534603805772,4.858400231963848,,5.105155879558081,5.229434685618557,5.862095579535448,,5.406817847346297,6.253886838231885,5.077379721837008,5.75131941716088,,5.511152679583006,,,,,,4.7865497200126175,,,5.116313535824124,5.904730041312014,,,5.037018585689922,,5.855980819926007,,,4.756528095222864,,,4.73271534302332,,,5.258696177307993,5.372323743163658,5.77118984360639,6.205453174608847,5.362849662349533
PXD030304-Sample-1990,,,,,,,,,5.986364225843904,5.937918420130629,4.919201804167415,,6.083084284446901,,5.794050618251585,6.268871818984117,,6.5496006273784,,,,5.893577965027004,6.160230361606948,,5.349886337893115,5.4057493225281865,,,,4.602887708621108,5.452469645066211,,,5.465398488755215,,,,,5.899402335630569,,4.616303697420788,,5.996875995584518,,,5.384051189188758,,5.042003857137959,6.037104822511149,5.613829684467996,,,,,5.597387599918322,,5.000106645485408,5.212354560189895,,5.081783513412351,5.2543666152409205,,5.185007688923367,5.290784444395496,5.870177300692711,,5.581779863162328,5.49569427900647,5.657350652079136,,,,,4.75528419370783,,,5.6301434721181005,4.870813238907283,,5.04535987102205,5.245010990468453,6.011777755947625,,,5.4426774571771865,,5.633806912706851,5.124759417165364,,,,,,,,5.36180689121054,5.4603349655960844,,6.173043102530608,
PXD030304-Sample-1991,,,,,,,,,,6.174828617102177,,,,,6.007900886635048,6.090356106120041,,5.7415493005279865,,,,,6.385346670909224,,5.090758247839648,5.823736070775041,,,,4.521762550626631,5.387496837507944,,,5.092146405595082,,4.7022166339802,,,5.795092246672462,5.272232707537952,,,5.934604019726856,4.87792806120188,,,,5.284576587453093,5.904555992280749,5.827248522769466,,,4.848933882331643,4.990323411658344,5.53831156008361,5.237606386598178,4.868897761574343,,,5.232180809244309,,,5.252169527761732,5.352597420761347,6.119135041829763,,5.579971728360494,5.759164501037248,5.105856464866562,,,5.237710194379358,,4.7022166339802,,,5.572809488666013,4.549645264651885,,,4.867669365382663,5.936367666172985,,,4.778426459611159,,5.980046800582472,,,4.755845879933841,,,,,,5.29266785413643,5.158224895744012,,6.348249340906684,
PXD030304-Sample-1992,,,,,,,,,,,4.888322928904535,,5.7977497423690165,4.951541412843659,5.874824783731221,6.052068074296965,,5.709951753335926,,5.416823993027787,,5.164789861280069,6.497505001784531,,5.144382156890355,5.770787688015519,,,,4.886464376623892,5.686173401452328,,5.0413619349471634,,5.535251275364108,4.750365085344276,,4.667216162987423,5.933358801838764,4.703957812293688,4.595221235616009,,5.977841146565901,5.270900019610154,6.528728749729744,5.649254709873224,,,5.6315227315225895,5.555216190389496,,,,5.82527776248653,5.970957274908687,,4.952928973192957,,,,,,5.183239394023993,5.322984917622248,6.10003210214188,,5.540876887130261,5.467486073944997,5.148575677804508,,,,,,,,5.623481676696381,4.852847977690815,,,,5.660265946301873,,,4.818544934937733,,6.290159189898084,,5.351819297541888,,,,4.787443628281662,6.032712589680623,,5.33004580536305,,6.153614238024789,5.983217301387813,5.433564301368682
PXD030304-Sample-1993,,,,,,,,,,5.9122408148316605,,,5.498807332210222,4.958776998695298,5.980404275719677,6.094583101831589,,5.789491089392415,,,4.61840390710636,5.672060945874611,6.340443646860635,,,5.818502276223168,,,,4.868208813730639,4.474122584929525,,,,5.2437411486188905,4.738913295552202,,,5.823750526036608,4.708492274654176,,,5.976020670309019,5.528896823899408,,,,5.035850899745616,6.088155833459998,5.561878489972723,,,,,5.8812138160864045,,4.896757859904108,,,5.060103309316822,,,5.202598104386862,5.317124863224616,5.8523671597810365,5.291780786493836,5.315243572787953,5.780760381942508,5.15305087356799,,,5.283873157237326,,,,,5.928267493096702,4.55958263014228,5.081162058905508,,,5.676772176560726,,5.5535251104725,,,6.177490273863234,,,5.27287919575234,,5.103472657206722,4.785960569112893,6.040615698193626,,5.319350789161143,5.525754532468988,,6.473351801377141,5.401070909657637
PXD030304-Sample-1994,,,,,,,,,6.228507732154822,,4.890020786476134,,,,6.196182171588597,4.847278369639193,,,6.177816133681906,,,,5.589351566491667,,,,,5.816701576945637,,4.855309930195349,4.942775780280283,,,,5.532351528921497,4.747529722751625,,4.971135678649898,5.42928797394998,5.299813069904891,,,5.583258937562612,5.7674301364145855,,,,5.034601933630151,5.947222827339132,5.818426659569754,,,,,6.109885621731307,,4.903432704714569,,5.5296564435807,4.953178052769784,4.916663617042614,5.353623578752803,5.218073534796919,5.301730058482746,6.106791789758459,5.268509841911105,5.155038982955319,6.253912541739442,,,,,,4.716560202114907,,,,4.570801595859826,,,,5.681707775048934,,,4.798466150738786,,5.90278795705914,,,5.270874672457095,5.596189488573624,,,,,5.3084247433645055,5.388595827400767,,6.374802543679667,
PXD030304-Sample-1995,,,,,,,,,,,4.767380559335243,,6.05019456981929,,6.242836595681886,5.976274764495492,,5.962543112096594,,,,5.540955079616579,6.185414211367508,,,5.022882890095595,5.460956518554553,,,4.469953391833574,5.528806865213783,,,5.490937765317649,5.447489407640089,,,,5.686561957474045,5.287290423192901,,,5.916779794976257,5.276054334715055,5.935377522660612,,,5.2108692865993,6.1033888766696975,5.925599655746356,,5.764843170560265,,,5.997560392770729,5.453042792861306,,,,5.198685743278784,5.114780944538071,,5.06753182332261,5.125885241497048,6.054816687686646,,5.389285847709722,6.2101643125967705,5.019124432060988,5.694369066639657,,5.860065660121038,5.130543835814123,,,,5.489436806028468,4.408960915928119,4.94842741249008,,,5.853616261368489,,,5.298560610680497,,6.338661455739208,,,,,,4.660700564162815,5.905594366793225,,5.203561050365215,,,6.249676009826764,4.950814305043442
PXD030304-Sample-1996,,,,,,,,5.69651767880656,,6.214765297547947,4.9068576963128425,,5.989953882509634,,5.547714796006444,6.203007692779012,,6.245690123504119,5.67115791829205,,,5.519104758865324,6.290972176397563,5.834001418071321,5.538156796071862,,,,,4.602574209260004,5.791877290753602,,,5.130581084248719,5.230250691944243,,,4.671451567636166,5.964853116812877,,,,6.046753975582653,,,5.332676697735628,,,5.939471801937602,5.590504174104721,,5.407637251706573,,,6.061145444180761,,4.893909547611292,,,5.086984068356841,4.929160783852214,,,5.974801419169263,6.027145566077946,5.310580484038127,5.738796568790891,5.770920694130436,5.630203976290567,5.5146260920792125,,,,,,,,4.839835991148103,4.761330088843343,,,5.704482849269119,,,5.295791695699047,,6.439780192788456,5.09480407635685,5.363651147350913,,,,5.090292323735277,,,5.323343396643838,,,,
PXD030304-Sample-1997,,,,,,5.673739412466452,,,,6.257135006231286,,,5.198408111193952,,6.103086646127947,6.305445258003106,,4.942984428603748,,,,,6.323982722775451,5.526961183384089,,5.057052361552107,,,,,5.491094344143184,,,,5.256388055358171,,,4.677855938207832,5.974207944220821,4.712491065101441,4.622884175245513,,5.981888556950454,,,,,,5.989615325357213,5.455438525057964,,,,,,,4.924336629036011,5.264113728863674,,5.358090082884489,4.942582102218139,,5.177212419220036,,6.173139362849417,,5.518587255750243,5.478935472867052,5.640380187153715,5.52952287887497,,,,5.0261657480097925,,,5.616770316515432,4.602104688369954,,4.716185724851062,4.915284493108863,,,,4.815293707956059,,6.18622495056958,,,,,,,,,5.325045902827973,,,6.174804892682023,
PXD030304-Sample-1998,,,,,,,,,5.889555985193348,6.179576264376358,,,5.87083992593708,,6.365067409388351,6.292057180659989,,6.362869890804317,,,,5.1863904935284975,6.335312745300424,,,5.288576842494079,,,,,5.278977566566272,,,,,,,,5.6790124315602535,,,5.353896787389666,5.932584182059427,5.495544626406822,,,,5.313850638281374,5.905391347784934,5.704800489114487,4.8727315759353935,5.391158658632705,,,6.138558255467975,,4.88255169719093,,,5.2615225905052565,,,5.170736324331588,5.2723804735411175,4.9317403498656045,,5.283029385959159,5.728534643042969,5.104794224820626,,,,,,,,,4.5418860247767485,,,,,,,,,6.235532475998616,,,4.7669998114012895,,,,,,5.2752782052960665,4.776687230316152,,6.1169919810036,5.049792296432878
PXD030304-Sample-1999,,,,,,,,,,6.161297156325759,,,,,6.38877376772233,6.331332237267102,,6.291219756237075,,,4.555076947729861,,6.410693829852023,,,5.280908389743995,,,,4.813227538188135,5.6040724262688215,,,,5.493596893679642,,,,5.4777066361687705,,,,5.767252386186631,5.577217632983655,,,,5.28043019532554,6.043788187159194,5.838807083087094,4.573412620143362,5.349878670230754,,,6.13043990973687,5.22894903458829,4.855040312652261,,,,,,5.149537898285143,,6.018904842446795,,5.4200337351571175,5.426170522194737,5.094637518223754,,,,,,,,5.583659922224999,4.837444595670832,,,,5.640497367576657,,,,,6.235801931250036,5.051260916049641,,5.219668559706709,,,4.747762644198069,,,5.274979667025446,5.174447129872281,,6.23751466027395,
PXD030304-Sample-2,,,,,,,,,,,,,,5.204474210825498,4.970769721102172,6.422872150980023,,,,,,,6.522389397101829,,5.533907735127298,5.303447602636219,,,,4.770329651502619,5.590051361646466,,,,,,,,5.489550321933527,,,,5.942543462983138,,5.506841474150969,,,5.2395679137372,5.990428488926917,5.127757371953368,,5.635682831620338,,,,,5.120758919297758,,,5.243843337865162,5.156082961108574,,,5.508453434430233,6.038234233121478,,5.625408497108938,,,,,,,,,,,4.7524100126242645,,,,5.877042412696548,,,,,6.310963845518552,,,,,,4.9961331659352695,,,5.531167311752955,,6.026304750704067,,5.754452024046589
PXD030304-Sample-20,,,,,,,,,,5.9136702553952905,4.898717525370663,,,,5.986122035581851,6.125726543887346,,5.23814423061959,5.696640284188411,,,5.651099853997685,6.299298938179425,5.528593925354714,,5.6187801458212565,,,,4.568827463300249,5.600378564174457,,5.035216133600407,5.6231087611836,5.268837223450465,,,,5.345402952334077,5.013847310899712,4.606632540552452,5.404126055255311,5.60828018067203,,,,,5.334971381189404,5.993920045933682,5.735893338904983,,,,,5.275333522684637,,4.896621349756071,,,5.043258385406436,5.242605002251506,,,5.369708390344331,5.852384595569702,,5.559234821646152,5.491344922128755,5.452834591369575,,,,5.278671595546222,,,,,4.869064967756327,,,,5.991005020617032,,,4.821304746289528,,5.933114528438115,,5.340122638027309,,,,4.7862724321943,,,5.327551027588916,,,6.471642446234976,
PXD030304-Sample-200,,,,,,,,,,5.90538851263577,,,5.793207072877918,4.969564732496964,6.155552467037481,6.102025782709249,,6.241950407951765,,,,,6.081745160488202,5.522103625008164,5.142281655181564,5.543817787630512,,,5.12986505225448,4.556830295397284,5.303923785931175,,5.009688998002481,,5.542013351354483,,,,5.390214606287707,5.182822848408041,,,5.117194791856462,4.91715081542232,,,,5.356354596538278,5.957532457446373,5.677224797061819,,5.434640469010254,5.228458655501912,,6.227528392419588,,4.618478770988926,,5.240001827141632,5.005291881533081,,,5.166622731064551,5.306060096966411,6.05745210267329,,5.101743152295369,5.466566137584446,,,,5.277164141273247,,4.7270597572165824,5.698895742652962,,5.606583675170878,4.557958429289855,,,5.18743518517196,5.687917825728432,,,,,,5.0925100967166745,,5.307059098525763,,5.090623976512606,4.783927860815944,,,5.321803438815411,4.918458742485747,5.839796475359731,6.280237663271794,5.41097390388534
PXD030304-Sample-2000,,,,,,5.667241023616099,,,,,,5.570346525748269,5.673084344486152,,6.074535958895121,5.708663245804874,,,,,4.610612397033331,5.494943693005872,5.973663744567729,,,4.848888457545034,,5.036672688965164,,4.578821820258628,5.324996188826934,,,,5.258112894802484,5.037006531498759,,,5.909973100204421,5.18656026281497,,,5.73656901620423,5.4187427702772935,,,,5.079404907016782,5.933824818245614,5.7521722693771125,4.646357969754175,,,,6.372403326551163,,4.883288218986361,,5.242954723769364,4.998691135619787,4.931862692609799,,5.223848433077982,5.342794327980244,5.952373293387226,,5.264681069578448,6.180752500977553,5.1551532712794375,,,,5.267569365439929,,5.702184826527379,,,4.5729313529862265,,,4.891427754097942,5.989266769417254,,,,,5.8035741004284365,,,6.085932972202397,,,4.782283284672873,,,5.310022931263277,,,6.284290842512114,
PXD030304-Sample-2001,,,,,,,,,,6.2217742754525,,5.568315296393715,,4.957556410286682,6.155292846856817,6.4058323387386125,,4.935445161073201,,,,,6.401820009771525,,,5.566695119032422,,,,4.560461143140994,5.792311238328747,,,5.134099940743314,,,,,5.702609214704617,4.719435556512777,,,5.978539362396127,5.404741839909173,,,,5.037749270182991,5.943864807416076,5.7490484759681015,,,4.914573612739755,,5.875904097508599,,4.652658031085339,,,,,,5.178590334833308,5.299844462859886,6.154074558232804,,5.46180036465597,5.9593803720403535,,,,,,,,,5.6208954980083465,4.616554183649439,,,,5.686001294242237,,,4.820382672614352,,6.226766337795127,,,5.105418073597,,,,6.037288665864996,5.532139912241027,5.319865502344365,,,6.282292509768389,
PXD030304-Sample-2002,,,,,,,,,,6.160962062337896,,,,4.898388122819004,6.062172669491799,6.242427454506473,,4.874540560842836,,,,5.724172062976461,6.275344269908505,5.767315660328819,5.084392980914278,5.110631556890359,,4.965318236003315,5.087854090193932,4.819747968687077,5.421788137448086,,,,5.202036524564552,4.685778777590829,5.609191550123493,,5.934872733352655,4.648706687459476,,,5.924233649424578,5.48307723693878,,,,4.989190532105074,5.93226807133777,5.794187713310195,,,,,6.069194897468394,,4.831597544447523,,,5.214512966755667,5.186065849310027,,5.115315400416376,5.298570213173294,6.142417697996297,,5.490038195727207,5.726950213507267,5.702577462860139,,,,,,,,5.871419806722182,4.563544953819825,,,,5.619231110470118,,,4.7636863338338085,,6.297181680421129,,,4.7318796425770815,,,5.038757123292037,5.978978644683681,,5.254732307565562,,,6.323013281559593,
PXD030304-Sample-2003,,,,,,,,,6.161377538272964,5.832980854184084,,,,,6.104717343684285,6.312294563391261,,5.7990681446005965,,,,,6.275372785473508,,,5.732305994304885,,,,4.787072873493309,5.566758979201813,,,5.037024505171694,5.449712658511783,,,,5.927577234870517,,,,5.814307828252828,5.539085194084871,,,4.742586596319469,4.937900031473816,5.938246819340439,5.805984510663503,,,,,6.031553176492457,5.208277269772484,4.463819533253376,5.109254929564718,,4.8892218024587,,,5.102600612643788,5.291410354013224,5.970149202374212,,5.352738251570679,6.169569557056594,5.060925102028084,,,,,4.629591392297553,,,5.530288716890301,4.731003259543467,,,,5.600670640776124,,,,,6.323842032264793,,,,,,4.690165190857583,,,5.242132728800687,5.123657178819781,,6.194277464233463,
PXD030304-Sample-2004,,,,,,,,,,6.156383650244773,,,,,5.747063678250542,6.168998777727568,,5.994051318119071,,,,,6.182522007347914,,,6.014361336982596,,,,4.490953730051936,5.019019760050289,,,5.085596346598121,5.168566798824297,,5.600224088099289,,5.663392800917084,4.640936861442446,4.5449417454338725,,5.841330158839119,5.651957285499958,,5.589651790318015,4.73071940665219,5.278510625088776,6.077494499983247,5.501733936314498,,,,,6.301124610604941,5.220611128052438,4.836916687876424,5.432634071119615,5.47727804255738,5.042714943346224,,,5.109365792337135,5.263187529733975,5.514583807692369,,5.228636803691706,5.713007516318411,5.121975202995656,,,,,,,,5.544134981188248,4.544552169650886,,4.65278671952005,4.841482021789262,5.914905370843278,,,,,5.554389911919261,5.045923300910958,,4.767861339617471,,5.013832475332274,4.71854737747544,,,5.258698595890409,4.772182473139796,,6.326073776896322,
PXD030304-Sample-2005,,,,,,,,,5.914460180297655,6.224625396698976,,,,,5.887081961028267,6.310735837404933,,5.796230059102448,,,,,6.1669673084791885,5.516388482971092,4.859605715005383,5.34106241149394,,,,4.564254305522716,4.955098623991886,,,5.136467265957152,5.552321527331644,4.729846069353954,5.975641825307302,,5.11490731535114,4.711660342286686,,,5.735736735380129,5.535960447497469,,,,,5.988992070481995,5.49230079327924,,,,,6.060386602061051,,4.570311031739831,,,5.310079530140887,4.93716511947561,,5.230112830083704,5.283262046384337,5.961536992500835,,5.19655310584537,5.800042280265391,,,,,,4.731044710741662,,,5.61942064122884,4.691091191587602,,,,5.984393663693816,,,,,6.103921689350399,5.103321989405982,,5.136129953109399,,,4.815377540017385,,,5.314849520787148,,,6.471615330608191,
PXD030304-Sample-2006,,,,,,,,,5.885439894298708,5.85861331709585,4.850299473699893,,5.188694913294175,,6.235469086782425,6.059422556069994,,4.881078677453816,,,4.557845537458559,5.17627536705327,5.779574268774687,,,,,5.786293121168314,,4.526961574204388,5.267967540183901,,,,5.503392047199557,4.710366391450117,,4.62316846491849,5.478978491123489,5.286460556350479,,5.849446519078847,5.374359441014478,5.730300438558231,5.235665057953632,,,5.289394263692316,5.67687519555865,5.8144572912414505,5.587737417028179,5.374619480501268,,,6.1838406591085695,5.5374885746079086,4.904929405398123,,5.489099139273769,4.974305339969411,4.880671381485465,,5.248068435701899,5.30602619277368,6.044639918054108,,5.38940944963214,6.219032071557325,,,,,,,,,,4.5194964199118965,,,,5.614929481961528,,,,,5.876957721396741,,,6.177007713673241,,,4.731647642820233,,,5.288651615332776,5.1080873870573305,,6.33372587429057,
PXD030304-Sample-2007,,,,,,,,,,,4.94816256339594,,,,6.355204144655955,5.613898979192598,,5.760556489375567,,,,5.248858990067239,6.0695034764105,,,,,5.86015218023787,,4.908427527164256,4.813711170312058,,,,5.323166700210496,4.781735143916337,,,5.739715104619133,5.05009871029987,,,5.469053199427523,,,,,5.071758748237951,5.76838838497319,5.890230728244458,5.359624358922383,5.541561442249193,,5.092983061497589,6.096260328360167,,4.929021864519161,,,,,,5.261088402200159,5.3882490190822665,6.163096145630475,,5.24933783400117,6.126706885933682,,,,,,,,,,4.596781521050211,4.813377335743445,,,,,,,,6.139463394403668,,,6.234565030622777,,,4.860709024513375,,,5.358233146267537,,,6.322369394602067,
PXD030304-Sample-2008,,,,,,,,,,5.961451730484139,,,6.093883318321076,5.033893477032201,5.967384347402521,6.280790280170296,,5.764389590876295,,5.473241155871465,,5.2878136927580135,6.374476945414718,,5.4986821276764015,5.77896274404675,,,,4.615878521263182,5.650437213606847,,,,,,,,5.944154345951993,4.755031706674469,,,5.885637887318583,,,,,,6.019797717210128,5.527236916893429,,,4.936067267144597,,5.922543382597837,,4.936302068676817,,,5.053179354467898,5.286060054007405,,5.208531624793031,5.388993298460163,6.270305982757185,,5.53366688038258,5.524621200387879,5.808718718712321,5.880392881164425,,,,,,,,4.9041080252535725,,,,5.723657821890878,,,5.162155899278716,,6.447564860822217,,,4.875531374142389,,,5.133437478240146,,,5.363995995679254,,,6.026795182282687,5.695400557523231
PXD030304-Sample-2009,,,,,,,,,,,,,,,6.046951585414893,6.16657280387741,,4.948306036234129,,,,,6.152748042238793,,,5.588342756253267,,,,4.916503028481656,5.538690663614122,,,5.450048568853319,,,,,5.625312419471396,,,,5.850664102855431,5.436587184693964,,,,5.059502795207579,5.965791816485263,5.849712502551107,,,,,5.918298726121661,,4.9570461677623605,,,5.032716831064305,,,5.235512261280454,5.353180702878437,5.882578677349349,,5.220080355003413,5.498647758145543,5.178713859426953,,,,,4.737431058906759,,,5.9337158371908245,4.886240722604352,,,,5.706173773602219,5.273008530639911,,4.821937262366187,,6.041423118532068,,,,,,4.8595225777869935,,,5.330149378076046,4.87307311813901,,6.309590345529209,
PXD030304-Sample-201,,,,,,,,,,5.970595878677388,,,,,5.680516891456022,6.199468469139017,,,,,,5.619039451027365,6.277806864953304,,4.905669916419651,5.24265842781607,,,,4.934828896926602,5.322021527062719,,,5.205106324459811,,,,,5.675040758988275,4.770251912919392,4.665067843090534,,5.786599380887598,,5.362101418996902,,,,5.716059030603977,5.583254018607589,,,4.9682209963829305,,,,4.972675059948078,,,5.106251859874615,5.00203205475008,,5.26610352282067,5.395671848546977,5.889368389829056,,5.153926552182502,5.553933710500756,5.5141475720277615,,,,,,,,5.672595543470838,4.658347708431667,,,,6.047686968728232,,,,,5.694784907241194,5.159202112054928,,,,,,,,5.401813360404836,5.760726453869403,,6.05326976754086,
PXD030304-Sample-2010,,,,,,,,,,6.249399100276232,,,,,5.648919098704771,6.294611423639561,,5.574982698113212,,,,,6.314216026185127,5.550362904009216,5.1716006688164775,5.618179254594761,,,,4.647035508694793,5.2074695214393305,,5.046212655419359,5.168544394196844,,,,,5.918384823805405,,4.633188643623219,,5.862051403248953,4.959747854507166,,5.407813639287333,,,5.694257341536498,5.779451086972829,,,,,,,4.948065158510664,5.249254405383457,,,4.968948928271197,,5.205053721811683,5.412143236393759,6.097957886193873,,5.435951123460045,5.537518576142773,,5.550482966743621,,,,,,,5.661589865625789,4.609933149139607,,,,5.722871360245916,,,,,6.332638823958552,5.152795835821312,,,5.648652508663028,,,,,5.358972102677839,5.45938532184329,,6.198623368230685,
PXD030304-Sample-2011,,,,,,,,,6.334980217606004,,4.95038375700928,,6.138665311876581,5.023383729214781,5.784353327561537,5.847517711624741,,6.616858766087555,,5.212129345810034,,5.566496206883071,6.447844177826898,,,4.939623417420355,,,,4.95043699165968,4.835615947047497,,,,5.299207319955348,4.789704507258442,,,5.784631486008083,4.811743881243916,,,5.479304003096241,,6.451325306258742,,4.868345049637745,5.40101839095894,6.048119892801115,5.871234720979527,,6.2029392949026825,,,6.402133776231217,,4.704413150906399,,5.308543944447609,,4.991599337040277,,5.24119134482868,5.362651350124497,5.460021764373924,,5.288951913063492,5.572253914388139,,,,,,,,,,4.600983241977125,,,,6.036044201327016,,5.431122107347233,,,6.23535867335829,,,4.84679209864021,,5.484560279132718,4.8428988600637775,6.399122818871496,,,5.311660510935952,6.197393326159114,,5.476275456712458
PXD030304-Sample-2012,,,,,,,,,,6.1727477033306695,,,,,6.118279605998579,6.053549685986466,,,5.60843689647403,5.053534973352113,,,5.541564945113621,,,,,,,,5.2730736120560335,,,5.0710072048434185,5.670682713334898,4.682773574162695,,,5.644718462465459,4.646587258561623,4.531820678480905,,5.66830813364797,5.5777654089286095,,,,4.997607603764751,6.045373693856922,5.716460521230757,5.590524194722781,,,,5.927493353700554,,4.88591045451012,5.156088980995887,,5.262429844218155,4.908019514776083,,5.167737224105715,5.234662044355233,6.101836291381341,,5.407576723718034,6.035645562447846,,,,,,,5.617295408094,,,4.586129726844194,,,,5.605514282383094,,,5.062245420049036,,5.887906280671697,,,6.414385503312046,,5.024261120125422,5.055139575672802,,,5.2932064296967125,5.2182585685630025,,6.334386876573412,
PXD030304-Sample-2013,,,,,,,,,,,4.886127581973492,,6.11112267573473,4.961558258482639,5.996167801130202,6.20258261015792,,6.442396375424069,,,,5.490975786623441,6.446079667635701,5.830208199165599,5.143592768458529,,,,5.131276888860564,4.869864673423204,5.687347489765368,,,,,,,,6.071998499681735,,,,5.822217302131435,5.410050130820765,5.278641211403956,,,,5.970009994191232,5.614527727514786,,5.911823587757019,,,5.873988890986109,,4.568131552621498,,,,5.229358080745273,,5.166971543400681,5.363343207822984,5.700899930860009,,5.6045246676623375,,5.754574674812069,5.507772728594983,,,,,,,5.612666276580132,,,,,5.678419546136328,,5.0717630006952925,5.441863526682679,,6.235350433162713,5.092132855177814,,4.799113215053373,,5.0802691124536645,4.777832183333314,6.3339299707914245,,5.607272743447215,,6.123224317559945,6.146818680970135,5.482173656830563
PXD030304-Sample-202,,,,,,,,,,6.20427469990475,,,6.023722772771687,4.950732963858399,5.970681635897884,6.455444324596861,,6.082309218139912,,5.392162937014581,,,6.255469788635788,,5.298069566421538,4.811533268608781,,,,4.852565910964257,5.655974652115205,,,,,4.697328788817355,,,5.639190143053497,4.669291464127023,,,6.004384243023011,5.3676561163582175,,,,5.293746952485279,5.917313030975487,5.61184474741307,4.590029887360548,,4.870892971536877,4.997169845570693,5.83808327394127,,4.660845618502025,,,,,,5.177638748924383,5.333689204086808,6.20543801240142,,5.246870662225053,,5.432456019681879,,,5.247939947082576,,4.697549745570556,,,5.592832608874601,4.817409013950977,4.751745336848139,,4.85717020901506,5.947096641705817,,,,,6.367699313753805,,,4.783648400168441,5.593746279957627,,5.063496648205724,,,5.289796934692485,,6.1121041573791,6.259706067451319,5.452185627675836
PXD030304-Sample-203,,,,,,,,,,,,,6.150335585981017,5.00801283271726,5.651450527610114,6.004226647122898,,5.9343259053373405,,,,5.312149958985174,6.38584943169186,,5.207290112365831,5.418947025002644,,,,,4.991475340169801,,,,5.282070191218058,,,,6.033934467698474,5.0464472452707065,,,6.081343710549521,4.964992677862289,6.49640404759312,,,,5.677831829091792,5.71393847280288,,6.25907341363506,,,6.1612966539861285,,4.961961461205749,,,5.087903569147782,,,,,5.844245510271451,,5.591371297397771,5.516906105871128,5.811919633754018,,,5.638805265998474,,,,,,4.907105344132822,,4.74426694432216,,6.035078402846788,,,,,6.374885222509336,,,,,5.120612339296352,4.821862909163829,6.077498542229231,,5.366136230367027,5.094002109280365,6.351723936436654,6.317187536183729,5.137498773670133
PXD030304-Sample-204,,,,,,,,,6.256308696015218,,4.899970009205671,,,,5.989102375286262,5.367020198321559,,6.318253447765194,,,,5.980053321484162,6.193936684848072,5.538075968031372,4.851440430700399,5.549858267746657,,,,4.567348369331961,4.786678063685188,,5.043177637478398,,5.265217983697958,4.750286230915914,,,5.455979660599982,4.718375243554105,4.610513634364234,,5.614806717482116,5.244176328109306,,,,5.080145355468582,5.970687646198456,5.7849849838658,,,,,6.256753287571801,5.2916620953030025,4.9146866887934815,,5.245754710495916,4.9690513311721904,,,5.231578819224311,5.278334538090549,6.008411522880246,,5.290451453196535,6.189653688433211,5.474601731891743,,,5.771639616885547,,,,,5.630144985292389,4.86036040914183,,4.739694562602233,4.898592583759111,5.996057843182332,,,,,,5.119994477203649,,,,,,,,5.350686138136122,5.611050716128542,,6.403421382585567,5.074226953206973
PXD030304-Sample-205,,,,,,,,,6.263396230294191,,4.911178681435298,,,,5.922488894044071,5.836144794588591,,5.5412430707394655,,,,6.045812036717519,5.909905708810526,5.510573579607978,,5.980107949768708,,,,4.560459336975748,5.593613372386359,,,5.130509531706445,5.558885506132431,4.742594950624291,,,5.454697216463327,,4.596878180578298,,5.8294460651865805,5.227610376345725,,,,5.027215593657292,6.129284431100936,5.52552413943354,,,,5.644017638154279,5.563224279038891,,4.936989033312592,5.995368095946132,,5.026911490570134,,5.3718521327812825,5.24644269144987,5.2841442117500455,6.067105353258972,5.280562404282906,5.427036734903084,6.078258209651988,,5.515726043877157,,5.279163184190067,5.254850483257687,,,,5.610999682138319,4.571038500189779,,,4.890341292165139,5.699259991981841,,5.695582262059279,5.308207520416468,,6.117076235305843,,,,,,4.778415543876005,,,5.340845338390083,5.455496729428916,,6.477643683074443,
PXD030304-Sample-206,,,,,,,,,6.247555393057146,5.869135806216963,4.85117988234037,,,,5.968314297711721,5.988544373496201,,5.672865892267301,,,,6.116320998895678,6.136484483273926,,4.793912190088956,5.887482791952118,,,,5.024317032200533,5.551975867230496,4.880868815670379,,,5.2206380365704526,,,,5.661389126440071,5.371783789894535,4.567008275009242,,5.86534433998779,5.590157089914028,,5.347945855766982,,5.001097496717156,5.981140519021096,5.791634019098704,,5.402535571899242,4.890797060802933,5.787070959700936,5.841116686381371,5.242028321854731,4.619525725623949,5.962787219573091,,5.289035633722193,,,5.171087992794251,,6.174962572791209,5.304350060673252,5.42346019947897,5.924242649595271,,5.789113427204981,,5.730651990671768,,,,,5.585215824562604,4.824703082041778,,4.674203557286101,4.857712235470696,5.942874911303433,,5.763539564537198,5.075765538251926,,6.1436168142908825,5.098638322409446,,5.249639426545261,,,4.776351040849663,,,5.299238670087371,4.791024757510787,,6.500072113819128,
PXD030304-Sample-207,,,,,,,,,6.229423113265101,,4.848522946705158,,,,6.135972593509375,5.741430214990755,,5.9016013065411705,,5.070123502750402,,6.120789537499535,6.048430086327226,5.47860400699366,,5.803220156198566,5.727806368030735,,,4.831782748004374,5.394203478860585,,4.963009775776655,5.086718182789537,5.525175089479916,,,,5.045287290805664,5.14335142082434,,5.677357964631076,5.774971483116704,5.192670514280543,,,,5.328357621063354,6.108178306366576,5.687654909631285,,,4.861483620670244,5.702468255254578,6.182702399903053,5.237982583227614,4.859727081135608,5.146018339334668,5.19326222907836,4.929561092923678,5.193954943913593,,5.181282588522448,5.271297247513977,6.158174888893536,5.29840282068847,5.441193092196455,6.239731855627068,,5.469716660934799,,,5.218877191398276,,,,5.879022580586674,4.811532174548932,,,,5.937896827587258,,5.519089287138256,5.381175477039116,,6.058580921031043,5.06967277127448,,4.781672081655289,,,4.7435683607896655,,,5.585761554565899,,,6.536609235095401,
PXD030304-Sample-208,,,,,,,,,,5.899333019810388,4.88214245947874,,,,5.873478160959673,6.252752230890298,,5.768357028795248,,,,6.014952336867293,6.337248499934388,5.521246294786184,4.824471768397046,5.951134570029602,,,,4.872952752398975,5.613797898602036,,,,,,,,4.78707622206474,,,,5.713604109299963,4.910057728546087,,,,,5.947299903730256,5.214282104606918,,,,5.353747927754546,5.252830176517762,,4.658279791258944,,,5.054379366808691,4.917928210103557,,5.135292176199994,5.30315314666584,6.078040570331504,,5.286822737108353,5.468277697152792,5.614895998708664,,,,,4.7138173273616015,,,5.604478518083996,4.562342041109213,4.770096053335806,,,5.971687071424293,,5.682942656609882,4.799073119851456,,6.272913941538878,,,5.086413211987205,,,,,,5.3398528127685045,4.805791768079855,,6.375941821307645,
PXD030304-Sample-209,,,,,,,,,6.0091822452911074,,,,,,5.818471721846208,5.664751614288707,,5.631907091167372,,,,6.1226875475069455,6.068150928458108,,,5.881704547517447,,,,4.650754173168948,4.868317384504849,,,,5.360876100291846,,,,5.36893897983074,5.4035794766333005,4.686977732995061,,5.706199268080053,5.322156339051444,,,,5.46356111216722,5.720525382649012,5.745214861440705,,,,5.985817198066422,5.962044007605745,,4.684283873671425,,,5.119655321204037,,5.472030137626096,5.354089030196256,5.376731144733627,5.996083238497426,5.387213532702887,5.284231322291998,6.361611636039854,,,,5.85267636469593,,,,,5.704183129101853,4.64332194018871,4.921244162040131,,4.981779085260083,6.074301734402546,,5.462420747225831,5.23798925250933,,5.883763770867708,,5.43188291614968,,,,5.184181700020713,,,5.403153133437872,5.277078441219245,,6.63311691102191,
PXD030304-Sample-21,,,,,,,,,,6.368923794633105,,,5.352369830238037,,5.623802762636003,6.122600918033305,,5.390121864043751,,,,5.343344201372964,6.368596091396942,,5.490344294212421,5.037715228423901,,,,4.722822190485123,5.631491951012363,,,5.301119564505931,,,,,5.934749461321967,,,,5.576389141831731,,,,,5.1780889303162105,6.130689155908311,5.441282427109608,,,5.365933989855876,,,,5.053631173775945,,,,5.390339955739219,,,,5.5551719940405855,,5.456648908809472,5.639626045688285,5.310182298262456,5.668328336922018,,,,,,,,4.999308580742164,,,5.048861998011506,6.127083265051084,,,,,6.327120232597245,,,,,,,,,5.473386167006073,5.658288072392544,6.273594361389145,,
PXD030304-Sample-210,,,,,,,,,6.368253460847552,,5.001667028579444,,,,5.807489021147736,5.825861546756503,,5.326893028189363,,,,6.245748060153735,6.123218160757679,,,5.897584416239004,,,,4.947727655696445,5.337289605272523,,5.112375165548076,,,,,,5.619364320403157,,4.675237221089114,,5.690414202187453,,,5.439187133595121,,5.119143998847982,6.162751515543233,5.646880859763339,,,,5.982348838970522,5.340877243380362,,5.056904421727767,6.079595330559576,,5.123262169115422,,5.453009491676761,5.345423508920751,5.424396817830494,6.006293711281783,5.460510156310022,5.566382120369264,5.871264920152603,,,,,,,,,5.697731441267593,4.671621731309783,4.8463329116160825,,4.989481108083838,6.068664320403846,,5.8791615209826364,5.2028848981656495,,,,5.436472460197656,,,,4.896409769359349,,,5.416806345582976,5.808797535868779,,6.485888491302825,
PXD030304-Sample-211,,5.908390729361918,,,,,,,,,,,,,6.075195621169963,5.722166446375522,,5.937607430207354,,,,5.973406233282256,6.279423556609231,5.52738826567077,,5.63336755475346,,5.055370242094113,,4.897727694768598,4.9558075007544575,,5.006148890529867,5.61995739904761,5.2544924730861,,,,5.53466048554904,5.316202414407364,4.60857989158133,,5.7289043938005495,5.529787954323587,,,,5.060858187888306,5.64479563028426,5.885676280880614,,,,5.339683615066181,5.981111244368874,5.582593656661849,4.924177094286329,,5.536511123277926,5.025574317160553,5.228629104099786,5.373480662864131,5.239037853819805,5.352827998943429,6.176989049595511,,5.255692850252451,6.183823925436041,5.144243444116733,5.821443240656936,,,,,,,5.609933904268231,4.590910857060322,,,,5.985917362375194,,5.773659809351042,5.305905588229765,,,,,,,,5.080991021905366,,,5.33687793788234,4.83485594157838,,6.539331540387998,
PXD030304-Sample-212,,,,,,,,,,6.210702767030293,4.925071750807796,,,,5.81272605594779,5.959404387080292,,4.931027850907962,,,,6.10235834197483,6.389950625272228,5.540218519508587,,5.537403754463894,,5.047429681910989,,4.900475051788188,5.712826386725227,,5.036592159972417,,,,,,5.610660978840063,4.7031607257701005,,,5.914403142328524,5.4053123506458185,,,,5.019855032251162,6.019396444782374,5.676986938268196,,,,5.031048142312895,5.300785076263872,,4.993395298992561,,,5.041398363856023,,,5.222850738676962,5.353719502673602,6.0810504425819545,,5.618731341973903,5.47014981061784,5.150791908950094,5.827637647037143,,,,,,,5.623277392046107,4.581756362476852,,,,5.995295350526116,,5.785957060847664,5.450392826806855,,6.025897769030318,5.13552807118531,,,,,,,,5.626691333334399,,,6.2868811885691205,
PXD030304-Sample-213,,,,,,,5.70989302660984,,,,4.870826791467319,,5.638704809239513,,6.0647583464843375,5.9155336801082985,,6.310087060067927,,,,5.759212219961678,6.288260553201175,5.486103704203572,,5.779237503115143,,,,4.532655783981173,5.444849828398483,,,5.585204064572679,,4.72518469646907,,,5.153786726087123,5.1578942044039024,,,5.39747400799318,5.367245757923238,,,,5.012822790142345,5.999189598460115,5.862105830530049,,,,,6.151691638629501,5.247904513705875,4.909949350304967,,,5.258066872767385,4.897773216289697,,5.180164399792864,5.302583725060414,5.90266542307056,,5.390800313899451,6.149234311236889,,,,,,,,,5.579536880428954,,,,,5.945152785027749,,5.3459351775457,5.085399192195798,,,5.381869692842332,,5.078791940989442,,,4.7557488725400265,,,5.605903424052151,5.176266168109331,,5.946820556883538,5.031461584753438
PXD030304-Sample-214,,,,,,,,,,5.911869088558429,,,5.689992827630275,,5.724979291151342,6.13515558133402,,6.326119499490581,,,,,6.086676881736438,,5.637157321951581,,,,,4.564836231073998,4.470505138635696,,,,5.257965085424978,4.742424195346447,,,5.947761131969904,5.31069910516771,,,5.911427076089341,5.407131340042213,,5.385220628684768,,,5.963952546858344,5.680912945456841,,,4.914944452902678,,5.974362439218295,5.281490352092529,4.907980292281066,,,5.312422205891769,,,5.213440469470228,,5.952971968926628,,5.442044577800149,5.471323685425229,,,,,,,,,,4.572014619478333,,,4.889741227009011,5.975937568420105,,,4.828072442442734,,6.104097919406371,,,,,,4.785759799495675,,,5.322803190047956,,5.842107132413859,6.382724646965457,5.419508613164558
PXD030304-Sample-215,,,,,6.0544859776471736,,,,6.067526453423698,,,,,,6.103938870742187,5.3415204530994185,,,,,,5.335091126826298,5.56628848845827,,,5.377236104067376,,5.7726295707420565,,4.700347031429957,4.9183504333072845,,,,5.402180538828823,,,,5.478600008730491,5.157632527022314,,,5.571421383543647,5.691383242691356,,,,5.488938436280267,5.794681164726057,5.593428527506603,5.364557289891881,5.594808366746526,,,5.717557757167388,,5.052455265944207,,,,,,5.42698919286978,,5.792316048604143,,5.432978949322514,5.615841744948985,,,,,,,,,5.751095238407015,,,,,5.81627348131808,,,,,5.938901825711658,,,6.577969428010675,,,,,,5.470425262856746,5.611995979600335,,6.5258752388697925,
PXD030304-Sample-216,,,,,,,,,,6.2606095171067775,,,,,5.382109496075064,6.309158250724964,,5.557391916667416,,,,5.215013348528241,6.363477165316478,,4.853646551740924,4.868880338222946,,,5.180570272979068,,5.496728159693348,,,,,,,,6.05205424573794,,,,6.000305943150233,,,5.38136616209717,,,5.694287543407589,5.1540788276674885,,5.433751017200543,,5.358554638090642,5.590516632903757,,4.91300150564512,,,5.267865176021003,,,,5.627431750451055,5.970274366504175,5.310818976718007,5.679003808562486,5.793044227971632,5.775067302680662,,,5.307315837903448,,,,,,4.575570684311927,4.838234392563389,,,,,5.69621690438611,4.834360536647294,,6.304957064229937,,,,,,4.809409161688144,,,5.377245536947184,,,6.172546871025837,
PXD030304-Sample-217,,,,,,,,,5.968512936676617,,,,,,6.170780627214947,6.266532797128157,,5.571824028919411,5.715477090830141,,,,6.28282203138237,,,5.2051413473467365,,,,4.59170874242349,5.355653460619291,,,,5.294482350856722,,,,5.433965455538302,,,,5.864319877313541,5.566531142900244,,,,5.364507428139781,6.006974014813908,5.38013840439744,,,4.93759652133463,,5.91490305384034,,4.911723071239617,,,5.014428139416379,,,5.250567556692556,5.311585192871198,5.900098568421383,5.315974379388499,5.326005630110939,5.818873202510569,,,,5.318367289211484,,,,,5.669986114233201,4.627004839439134,,,,6.013509602793008,5.311126738313469,5.415044207992744,,,5.959995530334774,5.142540091240123,,,,,,,,5.348186046089499,5.238125464208236,,6.322130647682476,
PXD030304-Sample-218,,,,,,,,,,,,5.660755123635356,6.15755932162439,,5.172264690371483,6.197598747211969,,5.7424122727423255,,,,,6.63055200651096,5.932910014913494,5.241771792539499,,,,5.232223019932088,,5.358648459718199,,,,,,,,5.640105246998598,,,,5.837682347069948,5.327106942377919,5.387797201003595,,,,6.281656912030727,5.142361563016102,,6.150115447388148,,6.156971721512296,,,5.0158727378222805,,,5.164428246092233,,,5.254496061347059,5.471851898725629,6.181389597863952,,5.521252552323645,,,,,,,4.819046544238435,,,5.714578044706669,4.664443760354573,,,,6.069023293664821,,5.686929403589305,,,6.031489245404833,,,,,5.673804598898004,4.89344095036294,6.461740546880765,,5.432208008505004,,,5.789903004786372,5.164639844877248
PXD030304-Sample-219,,,,,,,,,,5.9644055160706495,4.936560452996392,,,,5.510364484142023,6.386502592049792,,,5.719010362860693,,,5.214768231177887,6.357737932347003,,5.670871851328233,5.5537824829007,,,,4.6388599750353485,5.636423443745316,,,,,,,,5.745645439254151,5.055330199399517,,,5.947146629380866,5.684986647395224,5.6293170634256064,,,,6.005401063265831,5.718681352230485,,,4.933006173706088,5.087464666191504,,,4.948061019490468,,,5.052382124709333,4.97653381251638,,5.221264496917279,5.481661187990714,6.159070763056317,,5.435019196137376,5.534285018446077,5.67630910234511,,,,,4.769266471136157,,,5.66091418129613,4.887638805901694,,,5.247058473672744,6.024982578452503,,5.839538631551145,5.174287113964254,,5.352706817838391,,,5.158390145508369,,5.129533041172772,,,,5.671182957341062,5.440578880305914,,6.0215921034013,
PXD030304-Sample-22,,,,,,5.70515317237714,,,5.943743006911145,,,,,,5.91683844791598,,,6.090894464106599,,,,,5.759397557855089,,,,,,,4.610277877125839,4.506969705168092,,5.065997120213736,,5.575085759190403,4.777381357461721,,,5.80527730707745,4.736370105222804,4.645590600473799,,5.172136773905357,5.258077549173074,5.312557694097495,5.447008753716673,,,5.652813391892939,5.552777200785396,,,,,6.219115123388947,5.313518130165016,4.930609964349839,,,5.016068710733294,,,5.240220817311672,5.359427619817255,6.012432791860828,,5.142089675848945,5.825460107478014,5.179883052743717,,,,,,,,,,,,4.935516893098601,,,,,,5.825808368920725,5.128333085909693,,5.154202842411751,,,4.809811604568532,,,5.340220605401092,4.892745688592977,,6.504797196845984,
PXD030304-Sample-220,,,,,,,,,6.292305822681796,,,,5.227939541157646,,6.153418510055072,5.581273540383312,,,,,,5.673404911098305,6.193261841719655,,,6.072537387658613,,,,,5.331386595154193,4.938338954969314,,5.150175024067092,,4.748875337306711,,,5.277500118949232,,,,5.433811640449557,4.943504097490728,,,,5.356973201366357,6.009710050583166,5.672263409314161,,,4.902493967070515,,6.070311148070951,5.595723901672577,4.924388312336079,,,5.037580961766078,,,5.220099879049095,5.282174015545469,6.050405860082003,,5.514217037977527,5.788189888036457,,,,5.285907863192288,,,,,5.629977966615999,4.569013410017689,,4.726220957865388,,,,5.093535293361403,,,5.314833010271328,,,5.144496036086034,,,4.818474017940486,,,5.326825770190714,5.19078642550135,,6.55036187060478,5.071423138494624
PXD030304-Sample-221,,,,,,,,,,6.1320906002365945,,,,,6.130399498784114,6.294134404917266,,6.2176758198782895,,,,5.077924925927979,6.383155206964948,,4.741608730517225,6.028779350281265,,,,4.779831693037883,5.466092102698527,,4.930121616870266,5.34711464398359,5.45181389737767,,,,5.930479632581299,4.916401811330249,,,5.957112220409504,5.434425156275456,,,,4.947605195965817,6.142776733324782,5.538181153103855,4.520208989203513,5.351810207821529,,4.973631579725391,6.0975158910155365,5.20062766815419,4.542835290907652,,,,5.146258739027568,,5.117404673320828,5.218409809257023,5.923918378645075,,5.285209363512927,,5.359660045934726,,,,,,,,5.521319502434363,4.593258878078108,,,4.807617005527137,5.572271102908942,,,4.724586952720979,,6.320193003293548,5.00657201638042,,,,,4.687187614956136,,,5.225901828900994,,,6.196507973059042,4.973189575407965
PXD030304-Sample-222,,,,,,,,,,6.253702276925264,4.937214379202603,,5.542402911128621,,5.753049063692744,6.194195886810807,,,,,,,6.213011997311051,,,5.528849734232878,,,5.219772636087261,4.611386517007406,5.63477577289782,,,5.477189977109361,,,,,6.125181404744254,,,,6.016309897884302,4.966134839976207,,5.4254138609549,,5.059725189267104,5.712730632120341,5.653663248809418,,5.931317172960319,,6.003134850308268,5.29750588398191,,4.913252568691585,,,5.061871054983249,,,,5.738393803658877,6.227553847757915,,5.550657858181388,,5.802729020891852,5.559986850273135,,,,,,5.3416021136707785,,4.605657584691284,,,,5.708004833680028,,5.588586383369384,,,6.31236159977767,,,,,,,6.3909595247664805,,5.385213466451643,4.89647107102857,,5.723034156455633,
PXD030304-Sample-223,,,,,,,,,5.973503390207279,5.96693599153255,,,,,6.10212285432188,6.1687844477413005,,5.473830081806667,,,4.668478467135357,,6.103524185631606,,,5.842940200408597,,5.095520861141843,,4.618870357512742,5.4403878589369015,,,,,,,,5.924790259284104,,,,5.885106273102754,5.299687152883311,,,,5.094101283165305,6.317221082090022,5.455839199158238,4.966396931153472,,5.31973349781235,5.0927534211136765,6.103186669089,,4.9375905143611245,,,5.398243372170257,,,,5.4111075237860735,5.814881437654884,5.374007464682333,5.347615237947884,5.547568699947663,5.209246833120607,,,,,,,,5.673510994867503,4.91673717170591,5.126834341223338,,,5.721792210512309,,,,,6.243337129983881,5.178446708086076,,,,,,,,5.3938478428516525,5.184454775322096,,6.341358588204068,
PXD030304-Sample-224,,,,5.878992940775073,,,,,5.935635776300521,,,,,,6.111172588313286,5.7421655521642,,,,,,,5.693715200605483,,,5.451846363711812,,5.609491898179742,,4.537774067292911,4.917660668123247,,4.978238297441108,,5.226300309900718,,,4.641360194968797,5.499448477378695,5.183218079483257,,,5.38999900744887,5.60337671535612,,5.38016484350254,,5.308239365494916,5.913226444959863,5.802727204612372,5.364653390055268,,,,5.851831728388564,5.2515642588874245,4.890763938429346,,5.506416810869296,5.265294564664701,,,5.158097471984428,5.36888930276446,6.187739293308859,,5.337928101372942,5.750523644306063,,,,,,4.693898321813275,,,,4.56181329341326,,4.68366900819928,,5.634316426104183,5.242501425351592,,,,5.276262728349519,,,5.614451816213998,,,4.74812889615125,,,5.290106719230142,5.228239458686083,,6.501507583471833,5.0330512543638335
PXD030304-Sample-225,,,,,,,,,,6.284512674963164,4.945265792761539,,,,4.849516567489345,6.396805812291209,,6.169982039535793,,,,,6.550582476860674,,5.200637062897478,6.141875847485479,,,,4.640942526055104,5.532062809413514,,,5.21388086470663,5.294442226986044,,,,6.13833572125375,,4.659218437663152,,5.969219402439477,5.5960957627250805,5.3317337199553965,,,,6.108482377160323,5.578401045523689,,,,,,,5.053265717906641,,,,4.981540120941321,,,5.40779264197249,6.05683492938237,,5.724590222126184,5.528405833102103,5.505379334696433,,,,,,,,,4.633645860106972,,,,5.716247108038728,,,5.175393627012577,,6.488831546975298,5.148458538277664,,,,,4.839258956372616,6.08519596861388,,5.363615817382486,5.0518557403598265,,5.753433125188191,
PXD030304-Sample-226,,,,,,,,,,6.204523640266615,,,,,6.1142110363206665,6.246832122775431,,6.067315133946849,,,,,6.196361253539939,,4.811216554359698,5.306145161189147,,5.001929069431296,5.1141178822087365,5.01727968414562,5.157388847135411,,,,5.236821794825271,,,,5.255681471805636,4.69018418763723,,,5.805490439941459,5.518907496545125,,,,5.0072245405789975,6.099701409423601,5.7540589731011424,4.6197783226663525,,5.194599959022431,,5.857534758300808,5.2656690464351605,4.578524737185625,,,,,,5.461234091464748,5.364960729471014,6.209531254374917,,5.207840513866887,6.061476203106045,,,,,5.553908432578373,,,,5.643244102258155,4.574815165973409,,4.699008757260512,5.181053953501463,,,,,,6.149353377881075,5.080589137337931,,,5.599462892664974,,4.761071160458512,,,5.290429164760993,4.82754244549121,,6.272969081089614,
PXD030304-Sample-227,,,,,,,,,,6.003478278481549,,,,,5.758817272753057,6.312233977523228,,5.807241534214997,,,,,6.299398036265345,,,5.998939013556415,,,,4.645725117086821,5.338447786979514,,,,,,,,5.886549321241863,,4.679301717536303,5.486738860732694,5.804940816469439,5.011784730099359,5.3736772832921975,,,5.111387372617423,6.068641378098214,5.376994365902922,,,,,6.055384575823238,,4.989688643829545,,,5.087735672294247,,,5.281909044430341,5.455916712121351,6.254802989958885,,5.3804073294467445,,5.238533324954392,,,,5.346972949806061,4.869012443275885,,,5.700681372233783,4.678837524409415,4.850556103748558,,4.990279336320828,6.072251232660861,,5.184625343696204,,,6.252785450312556,5.22377255489555,,,,,4.868882064884367,,,5.431902102816862,4.924213198940487,,6.06801564600231,
PXD030304-Sample-228,,,,,,,,,,6.235453245718681,,,5.800609598721109,,5.545167058644302,6.280451264723299,,5.838582645163495,5.666007337379062,,,,6.391358635792036,5.537944262984136,4.862723589024074,5.383512024576422,,,,4.563310126195555,5.318303037916321,,5.009842239965028,,,,,,6.079110585827602,4.703878411330849,,,5.905115403601908,4.925819305438958,5.280382464420837,5.372898768742811,4.8162137044648015,,5.990925127580903,5.438642370223784,,,,,5.565667988827895,5.278613774784926,4.922827324239451,5.230200521223491,,,,,,,6.108637868836211,,5.677925928458974,,5.785995649731454,5.515280965774517,,,,,,,5.630795262337961,4.585482934808544,,,,5.663559872571462,,,4.815580969356877,,6.482264933837709,,,,,,4.782891713122263,6.335002730326823,,5.316313152091648,4.978585523238818,,6.150239849131026,5.074792768670188
PXD030304-Sample-229,,,,,,,,,,6.254047204880274,,,,,5.948004762227928,5.993950423923252,,5.671110928915001,,,,,6.321288222150875,,,5.352388371951165,,,,4.681488189807364,5.469531895478831,,,5.470440880546251,,,,,5.430981766167201,,4.626854629730775,,5.627615738693328,5.255306035936268,,5.4071987639060834,,5.367980590189567,6.046396177079192,5.48002988883575,,5.436627449197793,4.944837658352419,,5.600458740378156,,4.929819456512261,,,5.33522329607649,,,5.244194368477233,5.376536722993579,5.856410543731712,,5.230944117904168,,5.49741410537164,,,,,,,,5.94257372926872,4.598826725321459,,,4.926232615348217,5.698529901304695,,,,,5.823420318378547,,,,5.649069256029903,,,,,5.3610207117106405,4.875503148143348,5.853189238685828,6.190834135759177,
PXD030304-Sample-23,,,,,,,,,,,,,,,5.891490797996438,5.841017252402818,,6.4866455918075605,,,,,6.278090694922158,,5.448645914517982,5.704263538430869,,,,4.5635510543991975,5.0861148936359255,,,5.625774947528425,5.240077534995503,,,,5.454755194579,4.716361815675356,,,5.4422839482426415,4.948378514691252,,5.364180016837142,,5.050697601059547,6.014042013284333,5.595934549517696,,5.412146813988089,,5.086586697755236,6.296864051939375,,4.625898808158668,,,5.309324285909772,,,5.172302217672262,5.300586565777964,6.126631276161876,,5.513218625476935,5.474699831554336,5.470884967946615,,,,,4.723938732471305,,,5.616169361461183,,,,,5.985289143136123,,5.375090749619785,4.816991788674898,,5.922052406596546,,,4.792412771781197,,,4.792168204949865,,,5.336511853436018,4.863082003324608,,6.480100055121764,
PXD030304-Sample-230,,,,,,,,,6.240971245131148,,,,5.224132165175501,,6.007147232401966,6.249142903106656,,,,,,5.183940491909145,6.034348125572471,,5.318115908010712,5.976561435182657,,,,4.569748162357018,5.326129917300148,,5.030091026500408,,5.246178159609083,5.041746627017158,,,5.744519836973516,,,,5.603445399649765,5.631514895010842,5.28142958741952,,,5.339835286799543,5.963616869975924,5.750254120661969,5.524664620405822,,,,5.886289207757963,,4.6438744100020175,,,5.001635249556894,4.942136428262672,,5.198187315927745,5.354374713267423,6.141849903947399,5.287504855580644,5.286351662458183,5.954458729166631,,,,5.2805196393814695,,,,,,4.58404251211746,,,,,,,4.8225475147069945,,5.633611189571817,,,6.019425906194517,,,,,,5.32308122713912,4.841875756953001,,6.39015359925575,
PXD030304-Sample-231,,,,,,,,,5.899797823045295,6.18638110919123,4.87575680560947,,,,6.0954500974856,6.087626810342308,,5.605719362971748,,,,6.116656955920384,6.007265534673167,,,5.967041227581104,5.251866644976282,,,4.555194353054468,5.224947634678704,,4.98914356101858,,5.2130423417060445,,,,5.813675521514795,4.676243289474753,,,5.79508045672967,5.602566822733326,,,,4.991086717150034,5.969204489925649,5.8380875838671455,,,4.870686339742133,5.307778354912481,6.104258378899508,5.251920022798393,4.914461814301362,,,5.2621653070636825,,,5.229184024640085,,6.185518770397071,,5.290788583033066,5.926180230744715,5.424902210243042,,,,5.231190781945779,,,,5.593073746406201,4.574870972339698,,,,5.948230400924834,,,,,5.784265997486823,5.091231524383936,,5.379546436196827,5.580141955037116,,4.792366890998903,,,5.292138391910036,4.820936134350894,,6.362440417520361,
PXD030304-Sample-232,,,,,,,,,,6.3126207315813785,4.965287798623853,,,,5.932163953119174,6.287539909952448,,,,,,,6.424139990917801,,,5.63379022565897,,,5.229572325944703,4.658810031468539,5.633197070927677,,,5.206685505685615,5.327973596997541,,,,5.935880728831324,,,,6.108922916116377,,,5.447491761648573,,,5.699133914556061,5.69983242617846,,,,,5.34815043256306,,4.700873485684951,,,5.051042879676607,5.00728131491963,,5.244088390124047,5.493420183413735,6.055923652139192,,5.309363444499508,5.866738590148685,5.704505261182608,,,,,,,,5.728313949644253,4.661539959351181,,,,6.047412073898276,,5.755140844677488,4.897176955181622,,6.307522479269956,,,,,,,,,5.4010901095950565,4.926135786493948,,6.461108777399891,
PXD030304-Sample-233,,,,,,,,,5.831018165914333,6.134036620780679,,,5.422660316230584,,5.994097241457726,6.082286116997754,,6.165750831017302,,,,,6.005095006514856,,4.776356027981781,6.083204955864716,,,,4.981402369823364,5.173751049683102,,4.928835039409873,5.050993990913312,5.460869575982825,,,,5.894564062097236,5.248202399945545,,5.327509739219134,5.746912409850415,5.704910684571674,,,,5.256266482022925,5.921776607385471,5.671524950395701,,,,,6.245562815263142,5.502444212840922,4.8222318630691055,,,5.02958506836007,4.8509733123034176,,5.109224845807721,5.236255434682972,6.005000271456389,,5.4210756286609,6.096323387648501,5.069832379385639,,,,5.17600154070626,,,,5.528600975860568,4.503671095148135,,4.64033545630997,,5.607884192822768,,,5.031079840017842,,6.1502034082983785,,,,5.533973537029236,5.000631570379596,5.013807323207524,,,5.229865035073854,5.286310634615483,,6.086517410353357,
PXD030304-Sample-234,,,,,,,,,,,,,,,6.04772849642962,5.646917881774367,,,,,,6.156203800437063,6.203469378470016,,,6.128440271588817,,5.047359127480163,,4.855555738330736,4.766322223649859,,,,5.235522326947924,4.72270452032183,,,5.48437353371948,5.002632890422955,,,5.721465164438359,5.775492935421676,,,,5.052919001885088,5.949780212924339,5.744530233776081,,,,5.64212703315974,6.279978430003798,5.582758552376709,4.884818816894104,5.18316775408767,5.540230265234286,5.293600138387749,4.924287774031107,,5.205533637216606,5.756684475274857,6.008124230136144,5.298083080887265,5.29190521000774,6.091597789178771,5.452451342959786,,,5.755458629955771,5.254104057534854,,,,5.609231547376648,4.573575761723451,,,4.884989065708435,5.658016222421365,,5.361570052384246,5.284780593463495,,,5.110856720570382,,,,,,,,5.321197180482161,,,6.537326905864592,
PXD030304-Sample-235,,,,,,,,,5.855307976763431,,,,6.1269999611082895,,6.065723006275617,5.966443899266503,,6.274505199574112,,,,5.458891659437935,6.255674485710623,,5.089144708988486,4.813532140424942,5.225240774081305,4.981965152703897,5.076931779538849,5.012889190491856,5.118185927805502,,4.991034415566018,,5.495391078255205,,6.088684790339999,,6.032477736220659,4.649303623639217,,,5.920243702137507,,5.831588745637327,,,4.9908207053286375,5.930613715014625,5.842165640227698,,5.843600888553838,5.172120774434694,,6.27167643426594,,4.8763370777571895,,,4.9770883661812055,,,5.130913627533495,5.277665428120275,6.063930380592355,5.235151366916179,5.433673982868454,6.204154716006196,5.727559114758004,,,5.526826543295024,5.5125414750069694,,,,,4.811011713499463,,,,5.629402155469718,,,,,6.362443138516066,,5.304554189176612,,,5.045559839944301,,,,5.257742530448929,5.135853832381392,5.795231341532883,,
PXD030304-Sample-236,6.7590985732601805,,,,,,,,6.035282405708838,,4.993304696284595,,,5.054872420823217,5.788200583854609,5.469133734076051,,,,,,,5.526942911639141,,,,,5.12339997649003,,,,,,,5.370908807351537,,,,5.499990973542032,5.1391003947251095,,,5.536936805076567,5.643751742785679,,,,,5.73466832721417,5.658036887866185,5.203222474251502,,,,5.693809155210977,,4.703193258342731,,5.334859754030062,,,,5.389413494111745,5.4100729390377404,5.509074210247823,,5.615855364524684,,,,,,,,,,,4.688968495475344,,,,6.088868379241444,,,,,5.731832529885578,,,6.035793762812413,,,,,,5.43821572860719,,,6.397162985921067,
PXD030304-Sample-237,,,,6.844557513812067,,,,,6.279881645805451,,4.914081497417677,,,,5.990554927473273,5.576694642882823,,,5.684344676627483,,,5.202174547930654,5.910944944532459,,,,,5.0679416083068,,4.864970571892887,4.779697199582194,,,,5.251096268872735,,,,5.955990682151817,,4.602366890119681,,5.602208489326617,5.416944100448335,,,,5.355205561914401,5.963886167450053,5.660270801838736,4.634771122801049,,,,5.888470808384231,5.286479804525116,4.961986947091289,,5.546355280376292,5.018652782318837,,,5.245717382879264,5.358104834521772,5.764989276861965,,5.304915478585504,6.086877168660893,,,,5.286698092311778,,,,,,4.567825409037311,,,,5.703378572871215,,,4.810134854254534,,,,,5.579213828656484,,,5.097883012385606,,,5.327362306723363,5.699792806632587,,6.393360061110879,
PXD030304-Sample-238,,,,,,,,,,6.282328378407856,,,5.8810645524771,5.024324193848681,5.6074231199097015,6.526816913288583,,5.473120479821917,,,,,6.300545868117173,,5.226370482982858,5.037899217708648,,,,4.622331298154105,5.57495595560223,,,,5.296606376231391,,,,5.545321521827689,4.760062156835418,,,6.030418628706257,5.287105278363759,5.334866764540757,,,5.079867336013153,6.025250531546133,5.615713881043492,,,4.94859922044322,5.095959777421102,5.818813708592594,5.347030461659138,4.991646700862281,,,5.055995427549262,5.289985180464492,,5.233097832954779,5.3735006326059,6.096551634555776,,5.402041197789738,,5.504367713205013,,,,,4.774852587030887,,,,4.912433391358906,4.816470288171419,,,5.724917517171798,,,,,6.090829834989631,5.151178164078554,,,,,,6.400541272019002,,5.379115588509285,5.532574597557409,6.368215000181956,6.045467886503051,5.5411837272664295
PXD030304-Sample-239,,,,,,,5.694009671520282,,,6.181010749892857,4.852088469890893,,5.153197532688718,,6.0105069664552015,6.067636757322661,,5.683371071665236,,,,,6.349195639333986,,4.80735178520252,5.775804877530649,,4.9794336670937165,,4.834785667727776,5.215290637237825,,,5.091410331378748,,,,,5.760873035859121,4.688711889694517,,,5.6857237213676095,5.182379562812971,5.241468805522522,,,5.010491866069821,5.93005383115967,5.766962564415397,,,,,5.941851976155633,5.241303951070986,4.869067068067821,,,4.979866687071167,4.891652687998094,,5.145627969471022,5.303356881350387,5.803340255462656,,5.1877023027049605,5.747703039468476,5.591466280704051,,5.1713006408751125,5.249023475386169,,4.980480904411135,,,5.581725346969659,4.536266058323671,,,,5.94303346925804,,,,,5.988427764068216,5.06751763330412,,4.762183906163156,5.575630173431548,5.0396804645487725,,,,5.294583510457001,5.342109434436361,,6.247432459796309,
PXD030304-Sample-24,,,,,,,,,,,5.052793528412205,,5.649564251796057,,5.6265998452209125,6.299834473066293,,5.08424702077057,,,,,6.193734908859244,5.692535494919597,5.609143711692166,5.363210779567049,,,,4.716271479556866,5.530645422978795,,,,,,,,5.761718703658107,,4.74940094928336,,6.060025514514127,5.372543559371507,,,,,5.947406846776515,5.191399863769283,,,5.040863197647592,,,,4.818387153313369,,,,,,,5.5348688379451865,6.017762294170193,,5.530630458407557,5.638497468450351,5.912651733877331,,,,,,,,5.758622724340446,4.687243844759381,,5.170696297952612,5.051146045704074,5.829738190896009,,,4.962753558202442,,6.324029168920708,,,5.2944638452225306,,,4.966550860260629,,,5.498270271918706,,6.012121102163555,,
PXD030304-Sample-240,,,,,,,,,6.2069874010469785,,4.853032366592707,,,,6.013127453340376,6.067605061759124,,5.488095797361431,,,4.566603934963287,,5.675298448812352,,,5.424535101457566,,5.764751358211488,,4.816885361420972,4.725346145272001,,,5.080366889362413,5.2239474179996375,,,,4.9301334239016255,5.456418647992995,,,5.781665914023738,5.357824542068963,,,,5.304538358687471,5.937070674661426,5.686712687223868,5.048717772672005,,,,6.013881405188844,,4.865117596887998,,,5.245280460852649,,,5.14845887376987,5.264596649306113,5.9891000099482365,,5.209177408516794,5.729977166439249,,,,,5.521233912785245,,5.669621798600041,,,4.5558963962443295,4.714800072093155,,4.838162458023815,5.940315880171388,,,5.244017843354901,,6.131203048592173,5.067756824887986,5.284991337282444,6.360192559145844,,,5.05472164146139,,,5.274235839717202,5.476711867679685,,6.495824588602829,
PXD030304-Sample-241,,,,,,,5.841165871188879,,6.015491610675837,5.97177571104127,,,5.971640736613755,,6.3221522811412,6.200012221995851,,6.1181689566667545,,,,5.248795738642829,6.194257506700813,,5.389036538140752,5.558289406193534,,,,5.110437362916409,5.013152512836842,,,,,,,,5.592615293090836,,,,5.789938072416151,4.996573795876371,,,,5.146637966199689,6.014083424399709,5.651790547959761,,,,,6.048924485807408,,4.981001708898243,,,,,,5.27523429598948,5.390158558370525,5.335850785094566,,5.306499308199638,6.036938241419248,,,,,,,,5.385145490286146,5.680389456755562,4.631737832790497,,,4.967825702720849,5.75205005886682,,5.127784214802745,4.863232407152338,,6.238131443527243,,,5.195353340705908,,,4.841692024017418,,,5.384517807324932,5.220663738014312,,6.043479139650549,
PXD030304-Sample-242,,,,,,,,,,,4.877368018673331,5.540705289788145,,4.93712178668904,6.241197603512147,6.067287799377669,,,,,,5.475793723527687,5.720343429555652,,,,,5.613555229442129,,4.852641130805908,5.414261338359367,,5.0058440194326845,5.595932787911268,5.552844267317596,5.031858002545024,,4.658270377696625,5.819419386619787,5.400640960115994,,,5.813060623558619,5.5323998285822364,,,4.796565639016566,5.018329710096295,5.939838785783401,5.898529517223305,4.898735418748089,,,,6.108285394794857,5.265441974552075,4.600267865009247,,5.218699975236956,5.2652163865344095,4.913780812508369,,5.464497628574394,5.304730620347239,6.0950291797653335,5.569013187127526,5.1896130002686185,6.315924915653163,5.616520568892554,,,5.968866283079136,5.5453338128948655,4.70885322841758,5.674101692016405,,,4.552517201037593,,,,5.967743846555896,,,5.095156844298507,,5.788739454943821,,,5.379051327943103,,5.065969898713886,,,,5.297367009556797,,,6.506893865604472,
PXD030304-Sample-243,,,,,,,,,,6.022101382826076,,,5.303889573957517,,5.365728967082163,6.1220642370680665,,5.524882917799297,,,,,6.433468994018277,,5.4474817740603765,5.263936296814694,,,,,5.489551474160368,,,,,,,,6.016881156012232,,,,5.939867033282164,5.032438041160581,,,,,5.88543624076878,5.409787890457862,,,5.408238132210134,,,,5.054414846940876,,,,,,5.301126466772101,5.711611292112526,5.967922302500321,,5.3927005847303855,6.064197515780414,5.742834454375152,,,,,,,,,4.658356172796189,,,5.008643958334268,5.775731034840224,,,4.914436353816623,,5.923727489598129,,,,5.721709360848041,,,,,5.427401808741857,4.965892549523194,5.962912456086585,5.799270985558048,
PXD030304-Sample-244,,,,,,,,,5.817964076940049,,,,,,6.17970098887608,5.854948910523558,,,5.57759746772789,,4.501203632982396,,6.170114178463473,,,5.210159463257314,,5.709179274154458,,4.761038694085005,5.379137933996858,,4.902188637305947,,5.446919621648581,4.620371219739669,,4.563508065887828,5.857174181693656,4.608524600396478,,,5.631430082740057,5.678259833413437,,5.238381640442162,,4.912931926140067,5.857738829544527,5.861121304360867,5.422994341993008,,,,6.176865552007015,,4.796526886657251,,,5.199016084636762,4.824202671985075,,5.364934440085966,5.388752989921436,6.108581073333401,,5.387017329798854,6.164454838221303,5.524801915709602,,,,,4.621963960746025,,,5.524056644605334,4.493313665812648,,,4.778723334390384,5.571785773838253,,,,,5.9941396510728,,,6.37573716699732,,,,,,5.251685490504411,,,6.275964654976887,
PXD030304-Sample-245,,,,,,,,,,6.303301672432711,,,5.76232700210466,5.045887222634107,5.321602114314056,6.326181867415182,,5.719378189654819,,5.195978190635933,,,6.722195130581588,,5.222920530471333,5.653678658995617,,,5.2199122930496245,,4.850718468864304,,,,5.313215823690546,,,4.756306143161141,5.530357913636439,,,,5.815961390187473,,5.979040922412484,,,5.101711402142647,5.69887091410931,5.361667951719407,,,5.386927809658847,,,,4.961817695898296,,,5.366422049045075,,,,5.504120756252911,5.787178143559013,,5.463097397709271,5.569317377303537,5.231019323235486,,,,,4.799525404715841,,,,4.621946118319658,4.850317530199423,,,6.057120106216878,,5.159877484309275,4.893142605113277,,5.704246952124561,5.179019988644583,,4.870037443849478,5.718996344634499,,4.86918571235859,,,5.439907927971785,5.337365276925764,5.905760514300388,6.057354685267526,5.470924950093384
PXD030304-Sample-246,,,,,,,,,5.877562947562593,6.148649376386646,4.855855723983348,,5.428630966283267,4.921902912083888,6.147913245279806,6.186269425921965,,6.163583020410226,,,,5.963320506182122,6.385850014448765,5.762545749219752,5.259350586755361,6.05922062852672,5.218149432789188,,,4.517495090389652,5.493895970587872,,4.973140927178803,5.583847701192694,5.503943765587251,,,,5.887359707555168,,,5.342819757626701,5.914032151158314,5.337444469755408,5.522145463371501,,,4.982398076667059,5.596143850271449,5.83255756501966,,5.340473177444513,,5.777696259419995,6.221576687288353,5.219828082929497,4.877573199800644,,,,5.173829864847061,,5.426875361235749,5.309510803923666,6.231687765407202,,5.181330282829986,5.42942861091595,5.576253522591587,,,5.700764975384183,5.5199384909381175,,,,5.554256322229361,4.809653359009875,,,,5.917815378627754,,5.723262567453053,5.061175629087974,,6.355166533177085,,5.290449154112656,4.785976847675991,5.557580489928294,5.057097610209488,4.723135171814891,,,5.27511561436975,5.196138828360726,5.755106030529757,6.329089132285805,5.038954497643158
PXD030304-Sample-247,,,,,,,,,5.93483713094111,5.912250462021898,,,5.4965242007387545,,6.006547155783926,6.324139393229199,,5.41755506101791,,,,5.505533792302309,6.437478264807254,,,6.08703891649622,,,,4.561644252234873,5.255362869138233,,5.019992826385835,,5.242020149078238,,5.971356524108754,,5.8228036910028775,,,,5.829043602784497,5.634403596709267,,,,5.064448185849361,5.9858498679675245,5.291335342239725,,5.414446491534808,,,5.757999314072433,,4.933305011498715,,,5.314335642776227,,,5.198700791199059,,5.807168829154959,5.292595919746366,5.490368371458686,5.475723340497554,,,,,,,,,5.614891594071203,4.598537999749025,,,,5.991975460219895,,,5.296491526268978,,6.028526634367056,5.116827588390692,,4.835113790264132,,,4.782731319450615,,,5.328104492033302,,,5.988489343713663,
PXD030304-Sample-248,,,,,,,,,,,,,6.095084916630771,5.099779055031624,6.063843143627134,6.335586701001951,,6.385151168678162,,,,,6.585841416305465,,,5.401137518477959,5.3575847340663145,,,4.633833559834363,5.675784435393661,,,,5.326762116390702,,,,5.918923565111212,,,,5.219737674004422,,6.213588932290989,5.428548111467431,,5.166471950043009,6.021305852552869,5.477785015644937,,5.799955243099216,5.32319437662393,,5.356811336096239,,4.985356255919535,,,5.054315519007839,,,5.263778999310597,5.393651776062855,5.181392796706028,5.366030692520504,5.36518789654884,6.163725074408816,5.535059692522411,,,,,,,,5.687857501287952,4.93359409655123,,,5.278398902671977,,,,,,6.175661238498551,,,,,,,,,5.385809832391336,4.927609033562422,6.220661467620588,5.783335162713634,5.749790981379393
PXD030304-Sample-249,,,,5.958425198395189,,,,,6.313928813086187,,,,5.54125239840941,5.03051896930411,5.654673386230089,6.313136843354769,,6.525090723256498,,5.170277660495661,,5.2685839180369145,6.307560203303728,5.552777313211093,,5.804666268443607,,,,4.612219702449321,5.29639555242739,,,,5.61025705340183,4.790140746253567,,,5.326642547186361,,,,5.882358511957919,4.962341279796498,5.330905901761796,5.433336463654921,,5.097676856711896,5.990612459423513,5.779068947608641,,6.066861155417651,,,6.348414144715829,,4.937032981118312,,,5.04003224985475,4.97206093669666,,5.285987969446599,5.317414155807886,5.620625144981709,,5.280118120331263,5.841540865354953,,,,,,,,,5.657276040263289,4.630061625460618,,,,6.031017629989954,,,4.856007300999676,5.597555005516572,5.978340622902216,,,,,,4.8286708072702105,,,5.362342229232721,4.852535083730896,5.866945111010003,6.45237079186838,5.644441046449321
PXD030304-Sample-25,,,,,,5.818218983704043,,,,6.377076224975497,,,,,6.443836668038666,6.468433923393625,,6.093890138900541,,,,5.370082990431482,6.13460904153993,,,5.861813100779183,,,,5.017156702642345,5.226814844913797,,,,5.398031734281749,,,,5.356555347353679,,,5.558888499316139,5.277539479497487,5.792081675841959,,5.51418192411996,,5.237604748722899,,5.495183122278631,,,,,5.410937794685362,,5.023347722466382,,,5.464463752239219,,,5.358591004480387,5.417963831609781,4.946670053494442,,5.400188615473741,,5.618423142950675,,,,,,5.8303814481552685,4.97943973604636,5.763594606136456,4.728802375398778,,,,,,,,,6.0770883971374445,5.268532500504744,,,,,4.952353876014236,,,,4.998644133308471,,,5.537688229573553
PXD030304-Sample-250,,,,,,,,,5.910882692769821,6.205180393934149,,,6.061262750056801,,5.795481371323515,6.193500192032801,,6.479880360363445,,,,,6.193193700885395,,,5.84925270381801,,,5.119556661121281,,4.938033687234845,,,,5.229706444780089,,,,5.65927292547479,4.692206528801174,4.579308410408988,,5.959719143693146,,,5.337965165572756,,,5.986057151274153,5.604349360556865,,,,,6.35564070442193,,4.884025263015647,,5.219466618322628,,,,5.199763794712392,5.270734883517857,6.092244520131553,,5.259583952146416,5.461130082248629,5.437576762067692,,,,,,,,5.605757630757085,4.57584554092157,,,,5.956714217204439,,5.06650282894183,,,6.318591552344393,5.095490980359713,,,5.900278300353674,,4.767290676795247,,,5.307667448079172,,,6.148960298727667,5.363142345860261
PXD030304-Sample-251,,,,,,,,,,6.187324335114711,4.843702743068127,,6.079907267120557,4.946072775580562,6.2913027432461215,6.1626094458114,,5.940407041170133,,5.073408734491005,,5.14878463894929,6.408342426334556,5.860603499976651,,5.120860916216446,,,,4.8486752222299225,5.284707366572263,,,5.41194748335265,,,5.625080924920294,,5.8938461597606695,,,,5.993265483635734,4.890771220246803,6.024043764616014,,,,5.950548598064271,5.750333474499136,,5.6708012917428015,,5.954077102350248,5.521640968778682,5.2388342498126015,4.902567013425205,,,4.9816170984345325,,,5.127177007590761,,5.944124778181453,5.2505037658187765,5.466566316333835,5.453391564136592,5.722060608240146,5.791022658180441,,,,,,,5.574319672622872,,,,5.1575242778418,5.93865176453386,,5.033519209001655,5.27211150916608,,6.365485385958017,,,5.081408642485616,,,,,,5.2943041154004025,,6.27466951917876,6.2398474363925,5.422092984171222
PXD030304-Sample-252,,,,,,,,,,,,,5.840607671116821,,5.706276179823655,6.409131291603995,,5.569251578372379,,5.147773185946138,,5.706005968026058,6.251867276026504,,,5.805238347577506,,,5.168254341597605,4.910325761646633,5.627531515514282,,5.058819543408212,5.467520357833689,,,,,5.93863442099056,,4.654075817648648,,5.946192322431732,5.572915942585791,,5.691526159990669,,,5.695615016099002,5.3831872368691736,,6.080369188890991,,,,,4.958663291918404,,,,4.9752744344746445,,5.222569783578715,5.472172245628477,6.088534564432877,,5.567097946690545,5.522848430336957,5.662736092420747,,,,,,,,5.643908939968249,4.617767956495816,,,,6.012848321891143,,,5.162103077231213,,6.329252209710663,,,5.128646778548198,,,,,,5.370354095464893,5.603164269330447,,5.708732298925396,
PXD030304-Sample-253,,,,,,,,,,,5.006108345645734,,6.227322688789473,5.101179526768191,5.95780437798832,6.192092575591967,,6.048498278979059,,,,6.206718252388278,6.028501368402035,5.64034588763172,,6.282902746004535,,,,4.986094664485521,4.87861078361529,,,,5.664968588087855,,,,5.839159113917377,5.119698011285215,4.706274555623719,,,5.030879995644145,,,,5.138242420999444,6.0625825414653285,5.669439970165991,,5.550681925614657,5.033872367315478,,5.698577601801103,,5.034532149549201,,,,,,5.359828306324613,5.483017793648197,6.077120440845288,5.39490372662152,5.336187863995871,,,,,,,,,,5.716348659053739,4.656982211215786,,,,,,,,,6.6351906385249615,,,5.213857406295201,,,5.204086939313539,,,5.425706215733286,4.969833896919478,,6.397120168063145,5.537888500166114
PXD030304-Sample-254,,,,,,,,,,,4.970379099004433,,5.298043621901535,5.059467580587417,5.845013738383562,5.912485133674708,,5.967845851279646,,,,,6.358611978930281,,5.411481323515583,5.656477133646314,,,,4.658134937906878,5.029082657798137,,,,,,,,6.07362769660885,,,,6.113344739518215,,5.967163085687336,,,,6.043018074869789,5.559005247154187,4.687130954163395,,4.9842265026770205,,5.65322540165964,,4.983979518058342,,,5.0857509341355005,5.0094827865241225,5.443267866773984,5.238910598874828,5.559209225403378,5.995349978284574,,5.170121868126642,,5.841987858803484,,,5.359134154347119,5.3352854615069045,,,,,4.933234140630523,,4.787641266964623,4.986768251554977,6.058971513755258,5.33915600558493,,4.894171377675834,,6.107979489280293,5.1747977340816815,,4.866052964380976,,,4.86489492115795,,,5.402021764269062,4.949563876336535,5.908505788738902,5.771647742066207,5.18638902735593
PXD030304-Sample-255,,,,,,,,,,,,,5.592618946205386,,5.909775859418738,6.283468867741098,,5.813505789682014,,,,5.292161734482317,6.232083745472233,5.629124249648646,4.973034603784722,5.2926456812102325,,,,4.723561657270915,4.878166269343926,,,,5.644921230864615,,,,5.542705485455951,,,,5.208204971006718,,,,,5.169649257224007,6.108913453390148,5.536335058937098,,,,,5.393501165610549,,4.6699162831538805,,,5.054449439290975,,,5.32332112767979,,6.03212630145997,,5.346118371285259,5.565981730263565,5.242653000998483,,,5.372403687151319,,5.12209042451123,,,5.708590414023785,,,,,,,,4.899206535517067,,6.268742166082667,,5.439500315042784,,,,,,,5.433758965870896,4.904594169556305,6.397261608298949,6.247112083094878,5.15675645063097
PXD030304-Sample-256,,,,,,,,,,5.96635625488426,,,6.113258071123128,,5.86298831452687,6.239368276877325,,6.277120059987449,,,,,6.265298398324696,,5.191212378911809,5.625074493696353,,,,,4.822108379413106,,,,5.313936836821732,,,,5.626222692936222,4.7583884244227885,,,5.479053789152779,5.294891330663207,5.345359634899948,,,5.073157131865228,6.008937415215615,5.395687424391612,,,,,6.033327205135169,,4.976527054826347,,,,,,5.267979561182694,5.36338205542541,6.037367306173845,,5.481201016503573,5.557097844958093,5.200390545186412,,,,5.314839438120687,4.773194527744563,,,5.660333876150513,4.638487817791045,,,,6.031988496414803,,,4.861882138002414,,6.345006752498806,,,4.852829913085792,,5.130729691174494,,,,5.386113881022715,4.898617676296409,6.185149926843916,5.748575623295224,
PXD030304-Sample-257,,,,,,,,,,6.248297914502759,4.941640861807493,,5.851735245480316,4.992354183701079,5.75809325475536,6.1746398979967765,,6.309549074652626,,,,5.839724164279631,6.208763668144779,,5.192568574276598,6.051840424193864,,,5.169963147782954,5.132446957598464,4.812278528766544,,,5.177541682137979,,,,,5.440397447776594,5.080547683376754,4.94815256488304,,5.867997665404952,5.262244475230919,6.2359495463597785,5.439249627617177,,5.076908228059206,6.077480763121888,5.484223344837211,,,,,6.102566229778573,,4.959534899022707,,,5.339604126439485,,,5.26162760535046,5.348610638891047,5.579514820829482,5.324288441393554,5.468730819584287,5.51877529041165,5.185652180460957,,,,,4.771818834310286,,,5.651647375779884,4.595023240549065,,,4.924973922975636,5.729460050355361,,,,,6.054812630629206,,,,,,4.849259297890372,,,5.360226259701644,5.329512980194259,5.883405355881428,6.4148347048977925,5.435791878370686
PXD030304-Sample-258,,,,,,,,,5.920155788376224,,4.898261572033771,,6.084850941656876,4.972899373356071,5.980869243652501,6.121229914960813,,6.098709484203473,,5.1275855337627325,,5.481082944534047,6.641154786974016,5.530119174426698,5.150206794382102,,,,,4.8826705936557255,5.604120505661983,,,5.6275441410208815,5.252903978523647,,5.674295562538665,,6.000167489023019,4.735553682031019,,,5.742157938724308,5.536544723356236,6.472978280266473,5.361883949793084,,5.073424889678826,6.051251880936928,5.794746740017994,4.632951316324998,5.892757503857215,4.901323896401826,,6.248538197170412,5.3370170078699255,4.911479869850648,,,,,,5.220025482243128,5.308246917082317,5.510478003254664,,5.344477962904634,5.798811992926596,5.464426612091656,,,5.767295021754257,,,,4.836015033372776,,4.868586821739619,,,,,,,,,6.353453327298471,,,,,5.090424823069127,,,5.527667404658603,5.325264590716677,5.270122241857589,6.1399908094574345,5.99546210698185,5.421501634014903
PXD030304-Sample-259,,,,,,,,,6.22980432605839,6.1985541756946585,,,6.11330818171102,4.962013947645971,5.532953547190825,6.073934472006338,,6.296309116125059,,5.105156978588088,,5.27538245112196,6.271862718113876,,5.440113988881527,5.112788251513992,,,,4.856186742871057,5.23705220662059,,4.998134528443551,,5.250927222071639,,5.95543167484572,,5.93343982288579,4.698304967322873,,5.387300832218434,5.813836789804748,4.906886321895732,,5.361889148804212,,5.01470383182987,6.049939565114126,5.683626234646065,,,5.195001589473164,,6.351655105121214,,4.918126752738877,,,5.297555160823185,5.223355517421034,,5.178824941211393,5.3073787458879815,5.599831006757407,5.297694069922176,5.285008806344168,,,,,5.268625693092015,,4.717433280385991,,,,4.851091808716955,,4.694855274722308,,5.955314788346585,,,,,6.014386489568271,5.095198776773958,5.342362282063923,4.780209071705971,,,5.090367481428554,,,5.332265754839273,5.5643612774543465,6.2979066006677975,5.971173315396803,5.482490737048713
PXD030304-Sample-26,,,,,,,,,,,4.870178337556644,,5.484110300693293,,5.924750339771893,5.903622681926613,,4.905252727804323,6.016369571685412,,,5.237003806963828,5.410048745537851,,,4.8403415110011005,,,,4.856679172084312,4.738872056821919,,4.989851358506113,,,4.723568791085968,5.6352714867400655,,5.056737523110973,4.981044800863843,,,5.574976352340644,5.596004474668578,,,,5.029671342129146,5.915163274517762,5.748447657584515,4.577046196644259,,,,6.038327574861751,5.251323656320845,4.918835477189887,,,5.002678152482663,4.9027532869797135,,5.156925330519332,5.277015335749313,6.092941190978822,,5.376273510612185,6.05673466826253,5.120216443719722,,,5.258631283326878,,,,,,4.615559506888103,,,4.882868142358076,5.94850517375543,,,,,5.888174291262223,,,4.790984990027318,5.607208443800412,,5.087003853883966,,,5.3122961002040014,,,5.940758498569853,5.035093982729889
PXD030304-Sample-260,,,,,,,5.763554236596135,,6.23210779559172,,4.859125707076528,,5.210375999975111,,5.818235899650748,5.802858437484846,,6.342113219998819,,,,6.069544123581497,5.704375417267512,5.480131971868629,,5.630267668997227,5.735906236580634,,,4.87223159761836,5.3446636082803245,4.896617066748611,5.045647931232869,5.604768863624097,5.234597433376716,,,,5.366530737664967,5.160085790763588,,5.429897631553269,5.698710841184022,5.191622918935542,,,,5.05602725109511,6.195450145348394,5.7430652374283095,,,,,6.097849429750746,5.270602418198498,4.931662048579744,5.947028426580184,,4.979670172987671,,,5.227445791728945,5.709216059868992,6.180587469670067,5.288960524927537,5.333713884327884,5.930413192371698,5.120309156888533,5.809085339644568,,5.250118607536499,5.532500256244331,,,5.111556648078536,5.594641598292833,,,,,5.634410095402713,5.261537408069282,5.346828163632114,5.0998252827284025,,5.598812100807358,,,4.781063004836584,,,4.764229564422546,,,5.3295648480925095,4.789296422340754,,6.515994478669003,5.053230232728097
PXD030304-Sample-261,,,,,,,5.750387705199775,,5.945021583646151,5.899827202629735,4.883067280419654,,,,6.24265945869222,6.377115535873824,,5.926930902886929,,,,5.1749248529049,6.1341203453817945,,,5.464775587319262,,,,4.856221625910438,4.937103986158891,,,,5.543877676673138,,,,5.322808429989337,,4.585507211831733,,5.898257846255392,5.223824649686884,,,,5.31921572715827,5.987816634128388,5.715704054072933,,5.421761471416772,,,5.865435323700753,,4.892890076259713,,,4.990541196185687,,,5.233788088807659,5.301950046563364,6.131172866866924,,5.353177209772829,5.778493577130038,5.7469660312473785,,,5.26820587511715,,4.711517560925085,,,5.598570431584488,4.859001282320056,,,,5.958476985078959,,,4.792818272270034,,6.367207791749087,5.094392760321934,,,5.602310469472026,,4.77290439856589,,,5.312143096483985,4.917194707024805,,6.449620804578441,5.40865006464584
PXD030304-Sample-262,,,,,,,,,,,,,5.835040492244821,4.995989324284622,6.063387140953406,6.140044577452864,,5.962177656719411,,5.152809371385551,,,6.453974287903799,,5.165082254185079,5.605644335846577,,,,4.888273315983543,5.684214001418935,,5.032000398497961,5.469163396900526,,,5.9923994562556295,,5.70366036822678,,,,5.748812455040184,4.944343420044477,5.605462072770507,,,5.050879422172787,5.665498761608608,5.728964593160666,,,5.262356398882012,5.361645249720206,5.777994624517842,,4.961460516060849,,,5.007939975290859,,,5.211071297905404,5.326501326377801,6.03800656235382,,5.475381263755499,5.523638453166102,,,5.233135798215875,,,,,,5.63575531778313,4.881058497056576,,,,5.701724969153375,,,,,5.949154194729121,,,5.128550585147107,,,4.8056770974373375,,,5.350815409118747,5.32114682738446,5.914050753688773,6.306539601755852,5.412322340777892
PXD030304-Sample-263,,,,,,,,,5.945137925107515,5.892642720133673,,,5.894304041273893,4.944127540477789,6.034388247329299,6.418030711464013,,6.305824928653661,,5.604782402890319,,5.214431739170808,6.156311630433071,5.499546192364834,5.303279005498797,6.041794339620843,5.263675368446132,5.018593054941453,,4.857019997355848,5.507565866107203,,,,5.23070106988341,,,,5.898314669011502,,4.57529706936566,,5.953493003240694,5.212129885629822,5.2810958224850975,,,5.337701723271425,5.9335056882514055,5.755359261516236,,,,,6.101361174403357,5.567192921880473,4.915395665985905,,,4.968745046165365,,,5.189751332520187,5.317564728399409,5.919207837670499,,5.202872629694638,,,,,,,,,,5.591364997897267,4.525416009018632,,5.85280078582735,,5.953653658945414,,,4.789007626678028,,5.6063545058756805,5.100764331735436,,4.783925755057096,,5.095876366930507,4.816587856192676,,,5.3195674770866495,4.819807104457594,6.296074255332405,6.354469618192729,5.058640135140312
PXD030304-Sample-264,,,,,,,,,,6.228648130998629,4.914565579256822,,6.151397324463555,5.008896892634821,5.99506181470475,6.286714140611325,,6.141163295349958,,5.442803613660771,,5.2628968841785815,6.146326432125458,5.871267708101463,,4.879872738317695,,,,4.881926314506126,5.184971339077222,,,,5.307798709533359,,,,5.742177912648025,4.721481913998409,,,5.744973405750434,4.946998773050561,,,,5.370481024028048,6.001371376772271,5.698528985937634,4.624282175499792,,4.905388266186156,,5.5796793648844885,,4.955238679468778,,,5.308220401582335,,,5.217186028296238,,5.935433592569108,,5.331592275025294,6.09242824193396,5.163505702936918,,,,,4.732966013469231,,,5.636795060544356,4.580252845275537,4.808159357655046,,,,,,4.8185179286236615,,6.127336942958408,,5.360262294039457,,,,4.80406980736922,6.048190778974055,,5.381180798986612,5.28306629542552,6.343225235210584,6.1803217476344265,5.61049907278496
PXD030304-Sample-265,,,,,,,,,,,,,6.200667380672818,5.063766412246252,5.752067380771963,6.54851187485567,,5.716610778567783,,,,,6.250437619036235,5.608494920710387,5.420188523897053,5.392029774238061,,5.105747570420234,,,5.339781103605195,,,,,,,,5.808089686135831,,4.68797703952616,,6.1297351069895445,5.305994036541388,,,,,5.788856360239427,5.476920377985526,,,4.979834366500557,,5.962444902244126,,4.98106689427895,,,5.101992984794074,,,,5.408560661178967,6.022430586423432,,5.466099985533119,,5.71109920757465,,,,,,,,5.69420045735721,4.6565173515485965,,,,,,,,,6.262637474853429,,,,,,,,,5.422477984624102,,6.229123739348983,6.065249781079588,5.177329054087588
PXD030304-Sample-266,,,,,,,,,6.229143045153561,,,,,,5.983850328850064,5.861826760788839,,6.070210662130616,,,,,6.190683322363478,5.502639880100276,,5.728055149123394,,,,4.538128295824492,4.460217368010274,,,,5.215215890058304,,5.648214613037901,,4.509839396706004,4.6961034686886425,,,5.094274612674603,5.202163070346439,,,,,5.971726304908465,5.62914933194428,,,4.917467080865066,5.498484685935001,5.545187068055466,5.265013011448788,4.8910440739753005,,,5.29122213238296,,,5.164734192757556,,5.89491385760231,,5.206657948894431,6.071922855642411,,5.798463862992717,,5.262171073685719,,,,,5.592411733263259,,,4.68817705154304,4.869754605958159,5.647577673878848,,,4.798340947973865,,5.300478184967613,5.081373102457966,,4.846551593951078,,,4.762402815480934,,,5.309966680949554,5.206645544818218,,6.457735860721564,5.053083139908442
PXD030304-Sample-267,,,,,,,,,5.853987043835704,5.829960851311797,,,5.724055731875598,4.895382098915476,5.978189105872339,5.882867767491892,,6.445756038988394,,,,5.1701432808659264,6.052153681715913,5.441843684548865,4.778905526528516,5.744017098467177,,,,5.101992596564245,4.86974654515289,5.150635505747886,4.957738957893388,5.056377255935961,,4.662842236339428,,,5.697125303743009,5.111001892398599,,5.322563879335839,5.647557968283669,4.844583059644772,,,,5.266914670871946,5.959257118725388,5.629940569576288,,,4.830695778782244,,6.31984056258227,5.203094529298338,4.832041267952974,,,5.25447894739226,,,5.122849695358178,5.205490234816902,6.041890890588503,,5.294943103670811,6.117350778928657,5.55747805674074,,,5.205132295751371,5.188593277829235,,5.614182740599932,,,4.765241111167323,,,,5.586478797943994,,5.295720235913316,5.036513135465074,,5.9442079635800935,,,4.724691667850765,,5.32420172630316,,,,5.251618057969753,4.760271197132453,5.761586762552485,6.309632524822134,5.008681881601157
PXD030304-Sample-268,,,,,,,,,,5.80738476246238,4.808137659986219,,6.071536964401746,4.856275886474902,5.950994136010002,5.914257746488994,,6.327880720845949,,5.018466972736915,,,6.154120296971747,5.718103321788813,5.223902735263043,5.663671474202792,,,,4.490800347951986,5.072217810241949,,4.954996002923802,,5.1349133013811885,,,4.568807377265532,5.890744766358575,5.144535977495551,4.525049257709183,,5.038051057929672,5.118154845190091,,,,,5.8980998162340095,5.712354131717043,,,4.793958474735329,4.932469581990514,6.266413224253663,,4.811545264697979,,,4.934126196208105,,,5.09664628157695,5.204290819654361,6.069053183359415,5.190311458072479,5.455011061816171,6.087427128252205,5.530506446477765,,,5.478771378282684,,,,,,4.760432593025492,,,4.785638504969054,5.886507865423575,,,5.011336137133152,,6.239257813617478,,,4.701571692608518,,,4.999357661651023,,,5.231937172768137,5.366343067338387,5.730360557962626,6.184460765811927,5.292010794678797
PXD030304-Sample-269,,,,,,,,,,,,,,,6.091433266829094,5.948601546683858,,,,,,,6.070946397572476,,,5.019373294891161,,5.662980852182398,,4.585444461997197,4.981001761114314,,5.081518382189683,,,,,,5.871666771887902,,,,5.625533864956124,5.5718190087731045,,,,5.057548724261151,6.032454656987476,5.684648081904409,4.948379073063782,,,,6.153271700421422,,4.655521756151082,,5.263421604033945,,,,5.236112570430176,,5.680781108495671,,5.36404622335204,5.807111108638868,,,5.237184047588494,5.609571155173991,,,,,5.634268524423347,4.624467505294535,,,,6.010605413010948,,,4.845357909305671,,5.954937599903828,,,6.482373391777178,,,4.805906738149099,,,5.651090722749327,5.75747469125162,,6.232280857995846,
PXD030304-Sample-27,,,,,,,,,5.960366318128632,5.963854363336055,,,6.102337106639718,,5.997051526883633,6.107978510092011,,6.35879991401921,,,,5.272344686831169,6.044727725388934,,5.193916989465191,5.715234075374974,,,,4.615532168047735,4.998488436421621,,,,5.307220252131642,4.796756050532317,,,5.716970237048939,5.058981552527856,,,5.655404143527752,5.277348624823222,,,,5.0883797557747865,6.036706992569886,5.820944900283934,4.672509996164552,5.447779196166409,5.255993903011015,,6.231296864954216,5.339210089008769,4.688140711093878,,,5.0515195604969625,4.979974587082776,,5.210079625149364,,5.895137966091607,5.333461021245057,5.402122340218502,5.518409108429224,5.19837989834584,,,,,,,5.375855930075643,,4.894301879134783,,,4.938625751615399,5.745660430855674,,,4.856517301162868,,6.166694646629011,,,5.157819516219541,,,4.828973487490552,,,,4.886901816979336,,6.326892772098965,5.419686454151941
PXD030304-Sample-270,,,,,,,,,,,4.995393936631542,,5.774989752581212,5.073060473380912,5.347148443079479,6.50915965740216,,5.04653493046978,,5.21671561581938,,,6.500749468932268,,5.42868121154028,5.414910992483245,,,5.240603494287618,4.673622003970452,5.5405256487449455,,,,,4.830351441658079,,,5.902529889439738,,,,5.832025329257303,5.061116643344502,5.869602190149634,5.781301294796385,,,6.042698979964936,5.151404387966224,,,5.0401333822564505,6.00762190202003,5.368520858907685,,4.669653377120523,,,5.136159244732935,5.034053268601877,,,5.413194824136856,6.022072342052907,,5.438889690358437,,5.555080054780898,,,,,4.836040549143752,,,,,5.170840836159928,,,5.768376412057063,,,4.922681035602969,,6.219476992722128,,,5.197514639909541,6.015247824112256,,,,,5.443786760705889,5.362770053933504,6.240351749983676,,5.581411430196368
PXD030304-Sample-271,,,,,,,,,,6.1604599456242095,4.84963963451456,,5.750770264843625,,5.865086947925683,6.112198298138105,,6.2147448655188375,5.638203358189315,,,,6.155099172328312,5.464729870793029,4.798230081723117,5.449674842894706,,,5.087916904842664,4.524391808892659,4.897046188182253,,5.287456683804194,,,,5.611041623664626,,5.620620334446346,4.960891911254386,,,5.869725281207123,5.575919766575313,,,,4.979481916645086,5.577940770419982,5.696002543460662,,5.692938832928697,4.86580020427182,,6.182638667317335,,4.884263090980938,,5.180189822435257,4.927570579880092,4.877654144255529,,,5.462984453826843,6.166280614567099,,5.212179412602889,6.032188323552608,5.584126447141003,5.455813508373666,,,5.2056748233373416,,,,5.557458381717863,,4.710093219718607,,4.840570355739369,5.933310703630399,,,,,6.358644130835675,,,,5.563490060692706,5.035216283525662,4.769891370001926,,,5.297706244259727,5.741065816318797,,5.619631830778772,
PXD030304-Sample-28,,,,,,,,,6.221481442239991,,4.862259383268708,,,,5.700572885114145,5.88315229774741,,5.815881422954466,,5.098029600860129,,6.006517671486636,6.221651432132518,5.500457727636684,4.803947449946168,5.611042730101612,,,,5.030558141104563,5.1427198666244935,,,,5.528427409345524,,,,5.240996525288003,5.155401279779557,,5.371543172172297,5.696574611029061,,,,,4.990686368209771,5.922170148800064,5.733604309813528,,,,5.488624851493604,6.026985120749008,5.572933045684187,4.893252631507717,,,4.998590225711916,4.8993432032663975,,5.224645869331302,,6.123611553484606,,5.410640793859369,6.248704919160785,5.60171135505399,5.480462581387907,,5.551665540673055,,4.723545057000735,,,5.599409419820155,4.508493246597365,,,,5.956057552488214,,5.057385802909391,4.779953377242666,,,,,4.796480890932645,,,5.07538263072599,,,5.581248178053511,,,6.517153154818191,
PXD030304-Sample-29,,,,,,,,,,6.01457065235094,,,,,6.238778096388851,6.376776572442637,,6.248183820309366,,,,,6.372463024058919,,,5.350789774237302,,,,,4.87312696774878,,,,5.648079625375421,,,,5.441451460565009,,,,5.525975317503932,5.7385976162190575,,,,5.46874959415035,,5.333183225354878,,,,,6.244316216433426,,4.672224500121412,,,5.122151741828804,,,5.370617520907554,5.367424090609021,5.450838009173372,,5.21512031636391,5.901161499818294,,,,,,,5.775235253123449,,5.722172269409245,4.711041776981472,4.940834700084836,4.808954093336938,,,,,,,5.430672214426324,5.228996424724433,,4.978623965435381,,,,,,5.416108453538318,4.925495747393569,5.914544051995381,,
PXD030304-Sample-3,,,,,,,,,5.922613666829971,5.912627187107046,,,6.1817119647625205,4.95850591690598,5.812721593984119,5.87863358787264,,6.519686603934804,,,,5.220240770704859,6.284469372253463,5.833865277873878,5.324402091124268,5.348681370816938,,,,5.054839685978645,,,,,,5.039615727948897,,,5.963685835007661,,,,5.904988752386236,4.9297812746699785,,,,5.024273889886206,5.980138284999505,5.83188054817717,,6.030900941748426,4.948855805056039,,6.23728885645199,5.32639676087214,4.934146324487177,,,5.022082360589683,,,5.190936107647459,,6.000189583883728,5.286395900774199,5.170281869013545,5.776091373242775,5.455080281318165,,,,5.265185988177746,4.721681338312632,5.686504002250653,,5.61408486009075,,,,,5.668737013561809,,,4.812229791781473,,6.289695987618367,,,4.814484365519229,,,4.813862997315741,,,5.31481228206412,5.067729790956798,,5.984011518538799,5.381029316919611
PXD030304-Sample-30,,,,,,,,,,,,,5.857005194976184,5.0340937755828365,5.604267721237351,6.479204030941412,,5.60345848501937,5.780768554559204,,,,6.464126470707184,,5.518270179251382,4.915344385680784,,,,4.624866439658708,5.622503710820819,,,,,4.802017716842777,,,6.009893964891113,,,,5.181308178710224,5.288705163191793,5.95380056265631,5.459915312365198,,,5.689976881073873,5.540938159950192,,5.953288232503184,,,5.820711299437535,,4.985675960243135,,,5.055569865017371,5.2958786555905775,,5.270856408834693,5.380936207295064,5.981026514755051,,5.405766543619098,,5.515942333073513,,,,,,,,5.685090457308489,4.610456839011585,,,,6.038080736331109,,,,,5.677566352707319,,,,,,,,,5.670172141688516,,5.906641317189358,5.729356752196908,5.530100155344464
PXD030304-Sample-31,,,,,,,,,,6.248008398562586,5.225842149997313,,6.086102613988931,4.99552797556153,6.060402581756835,6.155376554120175,,6.256771684415506,,,,,6.240534971830388,,,4.880413639640717,,,,4.58883850263268,5.3501485708118,4.951347458248264,,,5.265390116221106,,,,5.9125913386610645,5.042365560425949,,,5.759996821434125,5.433709408054996,,,,5.08700884023527,,5.686151169512086,,,4.939907186998513,,6.027399993331653,5.312245374528798,4.971928944133368,,,5.015219745758893,,,5.228769362672379,,5.785629457748388,,5.4593275521398485,6.000493104087323,5.66747490242549,,,,5.289281081131642,,,,5.645611919723988,4.576359161696082,,,,6.001638537133495,,,,,5.959092486835736,,5.365372361134924,4.8736031261751975,,,4.82959542494501,,,5.357457953466389,4.888331503119957,5.8468477920912605,6.183349342185001,5.111075179003317
PXD030304-Sample-32,,,,,,,,,,6.320007454122468,,,6.080605561095426,,5.857786239410001,6.378837466508996,,6.240003645245123,,,,,6.062222117499198,,5.647852114422296,5.516572092307372,,,,4.975288480952537,5.609012345776124,,,,,4.858069079263188,,,5.993581270687438,,4.683237370284441,,5.91812886975703,5.069666761669626,,,,,5.71718220280508,5.486911597358496,,5.509610352345602,5.002676111908428,5.852895751296357,5.379842888033691,,4.966035557916803,,,5.119355504742788,5.022871647067426,,5.256056925138394,,5.956141054047976,,5.279689993536585,,5.54553782771882,,,,,,,,,4.658844990141748,,,,5.788864041316544,,5.169641569478591,,,,5.199820267880666,,4.878719580216576,,,,,,5.405117664923834,,5.945963098333113,6.069184633416104,5.518822362820973
PXD030304-Sample-33,,,,,,,5.7044599234732605,,,5.881895165629532,4.861558165730494,,,,6.110765756313514,6.198762562874568,,4.914655337468192,,,,5.215350011484259,5.949388130153311,,4.803284487971444,4.824082077243305,,,,4.878811136934417,4.747868710880551,,,5.103546484547357,5.214235513030904,,,,4.994192167062913,5.28723347618488,,,5.796049740088309,5.746365468356923,,,,,5.779465530561908,5.917807555912853,4.885005208914832,,,,5.244745819429863,5.253045291631682,4.643071677706249,,5.2137176956075,4.964458292329375,4.903556113345677,,5.158730955243977,5.269397536953212,5.996914844975635,,5.214970794876018,5.941166264189,,,,,,,,,,4.615437288723661,,,4.86140784938845,5.949876185237435,,5.109595630990469,,,6.149718022496077,5.092537497455248,,5.814994643377399,,,4.756399885849359,,,5.314357758046884,4.805955530188759,,6.451004536352029,
PXD030304-Sample-34,,,,,,,,,5.862954473176449,,,,,,6.204813483452082,6.2428208197572985,,,,,4.53469389547099,,6.173329989130746,,,4.893615357325734,,,,4.7915067222430645,5.188767406896974,,,,5.468003865718681,,,4.901568490191264,5.451359901544681,5.347468496443159,,,5.741709790416098,5.450082614114213,,,,5.388956514457178,,5.924407620771198,4.845521916631995,,,4.974747575520162,6.1000447463409575,,4.868849683004194,,5.1834045544588125,4.907761993906136,5.169510186123508,,5.423153798255101,5.582181358068556,6.145833246026795,,5.137082026356658,6.188276533381907,5.067898606231656,,,,5.192638357423494,4.66128849024124,,4.744916172557791,,4.501209204019525,,,4.816042372844996,5.92797081942091,,,5.0609166951451385,,5.715059354017785,,,6.441020756240362,,,4.712008424526044,,,5.270035187856528,5.377469844520296,,6.470680264989941,
PXD030304-Sample-35,,,,,,,,,5.920231958815309,6.207979283550717,,,,,6.185848430713184,5.986258714632219,,5.524580565113985,,,,5.158276909235446,6.201872284022032,5.500032148002649,4.822713513940537,5.673518521874026,,,,,5.421465654905914,,5.006787386120164,,5.537971549802068,4.729210810177085,,4.660094065703899,4.783122527813114,,4.586185819259431,5.40131558098189,5.113997355768033,4.914122560449355,5.268672408900371,,4.816030614030865,5.336795320597831,5.954694451087337,5.757072585338022,,,5.195651826041773,,6.18036983693446,5.268120630039429,4.930714442884293,,5.231223440797895,5.287480708119519,4.918805200226507,,5.193079214218258,5.268944528959171,5.663918459809112,,5.276437098241395,5.459862961692688,5.137161248782751,,,,,,,5.305610000030566,5.902650183201436,4.576255566215003,,,,5.671792559956468,,5.05935651926846,5.102109550286375,,6.0896894828136805,5.0845679932040015,,5.2577239574460455,,,4.781138378182091,,,5.30849927072003,4.832249618002845,,6.5246290838658885,
PXD030304-Sample-36,,,,,,,,,,,,,5.478310072713356,,5.909425259006363,6.098791777433274,,5.189731723571119,,5.069911098718746,,5.1782430811200655,5.939528616815503,,,,,,,5.011199760410096,5.6219563871291625,4.888011689980451,,,5.232117136568111,,,,5.923361668901904,5.29420759517112,4.549024502732985,,5.562577950109195,5.737874325042278,,,,5.297081811901438,5.733720538450665,5.880102316649449,,,,,5.940240123746864,5.243216872045136,4.934061214427793,,,4.947503271932927,4.887746772246056,,5.168428605067195,5.282342935468538,6.187187818397026,,5.154292646227955,,5.106514634835486,,,,,,,,,4.534311003585548,,,,,,,5.065301669239706,,6.33390200562123,,,6.351148623036614,,,4.757064073560118,,,5.267479921169996,4.817334964541283,,5.930843636631664,
PXD030304-Sample-37,,,,,,,,,,5.927344945202631,,,,,6.148466158138986,5.799050982665951,,5.651212305515296,,,,5.186364940196748,6.356432676815079,,4.863163402143303,6.002511704111081,,,,4.585164026616518,4.964748250515315,,,,5.28745009446101,,5.984330997140089,,5.463299287531198,5.327996725209367,,,5.74384879432956,5.547041031726695,,,,5.361804145136273,5.720732417599871,5.805557817210192,4.625510935541013,,,5.761380130216441,6.347433907588952,5.298822457867875,4.895239636841041,,,,4.949325295080343,,5.235907430733826,5.37157786613574,6.086329511437542,,5.05609411369373,6.098159539768176,,,,,5.576894379821027,6.054542879613145,,,5.637078360822107,4.614418969249811,,,,5.682941867536966,,5.395142191144553,,,5.938063949541017,5.113839689984906,,4.804511751418165,5.627971749091616,,,,,5.353813498396861,,,6.407191638461222,
PXD030304-Sample-38,,,,,,,,,,,,,,,5.801089002513334,6.071242156726502,,5.250361557834079,,,,,6.125326018478996,,,5.329268792570774,,,5.116041771039664,4.545578347251346,5.5480479773059095,,,5.124718707324311,5.2330695429066045,,,,5.190022080866721,,,,5.969277594919147,,5.274481027657643,,,5.011843606224832,6.094993534246164,5.471814497954604,,,4.895434148171415,,5.242469242552999,,4.885201991967332,,,5.3349177012595215,,,,5.46356173948847,5.8919112690651385,,5.393765316794454,5.47833545428509,5.626367636169937,,,5.277802143355706,5.243062954867757,,,,5.599480090111231,4.603999554334753,,,,5.97231817536516,,,,,5.920301691005775,5.087223035083296,,,,,,,,5.322230909684865,,,6.365568090203011,
PXD030304-Sample-39,,,,,,,,,,6.318715554488609,,,6.141393924662231,5.055622398151685,5.866568401767895,6.428463425250761,,5.725156142634183,,,,,6.377497723886762,5.922065972241689,,,,,5.538502677496791,4.64807059054094,5.348698948229926,,,,5.330761914709422,,,,5.90678953844287,,,,6.008277923602529,,,5.43723158353886,,,5.750725992545804,5.378688051771982,,5.506145154635808,,,6.059240759115187,,4.993799500121056,,,5.142963704159611,,,,5.378513756118122,5.935684928793877,,5.493989279888172,,5.727806425581002,,,,,4.8169891049259,,,,4.675636568291934,,4.841914792834161,,,,5.180755353242037,4.898520813541834,,6.257735074547686,,,,,,4.875630895915366,,,5.4307140024468135,,,,5.186527221609172
PXD030304-Sample-4,,,,,,,,,6.374861348368425,6.176825602145713,,,6.083856576974684,,6.005439088779379,6.056592106093635,,6.200542441560303,,,,5.478607225953883,6.149230626587098,,,5.035497888363615,,,,4.834093057143442,5.275004364768491,,,5.402440407401154,5.5064387341163386,,5.6238014475504885,,5.909850881067274,4.658224137338968,,,5.788363349783022,5.3618296007883695,,,,4.987058944486983,5.925739479493492,5.703903191377779,,5.85748208616714,,,6.286025075577683,,4.980958289711414,,,5.269156876878245,5.193883625428949,,5.148744231049724,5.728374367369773,6.003096554391366,,5.653171748820684,6.232679380129339,5.422046055404513,,,,,,,,5.574815865777294,4.5688222817355,,,5.144243550810891,5.94971256417689,,,,,6.138971380753566,5.0527752270660455,,4.739842344742629,,5.04446049202547,4.8005499961431175,,,5.306643087124778,5.296380400703812,5.844667120758681,5.93743999498794,
PXD030304-Sample-40,,,,,,,,,,,4.8415650510042685,5.499156113139387,,,6.053305875493805,6.079704221822116,,,,,4.553122795948408,5.168075480540806,6.188601113169443,,,5.3182500860413215,,5.442120071770207,,4.811877086425914,5.466376135634274,,4.947873595638531,5.080141578587395,5.497137651910946,,,,5.133346551269873,5.262099258280789,,5.371214140077767,5.912902704663263,5.717867366057036,,,,5.308489619315924,5.903926609599965,5.8219825216857775,5.571094328327084,,,,6.221722085674777,,4.849315470553542,,5.487475440660562,5.249264330112417,,,5.12640474668232,5.281964698173051,6.046646423746104,,5.317981587557893,5.721044694473124,,,,,,,,,5.54767831227147,4.515986737815785,,,,5.9267720781738,,,,,5.864877218240802,5.045379472328183,,6.458036803523074,,,5.035509010037569,,,5.273943872795364,,,6.236985320354915,
PXD030304-Sample-41,,,,,,,,,5.936414972386933,6.245333475724026,,,6.142814428525635,5.035332774205391,5.995943696284686,6.3229463096795,,6.407470707894476,,,,,6.5375540565103485,,5.169869834910217,5.36108720861038,,,,4.89991152582324,5.714792924049565,,,5.155324747156413,5.258361230587617,4.76709011103106,,,6.11826492463242,,,,6.007434825912522,5.425865863389312,5.784548976170087,5.437646862878024,,5.359233158180755,6.070138815508588,5.748825423954828,,,,,6.316047405785811,,4.990038513662658,,,5.028251295272465,5.259130148565178,,5.222038820571061,5.307252798030914,5.890065684622601,,5.317764090146556,,5.475689934252516,,,,,,,,,4.931755205314425,,,4.929077404762109,6.00752637029891,,,4.830652421697187,,5.960257371101404,5.122006499589855,,4.866858309016853,,5.412605562462459,4.802834187258288,6.373920718260477,,5.33776078936825,4.8802793196244725,5.866244948059462,,5.593140802663331
PXD030304-Sample-42,,,,,,,,,6.170845506623989,,4.819881185618048,,,,6.139332194979865,5.836525856256546,,,,5.034075657085664,,5.138346028426633,6.051915325057277,,,4.765801351027644,,5.244984005125468,,,5.355833025312485,,,5.0876592683474735,5.198940793123209,,5.583921705517896,4.59180720931612,5.698305328940067,5.121586986637931,,,5.748503588171522,5.32915007261649,5.201893956219703,5.281298249189852,,4.969378227020536,5.871142680975069,5.863114404177292,5.244483617381566,,,,6.160473533260124,,4.818076332715764,,5.471504681812086,4.896959422380738,4.8495884053020175,,5.1180827592064055,5.234249576859422,6.095599628678555,,5.166996208502159,5.888076707449569,,5.443933826986311,,,,4.64196189850031,,,5.549134819384734,4.520024758324215,,,5.287119345825252,5.909591316932224,,,5.223764396856586,,5.942481935178615,,,5.878899869285548,,,5.012646775056363,,,5.236150234253827,5.259781225406432,,6.316191161149384,
PXD030304-Sample-43,,,,,,,,,,6.413902407254009,5.091589937466043,,5.408418545996112,,5.457091684671314,6.2409301988372485,,,,5.628031029564034,,,6.448851840107748,,5.528398690304879,5.432400398681466,,,,4.781251380007024,5.242124308615668,,,5.3332271220162655,,,,,5.996278555449845,,,,5.626615745465687,,,5.56831501789938,,,6.078986398217327,5.113098476605396,,,,,,,4.760665407895872,,,5.241329128767317,5.133768909989467,,,5.776135354535281,5.93384299872881,,5.645856936076746,,5.6561794292610585,,,,,,,,,,,5.212776868489441,5.102742432280411,,,5.317468099553372,,,6.126758940710747,,5.5378284053955085,,,,,,,5.543570760691978,,6.349059003800104,5.868154633328808,5.281552332116796
PXD030304-Sample-44,,,,,,,,,,6.198005435554153,,,6.098939489823522,,6.329857548187739,6.171540062889001,,6.381837097018162,,,,,6.364060338704332,,,5.071265235261454,,,,4.838122210642178,5.039394574266048,4.885633761771138,,5.096910100765806,,,,,5.742569234975766,4.714632149880654,4.571802955064028,,5.69644988361387,5.374979833837214,5.246177620534196,5.349589572384448,,5.016527928251341,5.940715525882185,5.690447124708427,,,,,6.08749664151055,,4.533655122094262,,,4.936185213406008,,,5.1666212557097,5.249891530166645,5.70081439294197,,5.209417936151973,5.437401437190086,5.601060993647577,,,,,,,,5.890242373185271,4.562800836140683,,,,5.94012164508306,,,,,6.248340304162263,5.08102775143808,,5.08028272678755,5.580945806393989,,4.744711308919804,,,5.2956879742900345,4.822104345375018,,6.261800982230207,5.352344502200414
PXD030304-Sample-45,,,,,,,,,5.906420548465695,,,,5.189297895261889,,6.20932699760926,6.136220494676767,,4.909733054881872,,5.0928611559851085,,5.857264193301872,6.06115485393129,,5.426788249173003,,,5.029209603242621,,4.847072710662546,4.926943066016685,,,,5.223886242658444,4.722635416759243,,,5.508017148885528,5.295776885872531,,,5.878994828200933,5.50702782764802,,,4.781230752999699,5.008078975474581,6.090926717808449,5.876490241453477,,,,,6.252188851878773,,4.867071650352198,,5.525534896932761,5.261778623690087,5.213007506818551,,5.1648583594416415,,6.062532848106336,,5.452196702882936,6.061877125713451,,,,,,,,,,4.544884645998671,4.752927017763499,4.726728313096267,,5.6444532851480025,,,5.090934675240403,,5.768438331574783,,,4.767362113162256,,,4.760024854414237,,,5.288641823000022,,,6.357436242242128,
PXD030304-Sample-46,,,,,,,,,6.271142565473752,,,,,,6.096585252119262,6.090718873266367,,6.193325362637957,,,,5.54825948725986,6.213665498725884,,,5.47877852490687,,5.345363473467905,,5.06880389970715,5.400645320796956,,,,5.291330887676681,,,,5.216189296743041,5.026552766031358,4.627215035508077,,5.747292961500823,5.254266518247932,,,,5.042432641029765,6.02821991519926,5.814779067412595,5.246478178762502,,,,5.9018167940125,,4.946847598682569,,5.257603252783167,5.004855064713551,4.9510452590638,,5.260340264481224,5.3940021830159255,5.920869440872735,,5.475050280101438,6.208526394299391,,,,,,,,,,4.634556663371455,,,5.207815897001042,5.99967295740301,,,4.831826562922932,,5.632582223458929,5.121474674728817,,,,,,,,5.360662561935868,5.4435661352104745,,6.307075720957503,
PXD030304-Sample-47,,,,,,,,,,6.215739787749177,,,,,6.272007027990117,6.05657843869883,,5.540498471779728,5.665791239898181,,,,6.223837965395948,,4.872645527500229,,,,5.133947079922386,4.864239605871994,5.38517538981273,,5.020856724695482,5.130678038200832,5.265501756612482,,,,5.47853225487399,,,,5.907257489730235,5.226733323068121,,5.341798458201652,,5.037671844188505,5.647534095345158,5.161592101932688,,,4.890156035883991,,,5.281015780243993,4.907807608705855,,,5.301200443909976,,,5.159570021206271,5.4157028832021,5.784431987769615,,5.354145355602419,5.7724547222046345,5.630942104485451,,,,,5.322662964963948,,4.853117682616956,5.6113083845227,4.6057530556632775,,,4.892848000971725,5.9880288657315655,,,,,5.309188544692767,,,,,,4.779308796857253,,,5.332560275695928,4.841057371631378,,6.299066457790824,
PXD030304-Sample-48,,,,,,,,,6.205226647051923,5.872622030437897,,,,,6.233133279487043,6.401481459691613,,,,,4.582666222804833,,6.177361643110261,,4.795572511954576,5.22347737930264,,,,,5.556790888830551,,,,5.251363509073047,,,,4.932768802873051,4.979822763533012,,,5.687830142314602,4.895928558523289,,,,5.0019967261544975,5.632884561905588,5.812089497175138,,,,,6.092801363591246,5.245659839838148,4.607641613385052,,,5.285437218297981,4.89489842514905,,5.198471602494325,,5.918690788490789,,5.235805711368343,6.149830347922445,,,,5.243946232009362,5.23962600238787,,,,,4.83059301881864,,,5.330968008313096,5.9469917178905884,,,4.7804502933006505,,5.575521586980416,5.0626487633445,,6.508330069080213,,,4.755184746245885,,5.48734248954417,5.274674646547184,,,6.510765550572506,
PXD030304-Sample-49,,,,,,,,,6.247457330358616,,,5.541133879372103,,,6.066719276339997,5.327882478105076,,,,,,6.125809411932332,6.323236654303891,,5.110762677361394,5.33917934982155,,,5.110172759543455,4.541206733023311,5.151138336933899,4.89203556240561,5.014812621454949,5.103003951096747,5.51146999153071,5.01161860846987,,,5.807279157992594,5.152861721475623,,,5.579325045101124,5.190449734204696,5.257911607895854,,,5.309462841739102,5.935418805240844,5.723794514975089,,5.369740178329238,,,6.213228805820122,,4.88941199123065,,5.2076822100668165,5.2588848753371975,4.90124278918387,5.372822353247472,5.212491666382029,5.957112218611529,5.775668214007439,,5.256288966003789,6.162404375076513,,,,5.739912498356453,5.23095230461506,4.691707580790592,,,5.589920905402352,4.527675982610727,5.035000192812451,,,5.637540588467416,,5.339372642816567,5.077446886957054,,6.07331064689022,,,,,,4.759169276848221,,,5.584739230907269,,,6.4475480134382535,5.0370123561596
PXD030304-Sample-5,,,5.882992320193661,,,,,,6.211474261694545,6.1840036383594015,,,6.115993706699651,4.958289100867478,5.787768080010225,6.142686002722357,,6.307921879241436,,5.097999109035086,,5.2006486105859375,6.287163398222601,,5.303765391638827,,,,,4.852210203966415,5.355411464544259,,,,5.229800884237732,,,,6.0044228966286415,,,,5.792193632749708,5.198107645864953,,5.316735568953003,,4.994619019212093,5.6242077576397564,5.568625966475417,,6.181416264916854,4.883574937095454,,5.848492535025718,,4.887372548735094,,,4.940812386238822,,,,5.29558898797066,5.429692086642391,,5.363322813375906,,,,,5.255324325912999,,,,,,4.830129387323497,,4.688053722002888,4.865652953944407,5.646786940206086,,,,,6.349946471257102,,,,,,,,,5.292641497821151,4.904412668214382,6.283415592296404,,5.535713980831768
PXD030304-Sample-50,,,,,,,,,5.974153313243369,,,,,,5.774813062175099,6.2833810860676085,,5.6836123249115245,,,,,6.3326985797934885,,,6.041977001219301,,,,4.6210182990567095,4.822272467875951,,,,5.303868621250529,,,,5.577438157980028,,,,5.644701381726303,4.972048698542366,,,,5.087971431410138,6.042727102691715,5.575555462705421,,,,,5.809743172475661,,4.94455791149434,,,5.037302914461762,4.978284641588552,,5.294730985000283,5.376494305101313,5.914203128365532,,5.477067302137208,6.135506826734739,5.196514905838737,,,,,,,,5.67286756378982,4.637321540578895,,,,6.031236800914581,,,4.857163015721847,,5.850550782376792,5.145894389357608,,,,,,,,5.382835315362788,5.313741812006856,,5.749105364567904,
PXD030304-Sample-51,,,,,,,,,6.024664686753603,6.243377178019284,,,6.088225949401846,4.982395159315122,5.800704192229227,5.9480604686426455,,6.57382000139416,,,,5.233752337140341,6.049398337054809,,5.355900395816988,5.1815460463368295,,,,4.924930901893484,5.096210370951222,,5.079389156085958,,5.258091308893742,,,,5.7494847788227,,,,5.464845046468547,,,5.697457821747987,,5.084392500805377,6.014696856102052,5.471920474665583,,,,,6.304808565398008,,5.0130818100020855,,,5.043400448451667,5.261183399328221,,5.216484781088843,5.303701206001222,5.368487809422645,,5.698879952175508,,5.17103363903531,5.533709140959161,,,,4.75433342754374,,,5.648763625018554,4.870081224730777,4.803149247243779,,,6.017857416845634,,5.089133578181367,5.151770899203332,,5.960272399192808,5.130455150453701,,4.8081432442460565,,,4.801093195806474,,,5.345462178189521,4.894238260278448,6.164906084811427,6.307352051537031,5.116875863436118
PXD030304-Sample-52,,,,,,,,,,,,,5.696943687821326,5.0017977697344245,5.5614093313149455,6.2254665280604975,,4.9516241791031685,5.704166878469185,5.4357226834046415,,5.2589482339755005,6.370053564228577,,5.47733953432789,5.493222052749976,,,,5.211481016760108,5.409459516015696,,,5.174142277818409,5.25315677852243,,,,6.082960939053791,4.725597330203815,4.634353111979275,,5.998988693057901,4.94154958944291,6.275313319941676,,,,6.055176539940057,5.308960368936357,,,4.9101868074145365,,,,4.93126698072337,,,,4.951906356581334,,,5.526088296970305,6.219540655595596,,5.555679360104437,5.492043412654212,5.660750882258081,5.532596925241464,,5.310390352795465,,,,,5.628992878067612,4.874416093362826,,,4.922054026434539,5.697625454840258,,,5.141549697904959,,6.3042629241209,,,5.331809495431365,,,5.119048540320541,6.061505465086753,,5.359034568337051,,5.851380455283952,5.692341780208851,5.414858233694023
PXD030304-Sample-53,,,,,,,,,,6.277167797876622,4.959368306859791,,,,6.034499090269204,6.351868917856704,5.72711262582818,5.954149560096044,,,,,6.24567561942294,,4.897208980030394,5.835461519656844,,,5.223384965688609,4.63905468231378,5.232315022602083,,,5.192081940843192,,,,,5.789308235199607,,,,5.8893320686522745,5.28955394172781,,5.455666886744537,,,5.856412397208317,5.278527451853473,4.672609071871093,,,,5.8079074272046505,,4.704940315174414,,,5.108034582066693,,,5.2585302039030335,,5.961730062154837,,5.271024389144085,5.861811269279006,5.5120936541649606,,,,,,,,5.671458054825837,4.656221369550185,,,,6.044719618967176,5.340671983133087,,4.878157876861978,,6.16207403498338,5.180856116889331,,,5.980948596346692,,,,,5.41196303509486,5.421043220807396,,5.757634092376948,
PXD030304-Sample-54,,,,,,,,,,5.964573038610434,,,5.85753808251313,5.011227162606256,5.859739588527821,6.435144545485288,,5.287892321668131,,,,,6.334591598382346,,5.199127406824291,5.752303904566614,,,5.189625880670341,4.6455616326284765,5.31077667958198,,,5.1860126174035575,5.2914702800036135,,,,5.8109179004829485,,,,6.101092732617064,,,5.481428935233575,,,5.7637450138793,5.191748496982788,,,,,,,4.972798389209649,5.253627902694877,,,,,,5.497916416799577,6.004204649263345,,5.492228577925669,5.527311778531457,5.8177886793126,,,,,,,,5.666152218256594,4.6344723464660005,,,,6.027452618670471,,,,,6.378091138337805,,,4.840904622574554,,,,,,5.380740296295697,,,5.725228746188072,5.441570564442084
PXD030304-Sample-55,,,,,,,,,,6.258394669501447,4.942141553022919,,5.7149637915168885,,5.812087361541337,6.446644394872263,,4.980869486512073,5.724286096440983,,,,6.472528346460953,,5.495709875323977,5.38772310134193,5.325903500770013,,,4.615798394589278,5.600586708092317,,,,,,,4.737380927774704,5.495657522296023,4.7600757526060535,,,5.8706002107101645,5.460926959027612,,,,,5.9822446042726645,5.179954495494385,,,,,5.341383957651176,,4.948059289810309,,,,5.282662498220496,,,5.505265266402763,5.924025976113505,,5.246194663123107,5.525840117827752,5.804967618637419,,,,,5.068752997499963,,4.871140156695945,,4.894313600474261,,4.8737905563351,,6.029506041998534,,,5.339972041409178,,6.073237892230522,,5.381190438805085,4.864589705169086,,,4.854445739282122,,,5.394177533520568,4.924962344877192,5.861204613779839,5.724805579170923,
PXD030304-Sample-56,,,6.110042085862539,,,,,,,,,,,,5.902672775514168,6.357030698158489,,,,,,,5.9208686089539135,,5.532522246782398,5.2315092501738265,,,,5.065899397175484,,,,,5.415192001282009,,,,5.940787037607079,,,,5.788260815707725,,5.780031879724128,,,,5.835649710442698,5.401720451992324,,,,,,,5.134119368282795,,,5.170368758005597,,,,5.613577920458523,5.994411534849899,5.463589700153133,5.661346785745488,,5.3355538934929845,,,,,4.901396633776987,,,,,,,,6.152265647867776,,,,,6.425990505763429,,,,,,,,,5.501144186140139,5.000869118291118,6.0017615860083104,,5.270135780980082
PXD030304-Sample-57,,,,,,,,,,,,,5.364711186058137,,5.810383206814206,6.073500288286685,,,,,,5.344143603607877,5.309994106179637,,,5.037549464968114,,5.207954877020326,,,5.127905678590132,,5.220828051325329,,,,,,5.615098131927918,5.1895305533679785,,,,5.098030762296618,,,,,,6.10625593086993,,,,,6.3260228308198005,,4.865158850574911,,,5.161996525768383,,,5.373712307701187,,5.819780415777815,,,6.280789995787244,,,,,,,,,,,,,,,,,,,5.484593834115143,,,4.998529905116465,,,,,,,,,6.204826539262466,
PXD030304-Sample-58,,,,,,,,,,,5.020433872513249,,,,5.199308355756253,6.19232575426624,,6.066741394033446,,,,,6.268022782378237,,5.5773453950143335,4.979980540396343,,,,4.708989177103685,5.314892027534698,,,,,,,,5.805739518236956,,,,6.0977646553441645,5.05353487712704,5.89267868348624,,,,5.803287799464132,5.043029286755036,4.738518273099264,,5.352778300398635,,,,5.043714082448428,,,5.169619590989679,5.063271901556735,,,5.479423295310566,5.933322959093041,,5.380516807213372,,5.279367139990701,,,,,,,,,4.682072038335459,,5.928117459021946,,6.101338987380972,,,,,6.540276679128912,,,6.285154917718877,,5.225325573864166,,,,5.4766017815774655,,,5.810975139247867,5.597530679353722
PXD030304-Sample-59,,,,,,,,,,,4.888147370988004,,,,5.839461896650175,5.779717815613816,,4.915985335637019,,,,5.477144625053275,5.821234047981892,,,,,,,5.039636061248355,5.238773953996755,,,5.114841969219948,5.26716643928251,4.753231839089845,,4.963483692337813,5.7827778784425785,5.177073209090209,,,5.4164306269497855,4.923741976952874,,,,5.005457089270136,6.009737455386706,5.931376995923201,5.511716122599389,,,,6.113656607690304,5.270474350900582,4.575321413591092,,5.219079460295085,4.985391758048573,5.220703181471061,,5.16868656258292,,6.129190200741334,,5.530107499214717,6.163894205301559,5.140660341735653,,,,5.242560556144609,4.707789446646073,,,,4.587605473760893,,,4.898100449820241,5.663323635169525,,,4.800134393785175,,5.780167368814913,,,5.636920214248883,,,4.775074348281269,,,5.606525156036697,,,6.145836161715856,
PXD030304-Sample-6,,,,,,,,,,,,,,,5.928888830869547,5.937809851814583,,5.618455613989799,,,,,6.192986055535716,,4.846100109883267,6.032330494384626,,,5.113107260595228,4.848747678303941,5.060167126716579,,,,5.536146762558047,,,,5.260966112021332,,,,5.410826916984858,,5.2927586402522975,,,5.3306284053744175,5.956393183561128,5.469757960962182,,,4.900985529141791,,6.162714183087282,,4.885599771742606,,,4.968442673822567,4.9126588930343775,,5.196742696224335,5.359722861461006,5.687615999288022,,5.039195330389353,5.936422423123892,,,,,5.237617355436954,,,,5.60157421896769,4.567538515265793,,,4.900400248589968,5.646213109758692,,,,,6.003106741287734,5.10036054133841,,5.0961036266861095,,,4.770486593985471,,,5.302203797012935,5.243690992852987,,6.455671777700172,
PXD030304-Sample-60,,,,,,,,,5.936054455167806,,4.851456737671632,,5.759313176802372,,6.209234023661096,5.319789752872397,,,,,,5.184369613706078,5.858316893370395,,,4.8237132422246445,,5.68663128027913,,4.997685362577432,5.03113589899085,,5.027746006036748,,5.501383710477884,,5.617065592077533,4.624009486504235,5.677405472576279,4.962905928562595,,,5.556868709074847,5.675472907030686,,,,5.02381087253161,5.6054617782156,5.851441003253717,5.586988228241531,,,,6.381226991948165,5.25187674323036,4.864140966001067,,,5.297951345585354,,,5.161854776555407,,6.000185128556796,,5.3665395279264505,6.142448070667578,,,,,,,,,5.860656683726025,4.520710278629375,,,,5.615733817320182,,,4.7610310497753225,,6.1179440760951085,,,6.38003222850304,,,4.785494185027365,,,5.295383548234545,4.779722268726649,5.76623434785356,6.229801557178132,5.015824360360623
PXD030304-Sample-61,,,,,,,,,,6.33328076301626,5.016061084481169,,5.319799773619163,5.078219294213143,4.881522620454748,6.357718966968792,,5.360443999253485,,,,,6.340707831025707,,5.283189730662336,5.453216343531636,,,,4.718455908782864,5.506472470835991,,,,,,,,5.982273404883524,4.836784374486849,,,6.039244017280026,5.345092576273396,5.4068842829216806,,,,5.8936986870475225,5.34219495748936,4.735534524516138,,,,,,5.025799121358706,5.350401001136623,,,,,,5.51445427909942,6.065228906988015,,5.56118684167375,,5.895124698784957,,,,,4.851463625764047,,,,,4.893940346415014,,,5.815271062365664,,,,,6.4145322189785166,,,,,,,,,5.46798296171203,4.98491473364873,5.9467289690937015,,5.576195060209528
PXD030304-Sample-62,,,,,,,,,,,,,6.171623116068085,5.035529061551658,6.057914787021421,6.453216569621434,,5.993424459528999,,,,,6.260046065217738,,5.185092264694166,5.779645739050944,,,,5.114003479216676,5.450079189736209,,5.074891038890418,,,,,,5.594772292368327,4.807731766202046,,,5.179945787372256,5.680404226067372,,5.395086647411957,,5.072259267146766,6.000174995091266,5.612830020776079,,,4.943322514140973,6.065940680938409,6.176557158282279,5.3319282282384375,4.962686955977497,,,5.054119337070542,4.982364884029039,,5.243949588785438,,6.085624476506057,,5.335552235945477,5.832763640954282,5.201167936498137,5.5624454299886175,,,,,5.742347656883064,,5.660121898962604,4.899981159417969,,4.79474100870166,,6.019605546437758,,,,,,5.173009722215342,,,5.975304005789015,,,,,5.363481718733711,,6.179712849862698,6.033860805315863,5.526516644451148
PXD030304-Sample-63,,,,,5.935682540440366,,,5.693554309654092,6.278756639446316,6.244230878907883,,,6.081434643835072,4.998415338734223,5.906953793866017,5.905636126753399,,6.407576709656619,,,,,6.373297198866686,5.54347689325295,5.16789835715301,4.876974024090103,,,,4.5921903394559225,5.285363125067669,,5.051787976809711,5.159685634979179,,,,,5.948803293173087,,,,5.929701894401078,4.950236084535528,6.167445087547387,5.363331685477829,,5.363942886132156,5.954776003932415,5.722819770742201,,5.4887423537502125,4.928963070743224,,6.07771096956838,,4.920460193836185,,,5.037978343106877,5.262866284013617,5.39773170332764,5.206110593981033,5.30855368197657,5.940404859128822,,5.45658985319829,6.203692380641911,,,,,,,,,,4.87213720837032,,,,6.004008799042326,,,4.830939980588656,,6.349207893011343,5.133946029921779,,,,5.421107074238781,5.134838588368379,,,5.359860315326354,5.263226681555428,6.158597875505284,6.409397568836892,5.561026611285197
PXD030304-Sample-64,,,,,,,,,,6.332448298089104,,,6.094298333431549,5.131109440218986,5.489341805115259,6.349206201984583,,5.959969156462957,,5.535637790988098,,6.080006893091327,6.464181852322809,5.972635828884984,5.443631122049654,5.19405682595125,,,,4.682117540989856,5.673729791521925,,,5.558912349059449,5.353641873467947,4.916880533451526,,,6.25612214288351,,,,6.158882584514094,5.350867763847171,5.402296431286349,5.5083776282867,,,6.136915092743713,5.33312932166647,,5.835692913088908,,5.189218788553951,,,5.035372380904785,,,5.132338450620644,5.356394403582654,,,5.446838972584682,5.939333087227487,,5.434204618209327,5.606001617571257,5.569332087889584,,,,,,,,,4.689781329001235,,,,,,5.181616454399529,4.926110631099407,,6.538821815478524,5.222855582667084,,,,,4.896960271291151,,,5.451939222314623,5.059504124632181,5.971151806276486,5.805606214832941,5.39640838389796
PXD030304-Sample-65,,,,,,,,,,6.164529408452645,,,,,5.999003920026933,6.1938665056513305,,5.179743920358685,5.616438530536539,,,5.432101713567688,6.197633332783102,,,5.8263960171059335,,,,4.816806244146639,5.20802329652842,,,,,,,,5.28424420632781,4.645782165533472,,,5.84580275572131,5.341863157198713,,,,,,5.822122337633985,,,4.8494471726476815,,5.908340764207417,,4.849811572520579,,,5.224375388569635,4.870542900886268,,5.1774548170476855,5.333523442773473,6.087751778955379,,5.2941317033855615,,5.578370371896196,,,,,,,,5.578796807447793,4.797361806977204,,4.660353565455345,5.147091910043636,5.924523423008205,,,4.760160716016845,,6.177887125872378,5.056571164762141,,,5.886577358611153,,4.722379414256732,,,5.29331937399418,5.275892039203611,,6.33190938410943,
PXD030304-Sample-66,,,,,,,,,,,,,,,5.989935223663188,5.6489628044397735,,5.002891692738606,,,,,5.799604118004273,,,5.456772335400945,,5.798697787306288,,4.93173698378679,4.542618486918875,,,,,4.819381099807825,5.736407608694437,,5.030179361657708,5.085740293430868,,,5.670827252721174,5.607335748599316,,,,5.411742478091131,6.018810227764776,5.820690666479098,,,,,5.956189679220129,,5.002438809970172,,5.307497981291888,,,5.444439666259725,5.2964901874319,5.393350800114677,5.924547968370372,,5.464657797309834,6.161394709472389,,5.581433135245481,,,,,,,,4.631887902481481,,,4.959373854061703,6.048883463486066,,5.138476671187255,4.896400980591928,,5.699615122318901,,,6.055880397186797,5.992693755341505,,,,,5.398114472312707,4.9141020995906,,6.229829036405634,
PXD030304-Sample-67,,,,,,,,,,6.243936909216486,4.920145419292842,,5.523919797062811,5.018161861911668,5.794569968408257,6.451458438377093,,5.8114410784961725,,,,5.243188440890296,6.511409283518461,,5.660768814217613,4.878422036988243,,,,,5.654924586753338,,,,,,,5.002929776944868,6.110063512579249,,,,6.068850980252113,,,,,,5.998701046216287,5.887350451506893,,,5.22418042637676,,5.287295354551175,,4.932629308796279,,,5.015193171094952,4.959641648440179,,5.194008940688847,5.4198009908534575,6.066682580771506,,5.159742471381969,,5.667192161334167,,,,,5.055913128644431,,5.153144492881811,5.63708880134893,,4.791837430627302,,5.21771768499774,6.002528201850728,,,5.142517001528944,,6.497116094208897,,,,,,4.809582460788116,,,5.356405458225046,,5.853914661706257,,5.5274097118589465
PXD030304-Sample-68,,,,6.054988152596527,,,,,,,,,6.063345341254784,5.117926384163634,5.21015206256219,6.235100499652201,,6.134586809499265,,,,5.350585539000565,6.426664902917515,,5.603316549545058,5.380293657167707,,,,,5.465439096330862,,,,,,,,5.815191334464338,4.861736665111767,,,5.587157392022054,,,5.483538434492419,4.95714760659644,,5.774576939872293,5.3653052496440266,,6.44265961316013,5.376556633661142,6.175252622389709,5.907077044979157,,5.058729159855319,5.334992276639848,,,,,5.370089195773565,5.444059957955356,5.951144635836845,,5.509786634317316,5.651646802849747,5.315575017379796,5.657129269506816,,,,,,,5.75520218889154,4.6842513139669455,,,5.037628465112747,5.830849763107,,,,,6.170751272488061,,,,5.76422089690289,,,,,5.45869355306309,,5.978878418819479,5.82299848864088,5.57402406360174
PXD030304-Sample-69,,,,,,,,,,6.214115201158514,,,,,5.87317618580586,6.462470403918532,,4.93296592518933,,,,,6.273987023091909,5.5001390302135,4.84615614272041,5.81035415089934,,,5.162035547225665,4.546787783022796,5.243560381270015,,5.02766774126295,5.422924493018984,5.54667641834601,,,,4.948548722035524,4.995337413814825,,5.429079524603583,5.813317500321884,5.778746986667112,,,,5.01599829707353,5.78707312777914,5.434286797383658,,,,,6.034968939654855,,4.62634266945393,,,5.002476181805509,4.919395893976426,,5.1797526250412345,5.271999869804287,6.175316110714004,,5.303881092280935,5.9442561968105965,,,,,,,,,5.599620961579933,4.712184662107226,,,,,,,5.108658056784834,,6.161902765021424,5.116767696295896,,4.83147875437334,5.619405722129736,,,,,5.311462086944215,4.811457710949654,,6.378038568911188,5.051437867484859
PXD030304-Sample-7,,,,,,,,,,6.25587250286438,,,,,5.655718381124282,6.3794814521879815,,5.828559367277338,,,,,6.329516447096456,,,5.3914108622956345,,,,4.622842501506963,5.302617082693183,,,,5.27876669957787,,,,5.888779930803057,,,,6.0287833492372,5.688333737068032,,5.514669771864281,,5.063701521657367,5.713219567237061,5.181865017015756,,,,,5.332279036856807,,4.948409875877746,,,,4.978517091536386,,5.255633514141051,5.448646653733164,5.894712962822831,,5.523118606017722,5.574657738630949,5.199152091201344,5.566983546402914,,,,,,,5.651788002313926,4.897584496029737,,,,5.721303257820263,,,5.351954919117623,,6.069102552279807,5.139393813141924,,,,,,,,5.367403651437565,,,6.208116885693081,
PXD030304-Sample-70,,,,,,,,,,,4.965461708236418,,,,5.602391233917035,6.0172003702103085,,5.67774875950504,,,,5.821728646732523,6.136653795408309,,,5.331912872099357,,,,4.918102857397716,4.813008850381892,,,5.48807504471246,5.285680299545057,,,,5.230717764752336,,,,5.872458880488821,,,,,,6.106798074763141,5.5281754435889,,,,5.79446434275644,,,4.934747438333672,,,5.084678904543993,,,5.209783978265111,5.493635303662743,5.962010510213184,,5.599456742556695,6.003008726854401,5.670940051254174,,,,,,,,,4.6024487907705,,,,6.029492608749562,,5.413700362226535,5.157974210871052,,5.987791673619763,,,4.848667463556869,,,,,,5.419679967221207,5.624429790904314,,6.345921717692793,
PXD030304-Sample-71,,,,,,,,,,,4.835319928891518,,5.132752492043274,,6.036840129631661,5.968816909928742,,6.321055445666959,,,,,6.341396738251501,5.472524245238982,,5.440769192038918,,,,4.507226497000703,5.680415692551782,,,,,,5.613935015204533,,5.935855840119925,4.642948960932743,,,5.920389554592396,5.355104454042498,5.218698098632709,,4.769645117275227,4.984473641068204,5.587570981214995,5.707275123243211,4.5519970718269,6.255552030321138,5.214143636561315,5.853057788576252,6.261868551077304,,4.511800254245021,5.162751974449446,,5.074948976421292,,,5.133510488054027,5.3168863350218825,6.017259612848847,,5.407079266770502,5.730047724608659,5.572932306683929,5.449107732662423,,,,4.684180731878459,,4.788830270567288,5.560867167407148,4.5247692164140405,4.781041749962989,,,5.927654884329297,,,,,6.313829966518829,,,5.028771893140443,5.556759713635581,5.554032892098743,,6.27951421854029,,5.263877691690484,,,6.233236411927472,5.007645724344899
PXD030304-Sample-72,,,,,,,,,,,4.971160470508758,,5.285942131696866,5.049496519965539,5.625029990464061,6.343737282276484,,5.923015307336245,,5.197417774846658,,,6.460015898846086,,5.407118717594271,4.932375293941666,,,,4.647295175555826,5.487206523542406,,,,,4.813000124038246,,4.7987560918750924,5.983174613577438,,,,5.914783656779011,,,,,5.112534632499986,6.072894136028889,5.432366882451872,,,,5.115837474242258,,,5.013756061145005,,,5.400791229465529,,,,5.349141761010561,6.005111780937213,,5.447689958860197,,5.273800620118437,,,,,4.84987915738048,,,,4.634527806443384,,5.501781982846738,,6.068532958138342,,,,,5.89784461970479,,,4.877261815394361,,,5.178206458225803,,,5.415527543250885,5.007481865335431,5.923383167870552,6.05775731174523,5.656051129388426
PXD030304-Sample-73,,,,,,,,,5.918824700653164,,,,,,6.109087624532624,5.764796651151519,,4.917926306470294,,,,5.227522754096707,5.721678217320326,,,4.989814463800075,,5.310520454361572,,4.546770404171121,5.062386978466042,,,,5.542943274481955,4.73158210820981,,4.666350888909967,5.84119936046314,5.399900761821662,4.580758103358416,,5.718670368974609,5.763168408509377,,,,5.334561567794771,5.969919532868732,5.696405984505079,4.901803809225389,,,,6.109299898485104,,4.896693213677641,,5.529225166692994,5.28473030935107,4.918220181547028,,5.185147204516095,5.306915318952715,6.073009033140737,,5.240464444258303,6.0680788411198,,,,5.267847007532834,,,,,,4.587853174041115,,,4.876824651505257,5.652884670060601,,,5.10316678021235,,,5.093029715960786,,5.830882065619542,,5.087020198254186,5.091474390385835,,,5.618081037968416,4.8152545931644735,,6.454810366984452,
PXD030304-Sample-74,,,,,,,,,,6.229157404477228,4.904170547172956,,5.988569509656025,,5.472877449011003,6.318112913955119,,,,,,,6.563883383492927,5.531220548480686,5.331449276241423,5.165242300023912,,,,4.891104533337121,5.635781685658683,,5.034648801776151,5.450752411601522,,,,,5.909085002589193,,,,5.986379392326457,,,,,,5.664367670827806,5.492782171590967,,,4.902627891211632,,5.271785711713743,,4.938705120829885,,,5.018438060366697,,,5.166281622353101,5.464495414117374,6.163447344282712,,5.404173101533448,5.787246315934997,,,,,,,,,,4.855633749297977,,,,5.992572755843986,,5.381686497464207,5.436847593919118,,6.297417967791384,,,,,,5.116089435594455,,,5.353797401735539,,5.8494397641163465,5.9874812810925535,5.427202233130584
PXD030304-Sample-75,,,,,,,5.70888511134643,,6.2190536346740135,,,,,,5.821542669718788,5.7522707292490765,,6.406192077731076,,5.091021966648174,4.582589314159935,6.008433841822535,6.104079313806505,5.503334249724948,4.812068059000259,5.529429711582843,,,,4.543149900456721,4.4449676457939375,4.895931338442838,,5.125603737296522,,4.7095007995922495,,,5.468997339643913,,,,5.799995221510109,5.381037913945247,5.25520811027822,,,5.316644339964938,5.915725870184561,5.722594269823082,,,,5.869147855066497,6.333394024044247,,4.870067155263377,,5.212871508223375,5.28092826111206,4.905706922696506,,5.196707137444982,5.7275261949658365,5.72992326779981,,5.203262087814897,6.240603483989345,5.427951819022574,5.488881073261238,,5.7328733862159975,,,,,5.595309035099209,4.545071707407586,4.737926364288439,,,5.952626779738764,,5.343137395348067,4.791206938757387,,5.590178560967025,5.0823788801208645,,,,,5.0698998278121215,,,5.598751016997187,4.808953887544519,,6.524897471578607,
PXD030304-Sample-76,,,,,,,,,5.949854149052586,5.929303024149177,,,6.017920552566768,,6.115855851243326,6.35369053212846,,6.383897064288606,,5.137220215767392,,,6.233603510850048,,,5.802303214992271,,,,,4.796389889198334,,,,5.563613122157844,,,,5.513620657096428,,,,5.626661847081248,5.240712825870036,,,,,6.073330297978364,5.694613652805579,,,,,,,4.583899922485356,5.208545831226011,,,,,5.260224627632244,5.3016174712556605,5.8797059665764495,,5.180916980616394,5.79239872745317,5.168633301266757,,,,,,,,5.651515193326771,4.649511980973545,,,,5.685309877550639,,5.105334863242178,,,5.940573436865802,5.131129556645869,,5.148305174259736,5.629785588797939,5.100306082286132,,6.05619494687263,,5.330777910359154,4.871236320998455,,6.42794610605155,
PXD030304-Sample-77,,,,,,,,,,6.12859697530042,4.788799077881257,,,,6.18485861006309,6.042622192914196,,5.724321193930698,,,,,6.167140509429952,5.405066188183242,,4.758343603435588,,,,4.448404919746315,5.144072112129047,,,5.329269386213176,5.610809338889387,,,,5.1537095047810855,5.19946406544666,,5.296369151219395,5.790126158064702,5.2983230056583,,,,5.226224719065324,5.513204247968838,5.896618526632151,,,5.110801274659183,4.938831604004331,6.283684428628108,5.210281779317419,4.452139820990182,,5.126208008267231,4.852304983747247,4.8122940816289645,,5.121584813450079,5.280730553589259,6.114004164221717,,5.376159590146308,5.670468552071207,5.511671923572571,,,5.174512687841786,5.152041719742535,,,,5.821688547398063,4.46355669416563,,,,5.871452588020945,,,,,5.903695153928421,5.299115752938726,,4.729148519285272,5.810795015502872,,4.668046037939357,,,5.200631760607128,5.061648770404912,5.743517882786478,6.4184957601468895,5.259136126173448
PXD030304-Sample-78,,,,,,,,,,,,,6.007626307597301,5.088450493824491,5.710270758108829,6.366932103430117,,5.5108365968953965,,,,,6.503427430453806,,5.430763338482051,,,,,5.148461193490291,5.659192263958272,,,5.257028804943251,,,,4.774620157880046,5.875226596144838,4.805708641387798,,,5.519472276539365,5.074656625915414,,,,,5.924487540583132,5.236364473452453,,,,5.623306105988776,5.663696833066132,,5.023954801248837,,,5.07801036706081,,,,5.533675480350985,6.23764963693105,,5.4198740379573165,,5.729503379798119,,,,,,,,,4.635433020074516,,5.108017129549613,,6.076071499308656,,,4.927662687935989,,,5.198899510089416,5.447924810814089,,,,,,,5.427016863507096,,5.931887447221693,5.779360895124606,5.19228830527922
PXD030304-Sample-79,,,,,,,,,,6.155757011285523,4.854792940923376,,6.005248261505384,,6.208363523751827,6.141390782972968,,6.417890623375724,,,,6.041464377017497,6.259139537820976,5.770787346493236,5.390368979610114,5.715221207219255,5.72082036080274,,,4.827471896279376,5.266874727556264,,,,5.6659622357480615,4.686251169725973,,,5.131723056601343,5.258838680599746,,5.360273370206503,5.979000892925487,5.578337093576485,6.27738387836261,,,5.288505049652727,6.0698442047291685,5.836208519577497,,5.971584428441652,,,6.378401055985788,5.2310166895338,4.85817196628676,,,4.995429758748529,5.184201028037272,,5.130941925042548,5.255092132944948,6.091655173236387,5.25115746348129,5.300324604956559,6.121352019039756,5.093927739233301,5.465021378756052,,5.830547250191372,5.524960429369156,4.664247328550407,,4.771500927232268,5.554147621463648,4.785324907501142,,,,5.934083705650871,,5.4986885379167685,,,5.740410492951066,,,4.735699564214857,,5.027481145369318,4.738493583192684,,,5.570441185699497,4.793985282151618,,6.3273898056872575,5.0267112273628
PXD030304-Sample-8,,,,,,,,,5.912539770917569,6.165588820741409,,,,,6.098850856651014,5.783555084024938,,5.478579678002207,,,,5.103501575248031,6.112858894817928,,4.80293269099005,5.476956307087634,,,,4.503886409964629,5.380623775026887,,4.981628513366776,5.555394557028974,5.187654208507277,,,,5.7183349353942,4.642422780259301,,5.342444011089835,5.380200749954892,4.870574638975375,,5.309600383456007,,4.989482103368952,5.584047334565912,5.623383557106669,,,4.850598053462828,,6.175619846338545,5.51896354064472,4.846711692250665,,,5.322953811924758,,,5.133323882190604,5.23918997182705,6.02095940084617,5.709428640307792,5.2428194956942935,5.901561406633124,5.388874349379148,,,5.522070769940875,,,,,5.876805773197768,4.535393916380544,,,,5.920650637638188,,5.615924584801072,4.746605870733852,,5.97311691560365,5.357092142689951,,5.210793760669523,,,4.71793004351358,,,5.272430727208378,,,6.407633822811129,
PXD030304-Sample-80,,,,5.9758275985260205,,,,,,,,,5.979052527317932,,5.829049205359078,6.248523739140786,,5.953726515833384,5.7473703669489495,5.478608543151441,,,6.346781266738487,,5.205771787001419,5.537861339838124,,,,4.643807446735716,5.325806466352245,,,,5.313876520264344,,,,6.040085484694121,4.771889966140472,,,5.88555603602813,5.466105420989558,,5.4476572996142565,,,6.087739307261158,5.207380619223132,,,,,5.319884396324221,,4.990675908477458,,,,,,5.268522715629676,5.427814234551872,6.010872682434163,,5.450531563076721,5.535838916095821,5.829299794271716,5.576009375801888,,,,,,,,4.630069190504461,4.828107768565941,5.075558415987732,,6.035814641905402,,,,,6.386712816113921,5.167183060503592,,4.89593629774125,,5.173659120828211,,,,5.392902009294867,4.91173786128355,5.889050457300711,5.743820611193843,
PXD030304-Sample-81,,,,,,,,,,5.961257002857158,4.938589644774008,,5.947947843186755,5.015649681682366,5.722093107685122,6.182560921867548,,6.1640597005142,,5.463148318320075,,5.25832130332991,6.261339863378479,,5.4910745491936,5.376834356193306,,,,4.609304052444746,,,,,5.283417697440312,,,,5.655411906077156,4.75414367199885,,,5.650970898639623,5.270620659364747,,,,5.379888867858029,5.985609934865827,5.569486965078791,,,4.95081559951908,,6.012741612660243,,4.9770250084581615,,,5.042536059698709,4.9830495959091845,,5.227028567846836,5.616471889615026,5.8696213292531,,5.14447367591025,6.126667888109481,,,,5.630171364964845,,,,,,4.627896174942274,,,,,,5.143355318062374,4.85292901956048,,6.062819048556714,5.173097517154972,5.3834476333408094,,,,,,,5.662394651753281,4.879609432635639,6.183283342794818,6.323446257606245,5.47181274091996
PXD030304-Sample-82,,,,,,,,,,6.178083289352951,,,5.7722327880818165,,6.222100922516926,6.225876222070193,,6.103314917672734,,,,,6.303899488580658,5.481852707546689,5.107303499556206,5.114891371944845,,,,4.527459623688134,5.403165927059495,,,,5.496017039974503,4.688154730842735,,,5.94142432132901,4.66421615483354,,,5.934133356351901,5.492972916342272,,5.334215176047426,,4.999129730355331,5.606214043525855,5.714313566821404,4.570461438453263,,4.865711974459566,,6.090434109933863,,4.859438575871601,,,,5.194629095423226,,5.144749102384347,5.276095284508378,5.984787407024094,,5.202518794522286,5.430645894873998,5.725480848951431,,,5.241491922891296,,,,,,4.812195962740733,,4.689252531357751,,5.644472921066236,,,,,6.286409577142111,,,5.054653870952516,5.569046681511849,,4.781070962013108,,,5.5740616222575685,5.130525938750352,5.799592269916469,6.23335098511872,
PXD030304-Sample-83,,,,,,,,,,6.0515067401751175,,,6.129477384225782,,5.685216152591191,6.3275488602962255,,5.070437197899827,,,,,6.224226698783872,,5.459561775720386,5.317916012291507,,,,4.698648732211908,5.210856056766811,,5.160039993238258,,5.377516175499888,,,,5.961696468080769,,,,5.860591847357755,,,,,,5.823693081997688,5.176173371886006,,,,5.897396322537448,5.697707187504899,,4.782633177151408,,,5.160978119981849,,,,,6.076324667940324,,5.339053982103159,,5.2904419970294745,,,,,,,,,4.708526913610379,,4.84627433671332,,5.8139203830617125,,,4.950991440894899,,5.446587212279377,,,,,,,,,5.479417469296486,,6.017312872497309,5.822061607727878,
PXD030304-Sample-84,,,,,,,,,5.865983430963842,,4.845627645127992,,5.944729476085468,,6.103435928644646,5.935324704892791,,6.065886807666024,,,,5.11530010115162,6.230628345715518,,5.404577421593394,5.878027429442128,,,,,5.507811210313814,,,,5.182661431605974,,5.611204914487676,,5.924596117830844,5.281752281932851,,,5.763293273021622,5.666337398619046,,,,4.969822651719972,5.5804883317940455,5.9016847153404175,,,,5.018140720534107,6.316409295139554,5.246579411965508,4.862593400831948,,,4.914128514388655,4.876363874249895,5.317243474524556,5.1460292977005935,5.32589990826863,6.118830288495217,5.226640516498247,5.20454173258189,5.720795161618875,5.102790867833411,,,5.237011939930833,5.221012026398746,,,,5.584335249136742,4.797882625879063,,,4.833223580617636,5.941674776885441,,5.015327586687016,,,5.865664986071444,5.044340805237206,,4.739690287554878,5.855981775950159,,4.729228015549251,,,5.573269523225608,5.534689238589829,,6.482341267606037,
PXD030304-Sample-85,,,,,,,,,,6.217728059904056,,,6.052940614509585,4.956398786394932,6.132726542864026,6.113707190265294,,6.3566473477456045,,,,5.156514804565688,5.825301281759472,,5.138323848658153,5.704427388585351,,,,4.545781750317049,5.160283360841551,,,,5.553255502705414,5.02183495438162,5.967066420784217,,5.870404028531394,,,,5.890313393491138,5.703638121218946,,,,5.3160256771599546,5.616371440116198,5.716771318891,,,,,6.100761898917258,,4.895935403670434,,,4.992507361773439,4.919300417524165,,5.23710301198722,5.295486094423736,5.665583882270717,,5.355842142176434,5.951961450824324,5.6210384449743405,,,,,,,5.303696527233465,5.604370659535907,4.537514945206476,,,4.888123550120519,,5.264188922004835,5.051271305896443,4.800345607919025,,6.096537823395232,5.389469374745901,,4.778198755516178,,,4.807095722795085,,,5.296622228856683,4.818303129641636,,6.373413610037039,5.376799989548152
PXD030304-Sample-86,,,,,,,,,,6.196772665144313,4.880845580636215,,,4.9374192542724735,5.867300264305151,6.072860290244161,,4.916304951178228,5.667419688591961,,,5.151787538574832,6.11665959178665,,4.836836833111807,,,,,5.051331090206844,5.609773991682173,,,5.601269842369512,,,5.648584400497846,,5.9419572827538,4.708358245905586,,,6.015640572996062,,,5.357566166463178,,5.007391397967742,5.942399081835145,5.659138408509743,,,4.875991157324473,,5.945827044161344,,4.916186247291416,,,,4.913095339407407,,5.180819416387941,5.378856481212382,6.094928089339696,5.2845851043111365,5.54918427567195,5.7586628375115385,5.745515831839946,,5.203034353194994,,,,,,5.606502697616173,4.833504755322749,,,,,,,5.100163412035957,,6.318967700355196,,,,,,4.825249004599501,,,5.311168568199131,,,5.668939357418073,5.053250795527562
PXD030304-Sample-87,,,,,,,,,,6.030604406014728,,5.672839648204293,,,5.589982175502772,6.085294581159909,,,,,,5.354557206106854,6.270335392695253,5.634946614830497,,5.276121005105048,,,,4.688721966560236,5.753091751045859,,,5.731477622146191,,,,,5.7906196706796855,,,,5.53728601824357,,,,,,5.90282915312626,5.47030650785912,,,5.004725490798397,,,,4.7674498145882325,,,5.157920283835645,,,5.350834864110676,5.616432172349475,6.005844001548056,,5.699148118242132,,5.264011192282564,,,,,,,,,,,,,6.083988839267238,,,4.936731653039602,,5.760763363547344,,,,5.735767741061032,,,,,5.44397744537083,,,5.804093822802512,
PXD030304-Sample-88,,,,,,,,,,6.338829977161998,,,,,5.8888308829235765,6.157120594111214,,5.051836285836007,,,,,6.477032599538058,,,5.791302139153783,,,,4.677352200918839,5.603780635521407,,,5.2515669206924205,5.354406768349896,,,,5.212290953072993,,,5.518691609068884,,5.050959839687431,,,,,6.091001665282536,5.258885768786172,,,,,,,5.008563498937478,,,5.085882892088665,,,5.362291177293662,5.449817752524968,5.22520731521741,,5.672741346885702,5.593670423525537,,,,,,,,,5.747607933638191,4.667087506560236,,,,,,,,,6.149172169708548,5.234841539079759,,4.906155115422863,,,4.899541781996439,,,5.473547749517213,5.241496544952291,,6.10780347268091,5.183820062247284
PXD030304-Sample-89,,,,,,,,,,6.271175605249651,4.94016506678536,,6.042634442339537,5.067591022485637,5.519243322841467,6.216733090243144,,5.461922111277421,,,,,6.087104117951324,,5.207470256450434,5.134666427428402,,5.087826888271128,,4.923959973302062,5.004284956164204,,,,,,,,5.586647074400215,4.75550698985545,4.651787953563953,,5.876563893339815,,,,,,5.890491271555856,5.642236900253644,,,4.957404075616687,5.810743359819692,5.933371522020483,,4.97622349816203,,,5.056308794757753,4.981402776680527,,5.251526991193253,,6.062426516305505,,5.354839795645657,5.5253604957996885,5.238187780319569,,,,,,,,5.662677324707452,4.902310974947017,,,,5.71569365443546,,,4.859015768015717,,5.98575015382972,5.454280388692963,,4.8446082235463965,,5.134172001271523,,,,5.376133076509904,5.382540842453566,6.196791963574656,6.207027916415001,5.677230740504943
PXD030304-Sample-9,,,,,,,,,,6.056476317211153,,,,5.121376883028548,4.901799580155174,6.396964249704084,,,,,,,5.76566697944235,,5.302280307639097,,,,,4.715998602735388,5.323757906709399,,,,,,,,5.649083857632903,,4.742221465503781,,5.751532797350203,,,,,,6.075716655590812,5.540975794725846,,,,5.979845470461951,,,5.038418608255306,,,5.2017968637469005,,,,5.828401199970317,5.93162379775903,,5.78782050995838,,,,,,,4.86496736210915,,,5.754381923386476,4.695505855431178,,,,5.824053300705717,,,4.965513464283495,,5.983592319193657,,,4.942929613624437,,,,,,5.467055628797533,,6.283480322667512,,5.58154743336693
PXD030304-Sample-90,,,,,,,,,5.965771106814495,6.21443200516266,,,,,5.970122132099524,6.387674370010629,,4.925851485336072,,,,,6.394218254105794,,5.12163640798308,5.326792931199606,,,,4.857372636539195,5.521882027119983,,,5.606412401471615,5.533423082356919,,,,5.594472282094492,5.009953745674217,4.592200337849143,,5.96411101470794,5.392204603158893,,5.38061708645619,,,,5.694542389935431,,,,5.023853527946756,6.049941186710948,,4.64037336422993,,,,,,5.190988756856114,5.298716907352815,6.1002577663835975,,5.484018280986756,5.474117634951146,5.632851653999659,,,,,,,5.114941079309041,5.614683904021722,4.565066388543436,,,,,,,5.103505110398286,,6.3813352696827765,5.088415884419566,,4.783433396328975,,,5.084025167110784,,,5.328372049066556,5.265909651572935,,5.675846532599746,5.0586893918311695
PXD030304-Sample-91,,,,,,,,,6.1983099103641575,5.854927874785076,4.843372530961709,,6.077794839606455,4.942383145737603,6.207048256068074,5.869472238039951,,6.524286417599754,,5.080036530070268,,5.173622901096641,6.2592266791384,5.801460582001803,4.784790046508892,5.861441100483667,5.708531115755183,,,4.513683179133882,5.377842201824325,,,,5.5092040594537295,,,,6.020774081435286,,4.543405187991821,,5.675630696482698,5.360963069967922,6.338595256212073,,,5.283233817941955,5.875162205235251,5.835298187769384,,5.404214201383483,,4.979756517754085,6.224037155817793,5.252457107400202,4.869256640187538,,,4.980298596853941,4.876994894276564,,5.165339848089511,5.240618008199372,5.591822502468003,,5.365160135561481,5.734913238167021,5.397456375510655,,,5.230141653121381,,4.687991474760223,,,,4.516818359283776,,,,5.610347872450281,,5.027947713498963,,,6.2867400548580505,,,4.7421067402121935,,,4.731225207166196,5.98176377396467,,5.576476999340947,4.818568918187626,6.251228887551712,5.646148378937618,5.479145202365065
PXD030304-Sample-92,,,,,,,,,,,,,5.907744234568428,,5.888009819817467,6.08835459694779,,6.287768667471314,,5.1148055392397165,,5.262021488246452,6.178693321210636,,5.449539104673993,5.555196110817167,,,,,5.380599384475275,,,,5.243987756930233,4.723197760249441,,,5.645880521124408,,,,5.730465383321389,4.921861955748027,6.134177947457035,,,,6.014271954673436,5.591925073728965,,5.42650077254503,,,5.256351375467806,,4.932741464380172,,,5.009641629117598,,,5.195181777103324,,5.934399525762284,,5.418053579736977,,,,,5.279952438313687,,4.730240102418104,,,5.909189956824479,4.581584079648573,,,4.897307638211983,5.660992533564115,,,5.112288566895354,,6.183551021644714,,,,5.627975301305321,5.101195244178146,4.789040373188506,6.029806890085377,,5.324390942818191,5.239988433555278,6.124410207047248,6.156934763820354,5.387628899097427
PXD030304-Sample-93,,,,,,,,,,6.246694334870083,4.937739527133445,,6.149465678052348,4.991432177011301,5.493265809192406,6.167832304556061,,5.924921341669013,,,,6.059732876510026,6.564477831326977,5.855778115516563,5.650643445790584,5.200738463906907,,,,5.079367638576212,5.7216963997062615,,,,,,,,6.156820090256447,5.046689086559071,,,6.073957979558598,5.257083631211108,6.3663975758847,5.671621138933951,,5.05374481225083,5.747051986710502,5.587838750255465,,,4.924281003197994,5.779073244397731,,,4.92881822065855,,,5.128421421151049,5.267284164956243,,5.177973808480813,5.667526990224094,6.072400543031197,,5.708864154371301,5.988713289374886,5.791682133318301,,,5.313851015702606,,,,,,4.580715858152078,,,5.227486237431591,6.007659830051493,,5.713950117018335,5.140525767954969,,6.447259637248529,,5.375067526908661,5.124671807938363,,,5.124046747109038,,,5.3580020490969975,,5.845512931222313,6.004256662453056,5.464850421822402
PXD030304-Sample-94,,,,5.863240954660474,,,,,,6.163421035474965,,,6.075709702902698,4.935199725140173,6.0248815325902925,6.306109023920564,,6.073337879894801,,5.571801560493074,,,6.433734304616688,5.4678476577095685,5.494730650932365,,,,,4.820559396302785,5.557200895601574,,,,5.199052943026382,,,,6.027955425597707,,,,5.869233344445387,,,5.5953857643718745,,4.974151818166412,5.6004928307864486,5.81545641489484,5.041098781361104,5.378705840944163,5.165092634165723,5.6099391553322056,6.004110504703496,,4.841676293474577,,5.2068608192465256,5.276028122308104,4.884431723268412,,5.124860065002332,5.385097825452491,6.129736893412083,,5.328617650991532,5.918821892366978,5.602940441304229,5.775751717573086,,,,,,,5.562329312041561,4.810862618744454,4.717573301926043,,,5.93916506151411,,,,,6.33163741068874,,,4.758262238220482,,,4.752825971049211,,,5.5661840572725945,5.352584278077975,6.279982568329415,5.934995489491517,5.427675857009757
PXD030304-Sample-95,,,,,,,,,,6.268082378040488,,,6.1657655906209285,5.018196361562311,5.762268470630584,6.487600538817183,,5.466015598147068,,5.689618699580243,,5.2981867959194044,6.670597314573314,,5.376938025238292,5.122647244052338,,,,4.608782334043765,5.732717206565223,,,5.204242548836233,,4.801635149964256,,,6.026635512588755,,4.642107443041648,,5.954997077732816,,5.326092673509092,,,,5.719816139515676,4.954809558437711,,,,5.393862961743221,5.299443175085081,,4.630322348760645,,,5.098091274928454,4.973977881067843,,,5.420487185821657,5.848932100688996,,5.588415480664248,,5.494762146062456,,,,,,,,,4.888118272127123,,,,6.031055545763279,,,4.852160727358763,,6.319422788581056,,,,,,,,,5.393123995523454,,6.220326175395002,5.72028128233173,5.573536641953725
PXD030304-Sample-96,,,,,,,,,,,,,6.115401903119583,4.909884594610964,6.0620443438981,6.214468580966983,,6.147481562313308,,,,,6.156439878074721,5.466324884611076,5.3865868939667925,5.1103725466777865,,,5.101237804403572,4.815549384254255,5.632950522087845,,,,5.198311496611579,4.690159417303796,,,6.025871120369169,4.952246867359795,4.536790886840773,5.347591338001818,5.980309422018267,5.568262556162871,,,,4.965931506392638,5.890815791299971,5.771510855387611,,,4.836414760040476,,5.8349874946790745,,4.855779883296095,,,,5.18054810030974,,5.1809878318744325,5.248939709908341,5.910423051197144,,5.305619625168863,5.904061362953615,5.705433940842371,,,,,,,,5.568734680930674,4.79710247093036,,,4.831481281473638,5.6091333795334855,,,4.755874620363515,,6.288927720831827,,5.27808481879338,4.74731204593948,,,4.724090266508853,5.977319451827434,,5.281652562559437,,5.76978536341025,5.936248995659599,5.392253923430598
PXD030304-Sample-97,,,,,,,,,,6.279654996572067,,,,,5.757778423205896,6.26639665118128,,,,,,,6.520697559262935,,,5.753622648866665,,,,4.910932570575992,5.668804976118534,,5.05312466067381,5.166526451208794,5.270295500331776,,,,5.692170593484493,,,,5.937227745773297,,,,,,5.788646747781297,5.433928298906627,,,,5.0759441849213065,5.331074167397118,,4.707813597130263,,,5.0746797365127625,4.967456031115269,,5.21873688309716,5.360443950543358,5.958365900145887,,5.36546472339454,,5.190134883847279,,,,,,,,5.644936832447254,4.6191329437337565,,,,5.746804591404518,,5.146442821913657,4.862438751756388,,6.38941306245363,5.170387967687038,,,5.6546091817820825,,,,,5.3616055840191565,,,6.195461804907988,
PXD030304-Sample-98,,,,,,,,,,,,,,4.98516735738489,5.967593572508887,6.315714463908315,,5.26435738984526,,,,,6.464765210829102,,5.650940469312396,,,,,4.910371650286132,5.746494662977383,,,5.158024943990518,,,,,5.6320619677339465,4.748926353530945,,,6.066384271601217,5.256349276660405,,5.376426960411509,,,6.008567527658158,5.773639232150333,,,5.225960265720833,,,,4.930324798711246,,,,,,5.19619958570946,5.537071083561384,6.256146299907693,,5.427559408175086,,5.488240406549384,,,,5.29544393916976,,,,,4.611673044712962,,,,5.726902846026067,,,4.850105783436617,,6.356855846348293,,,,,,,,,5.363000513590698,4.942359283124886,,6.003416749503503,5.123178677027446
PXD030304-Sample-99,,,,,,,,,,6.11306829825406,4.7899324784792325,,6.076774297198131,,5.818695717564209,6.006780389117963,,6.338108249295425,5.558723175147789,5.003931427723826,,5.184334722753321,6.340856663559242,,4.748739497157434,5.534284042918031,,5.212281472289983,,4.475427406204218,5.21018637957741,,4.931689101313232,,,,,,5.994825318964076,4.607191566098447,,,5.922323717818479,4.812120378293579,5.173735952226259,5.226169176063027,,4.919791638897822,5.909657727126473,5.762203688546132,,5.599200884358096,4.791290029448054,4.957477063335762,6.0839934763189945,,4.849649100441235,,,5.250824503411905,5.130616118976144,,5.059202769855501,,6.129741578202221,,5.633046711783886,5.690152253209153,5.342030763573084,,,5.171034002352794,,4.6148046634260265,,,5.508155937764295,4.746462464719006,,,4.799177916626896,5.8711586683505415,,4.964087893414019,5.011148196427475,,6.294721763072163,4.98943500243255,,,,4.971878943032248,4.684717061069403,,,5.226429311357005,4.726399815031818,6.027041607309606,5.575928406423985,
