Unnamed: 0,PXD030304-Sample-1,PXD030304-Sample-10,PXD030304-Sample-100,PXD030304-Sample-101,PXD030304-Sample-102,PXD030304-Sample-103,PXD030304-Sample-104,PXD030304-Sample-105,PXD030304-Sample-106,PXD030304-Sample-107,PXD030304-Sample-108,PXD030304-Sample-109,PXD030304-Sample-11,PXD030304-Sample-110,PXD030304-Sample-111,PXD030304-Sample-112,PXD030304-Sample-113,PXD030304-Sample-114,PXD030304-Sample-115,PXD030304-Sample-116,PXD030304-Sample-117,PXD030304-Sample-118,PXD030304-Sample-119,PXD030304-Sample-12,PXD030304-Sample-120,PXD030304-Sample-121,PXD030304-Sample-122,PXD030304-Sample-123,PXD030304-Sample-124,PXD030304-Sample-125,PXD030304-Sample-126,PXD030304-Sample-127,PXD030304-Sample-128,PXD030304-Sample-129,PXD030304-Sample-13,PXD030304-Sample-130,PXD030304-Sample-131,PXD030304-Sample-132,PXD030304-Sample-133,PXD030304-Sample-1336,PXD030304-Sample-1337,PXD030304-Sample-1338,PXD030304-Sample-1339,PXD030304-Sample-134,PXD030304-Sample-1340,PXD030304-Sample-1341,PXD030304-Sample-1342,PXD030304-Sample-1343,PXD030304-Sample-1344,PXD030304-Sample-1345,PXD030304-Sample-1346,PXD030304-Sample-1347,PXD030304-Sample-1348,PXD030304-Sample-1349,PXD030304-Sample-135,PXD030304-Sample-1350,PXD030304-Sample-1351,PXD030304-Sample-1352,PXD030304-Sample-1353,PXD030304-Sample-1354,PXD030304-Sample-1355,PXD030304-Sample-1356,PXD030304-Sample-1357,PXD030304-Sample-1358,PXD030304-Sample-1359,PXD030304-Sample-136,PXD030304-Sample-1360,PXD030304-Sample-1361,PXD030304-Sample-1362,PXD030304-Sample-1363,PXD030304-Sample-1364,PXD030304-Sample-1365,PXD030304-Sample-1366,PXD030304-Sample-1367,PXD030304-Sample-1368,PXD030304-Sample-1369,PXD030304-Sample-137,PXD030304-Sample-1370,PXD030304-Sample-1371,PXD030304-Sample-1372,PXD030304-Sample-1373,PXD030304-Sample-1374,PXD030304-Sample-1375,PXD030304-Sample-1376,PXD030304-Sample-1377,PXD030304-Sample-1378,PXD030304-Sample-1379,PXD030304-Sample-138,PXD030304-Sample-1380,PXD030304-Sample-1381,PXD030304-Sample-1382,PXD030304-Sample-1383,PXD030304-Sample-1384,PXD030304-Sample-1385,PXD030304-Sample-1386,PXD030304-Sample-1387,PXD030304-Sample-1388,PXD030304-Sample-1389,PXD030304-Sample-139
Q9Y2K7,5.716465266653862,5.577776370073208,5.521086890590391,4.843959014657077,5.697209991934912,5.134596697996743,5.432483813091005,5.613486780438949,5.320871019190945,5.43794619370575,5.436111963620936,4.941692143034599,5.462330697292711,5.309922569433568,5.557480426970469,5.13313492005905,5.4806537202614445,5.572714595775291,5.596670114043583,5.0605757438228505,5.830710118192472,5.554529050432693,5.378642977814392,5.63737679575359,5.089534314918472,4.856918348008789,5.119746418598302,5.423179829170835,5.363895120566679,5.8464211086219935,5.227565429423288,5.65422551533039,5.762117655642906,5.212414309606107,5.709292756725803,5.459386011168302,5.357025555555199,5.438484760832285,5.206929710279619,5.356119037219302,5.728507668492797,5.29784600022628,5.735464217494649,5.11067051694118,5.713905652454541,5.598664350329575,5.22948413244738,4.939035767863973,5.796859045821503,5.219714444928763,5.95313514571883,5.666071699267918,5.701092204455459,5.2504725557164935,5.629332725784554,5.890947763331937,5.48784770385988,5.619785258105687,,5.256300494794026,5.618755682940971,5.588175041203315,5.822226689117503,5.047409089948273,5.431689886533452,5.621591710851994,5.843359136370578,5.895042949547617,5.470868621333272,5.743781324725495,5.048065632629684,4.803605780136509,5.605788572844241,5.600483577168737,5.981649854620893,5.500670342149047,5.7775547186652325,5.66353165783943,5.854302353543757,5.638728261685845,5.676898120178212,5.861090316716657,5.620815935924723,5.841069745613514,5.076375119747716,5.698136443273183,5.526403723395013,5.2637272570330165,5.684970550539015,4.714511896255463,5.490432318346074,5.065365664203184,5.195364217365524,5.639399434819273,5.434720059383201,5.648017368252904,5.69283990745586,5.6603093396509,5.311218241459325
Q9Y2L1,6.23013300901524,6.040265490002729,6.105023847803439,5.834060614155967,5.901533817564816,5.527952207064773,5.9822685572985375,6.105568081938785,6.058070480708704,5.724204402516301,6.104270296870453,5.61803470777798,5.942883265425287,5.924995773933333,6.001017350438911,6.166575072170518,6.427458229878423,6.103162016291025,6.126944268148474,6.02161563813929,5.877498363050251,6.265765176614714,5.863109504661725,6.042358779716592,5.80263224080907,5.9292253262400765,6.12768778240028,6.033210533394607,6.038284427384815,6.0051405821749935,6.1049317114796455,6.27442362338703,6.151181698796506,6.360074592068129,5.925334578454375,6.012492858420668,5.900438164308709,6.097267037263856,6.065637055631337,6.098810936264544,6.175633216592139,5.88203612301767,5.67726426353164,5.744845428936975,6.185555706624364,6.136292684922164,6.081266558512047,6.05090331617698,5.517130066747016,6.05181837794952,5.9826018028020735,5.960109421263763,5.899328624222522,5.785819827455382,5.89984504501618,6.094898082375906,5.832141758075276,6.210254386518622,5.499699237217417,5.999500777333939,5.815425193863908,5.684246994651715,6.082680052867753,5.993377852956971,5.977237263946988,6.099564805509319,5.860022245277584,5.849703472006039,6.215491120413257,5.841806953711205,6.131772882385331,6.249488396311205,5.9013579457821415,5.082744990902357,5.748229874335446,6.191532410913695,6.121289121854814,6.107884380746533,6.122504217790189,5.981463729294389,5.846239872131216,5.761053922443662,5.715151079951739,6.089452227829282,5.710261828274406,5.863382741140893,5.96186216505274,6.1572662200203006,5.723370428243629,6.00877770634869,6.097022732147151,5.958632609233189,6.065717293927758,5.9222315921505375,6.075966005417568,6.144209091352915,5.847869125755013,6.158586267135827,5.815270453762611
Q9Y2L5,4.938536111681604,4.957709126958769,4.985790052753576,4.747960970983854,5.083351774445559,5.209995143749398,5.129132729294656,5.140442722092731,5.045698637405319,5.216358965601954,4.957307467404168,4.8556417882665714,4.979958530767781,5.091069512136057,4.983199006045434,5.065368530479618,5.011672451019659,4.905488808348929,5.0162904819916365,5.130179269024842,4.74829372474884,5.024487664323564,4.896027599182794,4.987873572537776,4.999470730815611,5.102790079623649,4.987479614239301,4.695901330682889,4.971282408656048,4.926248951073023,5.14174275124812,5.096704261811291,5.098131358061034,4.957863649407623,4.923151687798448,4.96786510641777,5.142679563086209,4.961888882134844,4.675394496228622,4.972786549497814,5.084338026151792,5.0312158050244085,5.129526976867915,5.0304637114908575,5.151946845330687,5.150505576023444,4.973345147345355,5.18710507360665,4.921724848332564,5.10776612853297,4.7530414679118405,5.027102216599604,5.123164810564422,4.70603376194223,5.07527599697727,4.938403339838748,,5.043285007667997,5.12578048615259,5.0159134365630775,5.105886564645369,5.193434330344783,,5.118880758592275,5.023689688580905,5.233184102192886,4.687600406028777,4.764090827315732,4.926586231870149,4.979417260398313,5.190755690348918,4.683229544225534,4.98595318423583,4.885639067953867,5.235826517048979,5.027348207099415,5.124073733578789,4.965117818872947,4.901603714272276,4.99899958584225,5.041925655271712,5.020622893856772,4.754273811749165,5.000858382616413,4.982002671460685,5.180777014241239,4.686401528531159,5.018902201524556,5.05022879451262,5.23867900482067,5.167702202785681,4.98818734713036,5.143419506015614,4.754137281992138,4.950162006068736,5.122237737437903,4.962664605679818,4.9134415342186255,4.927252591856675
Q9Y2L9,5.580871842948378,5.466226253547926,5.476961309911924,,5.049164503584036,,,4.995733312042824,,5.082713194725989,5.4766205308714495,,5.0161286352286165,,5.029937715506011,5.578073685209819,5.500903511460573,,,5.295638177547309,,5.148060920157048,5.234437371901924,5.351926253716171,5.048371187683641,5.5935463442298,5.030164504199094,4.975689507502337,,4.96349041678716,4.9930996526741644,5.2566007253279405,4.9589552158172845,,,,,5.288170725445332,5.447676186263593,4.994731037289196,5.22992262398952,,,5.369811467593114,5.295557846813372,,4.987521113867775,5.200016553443715,4.963675797391993,5.265023613077791,5.3883043677448015,5.352195735304805,,,4.9222320183823145,5.429309434329362,,5.4206668883991735,5.470755356260884,5.318611053086074,5.266573976902993,,,5.002390396836018,5.06267990418124,5.278592045815429,5.666365698947442,5.710215481966984,5.552586465757912,5.323088791290783,4.984929234054012,5.529865212542582,5.490969667862825,,,5.5277474508555855,5.592131814258497,5.304082855332479,,5.525715033867187,,5.071599670815864,,,,5.524613639427199,,5.494897025856385,,,5.041495206784971,5.024470858776764,5.457557560105392,,5.2822031051284295,5.288582684148526,4.978084026495238,5.444243820377609,5.253093034694997
Q9Y2P8,5.98289209657553,5.916746501331743,5.51378782965293,6.210538424028308,6.052204115987921,5.76149518259015,6.189944880904465,6.077354019145856,6.004969502742132,6.081257414708027,6.1273200551385125,5.865203163315058,6.007947117886296,6.135088516576371,5.718496566070139,5.599612819470193,6.092040264699777,6.067596252510397,6.125018311116371,6.173303151971701,6.144667098092919,6.035189427539168,5.9960495580827065,5.734447526952992,5.97413111481145,5.631173872584661,5.858031818171855,6.050036609379193,6.005292082285206,6.211219848010732,5.686637128271053,6.024637174238607,6.045793883789139,5.808157956467968,6.079665584709384,5.705793598475759,5.820843166076035,5.905378281798392,6.100301526119875,6.242295901875577,6.21825554109412,6.077757708137522,6.119707107392807,6.088923914948281,6.14161215412625,6.245084619654273,6.002435146709876,6.124081892459513,6.245396865256465,6.2033737756089415,6.281737483016938,6.129095007777218,6.132113646500756,6.11784686839996,6.204634526976721,6.159550623240821,6.210494737768114,6.047998296143764,6.090548099868885,6.1596924713206125,6.145507640769753,6.139696376852683,6.298358474949509,5.67359182205496,5.596189593619492,6.0491201880864125,6.366436111413732,6.343378696505737,6.169518484613105,6.2670398307787485,5.98008688328962,5.864827437121305,6.191113035641065,6.166722339807363,6.1862938458469205,6.056097395348067,6.125067793488184,6.145416481935001,6.110810279809254,6.186146561111583,6.264475909170541,6.313775928504171,6.221805814725704,5.718929814833895,5.539581828802251,6.043971006624423,6.071366312746664,5.522818066462862,6.3285296365314725,6.106944021986611,6.158101571915027,6.217370776692134,5.809509537514001,6.238134748326784,6.1104809730153775,6.132197963013687,6.11100959923513,6.021680809789436,5.957200550425979
Q9Y2Q3,6.19631464810206,6.486742820992765,5.964370805459229,6.611097796907748,6.20953390789695,6.442182861752256,6.2869296954747,5.37623833610185,6.23262832138673,6.423313135486194,6.414509476920401,6.570100266478096,6.4183497960828815,6.592797590722838,6.407896203979143,6.555703758185562,6.176693688875282,6.397217673279409,6.7991046223475,6.63253148617143,6.507440248028325,6.305099435137227,6.538831868778535,6.200031832389926,6.581931602128598,6.469897292690456,6.497258015742437,6.4874473366791765,6.70738471909864,6.429689954346674,6.14853528759572,6.277375059222096,6.04628578874228,6.123973222743783,6.3358252597055085,6.1488184247138165,5.370322509976136,5.649888487338177,6.600227250239588,6.291176420053116,6.358105152251167,6.526229344655627,6.427382672772998,6.51266416118116,6.146033259280969,6.283949743651992,6.227476950422373,6.547677645736501,6.243683280687337,6.574453205751574,6.73456812209152,6.34285544988135,5.857436369370396,6.736791771023028,6.003325129448536,5.626769660144738,6.831950734452793,6.300060477863903,6.555205828475258,6.26893862117697,6.4701089999011225,6.481299021373967,6.561219487353414,6.400613686766955,6.159405099980983,6.569386436310456,6.430087211993004,6.382055531363117,6.539331204799312,6.4076209991473725,6.316164600927527,6.270668573776695,6.6665903720863815,6.779393370384225,6.664235867082812,6.489885858531245,6.281578795231296,6.623258196368723,6.3120098550091015,6.696333334709482,6.294408333463683,6.658982069956343,6.568130020432463,6.441984326723199,6.449406732329369,6.109401329516324,6.506217261844194,6.086853724804864,6.576726788652868,6.241222909794779,6.09824924527117,6.644063628922812,6.4103951779174775,6.48164734937636,6.131350635775972,6.31856847278531,6.607903059287855,6.111013936165641,6.106313507202048
Q9Y2Q5,6.3478763946348105,6.454844195284463,6.227526211530549,6.557582702669764,6.106379554969113,6.474294616816479,6.456287420375462,6.488267864716857,6.139579988842591,6.551384886200812,6.462548849718495,6.6474702180305085,6.38797455357769,6.420954813503807,6.254516896135394,6.45294567758336,6.391730739298855,6.385030198071984,6.546896663623151,6.537323760287338,6.318695634991597,6.3084186798608215,6.441537624877062,6.121946002288096,6.515125515836743,6.170393002117233,6.285151250110222,6.435677748675808,6.459297766662527,6.438098729119363,6.224458977016678,6.48670819986738,6.50370961818928,6.338306281447043,6.192266383241486,6.467423645945473,6.5585344109115,6.230765965263508,6.341071810008344,6.549727870176607,6.387912069025756,6.638386461504847,6.218103375830895,6.43293711470397,6.235204349186579,6.063866496421843,6.239187122629689,6.413286943713249,6.332950654918648,6.521234979350675,6.318665229655345,6.138076393507393,5.761955808696857,6.265695337790731,6.16569596457413,6.210813931955292,6.374428522996218,6.463791683593737,6.5578254929103394,6.248408854247477,6.419699810784797,6.525529208215556,6.569502063591414,6.249415881722404,6.121565607486113,6.326756627364484,6.583373957855599,6.454428675295786,6.484730647467211,6.260839269708066,6.4417142673483125,6.420440543381079,6.468301942852484,6.483447153860498,6.669505157054948,6.421456079381,6.350778290049013,6.564268667971392,6.466273832935791,6.499024069202956,6.539639863713714,6.518741975710897,6.543585072643433,6.282058415576062,6.486137923924691,6.403284157343217,6.53963844854429,6.256251088981304,6.562390800639789,6.431641376568735,6.1021771306740105,6.500478231729826,6.34829038986615,6.360807514666881,6.251368348018321,6.446903578477871,6.5301636860399,6.361043900694737,6.416295194225032
Q9Y2Q9,6.354555197324871,6.472177869678795,6.414699975676291,6.503745407075037,6.378556482977638,6.423708096533505,6.232633180632735,6.197181869689767,6.619161334546937,6.147861364083624,6.426133316997946,6.413082681223119,6.516146401468932,6.481101933839436,6.285509405861765,6.526644802138646,6.466385814587641,6.41111126005624,6.391815733473394,6.440931970574471,6.631606703440171,6.364409342876149,6.314576101272662,6.551964045410137,6.547330060117555,6.202092384922479,6.57827246774543,6.454247160548212,6.5608971693936,6.499125292607907,6.384028187006011,6.333684109947735,6.4383513902656535,6.22382038481641,6.390267548792846,6.349219290966658,6.456073770661241,6.37913546951151,6.402976044132734,6.437824991256495,6.426046051969193,6.568933127598815,6.254047781066943,6.32007483671324,6.535259096890156,6.491717148504032,6.339268273808891,6.184981771820296,6.472200346441879,6.353466598578349,6.5837989559875405,6.570172722399895,6.440038504523976,6.663677636522934,6.194044953369236,6.454098256099561,6.510959414511204,6.354373207426301,6.409638165382834,6.552660400759903,6.293599634788345,6.2383611677769775,6.527905752055608,6.229981081519549,6.358700312133281,6.346736884187156,6.425694623647903,6.70118416351379,6.423286895067276,6.540808303943875,6.48551121205461,6.452413523303936,6.587949572435214,6.844446450852471,6.6414719417422905,6.425035124155829,6.452669284882467,6.498872947217365,6.494509500581843,6.6378330834091415,6.572332817978325,6.603444326205405,6.644041433343075,6.427633856667205,6.401909594579413,6.421535982070391,6.482493576364735,6.201403722148468,6.539042277393305,6.499208135370925,6.626305898352161,6.594669816178669,6.424823117675946,6.582508548346418,6.376160856533181,6.474925709414294,6.467443485914884,6.407098405556839,6.26920973914856
Q9Y2R0,6.195046806706325,6.526916765672001,6.046684976106645,6.562958846497536,6.403606913867382,6.453227095292053,6.2170846828706985,6.481346518145387,6.556337776587505,6.150319232629007,6.536317209000957,6.527522071500103,6.251146276682288,6.194549479944865,6.369091744633927,6.629368408077241,6.480142085325875,6.484002272857721,6.59436777502237,6.227940668276625,6.627470853196051,6.392772747928208,6.474461905125343,6.571611018737112,6.611994385198077,6.357417328261928,6.393462885704883,6.529527856027656,6.473826720927123,6.438632964286577,6.451505349243323,6.485593555354553,6.256064587696477,6.203219222966728,6.500317168402141,6.360552090855874,6.527709220245207,6.528701203889051,6.444386775630557,6.369650809097954,6.472878503307479,6.618229138862226,6.443957951948962,6.353570462971968,6.460767417335799,6.058896941266362,6.444049618989482,6.449148092986352,6.545925538592911,6.427116566572409,6.452275536351127,6.298001143671023,6.454829994782185,6.592025815186652,6.391451574248446,6.492364023170943,6.382855132434855,6.375963028711892,6.225662965434459,6.481696465377318,6.501329415320571,6.30480920369255,6.586153901244715,6.352169029960148,6.534850343553252,6.425949523393822,6.507012457644426,6.570566980753532,6.414372864300637,6.257372605026559,6.232208882095513,6.393809847074705,6.472884938562292,6.610225485058328,6.585382557058276,6.299178142123428,6.448800537093244,6.387602486737412,6.5210817385183,6.635466910487128,6.439565942416394,6.616138727076187,6.596050298090345,6.475126494564696,6.408420271005717,6.500476546445851,6.2507398429796766,6.2482923378665305,6.570603599488596,6.217440567249042,6.558607959161144,6.585772213012838,6.510891582466592,6.555677920915083,6.4313335325521805,6.434935563478146,6.2284791775105655,6.322469859242342,6.409398736715319
Q9Y2R4,5.833661483291578,5.846646463536305,5.663730759963263,6.218640111354057,5.586415067174857,5.641984141938172,6.019077256589586,5.696615006433404,5.766462610452149,5.462412724504651,5.673303641058875,5.554176866833543,5.565582555940332,5.939709790877021,5.383639296928745,5.757728452193738,5.9529255805197,5.9119667668298055,5.7514230597782365,5.770623355780217,6.107993540295097,5.77665609042997,5.60318138167974,5.721402221091904,5.825571565215827,5.491247198025261,5.82310746158311,6.019866450677611,5.791699925282471,6.205132624846472,5.557867070833694,6.02820481320446,5.833444719538044,5.7568253373281095,5.807556221403214,5.565710437786056,5.376756873233827,5.534071585770211,5.897220422046878,6.0001734778947,6.1030482717605405,6.001553958708614,5.842325740155192,6.073316512029045,5.782457125425838,5.931521079576968,5.536748193438465,5.887870410443563,6.021135167000812,5.958248683301941,6.091055887473372,5.83924339435838,5.929130898812065,6.155904992360272,5.923413707857733,6.194321134729368,5.6931311074027375,5.774605689112097,5.947577349560069,5.709876282743081,5.946799077463512,5.428784077155608,6.003569346599974,5.857826340953247,5.628432258202537,5.9497535738844585,6.362687223582547,6.1942583027919,6.026555578087352,5.817491778889023,5.677529596454229,5.418812250619876,6.135542369881138,5.8135826733075,5.663269739709191,5.906287418388756,5.9040753832174655,5.94131823096681,6.091096836345727,5.981252395473174,6.080919581328399,6.417463601381704,6.152377265051144,5.709887364656243,5.392118331038019,5.5960199578662175,6.158950028064378,5.388836098524076,6.301387922253507,5.90249596203228,5.885631196315651,5.956284318460965,5.528884735771221,5.9805288781848525,5.540881744864136,5.7794118932173735,5.862902344868012,5.740352273104188,5.636189373148702
Q9Y2R5,6.419590545111873,6.515826086158031,6.307959886609256,6.525604554401875,6.493490960365316,6.611610782653188,6.443501987320992,6.4549941697013935,6.617220347466644,6.520850326783513,6.43895581936693,6.33523764511908,6.558864200899572,6.495967375191224,6.333941248715441,6.407184916500526,6.459205337546992,6.397580356550554,6.520689504640089,6.526582626828413,6.618085839055878,6.292845530169728,6.388839482021686,6.481172875369948,6.473935264891112,6.435542713951548,6.482672411473737,6.525150441480873,6.550940637118675,6.528839657256797,6.414748504534259,6.47551515306497,6.420998901789004,6.274713698731708,6.404471545609988,6.314662174780784,6.316372485269784,6.421090447456676,6.5208844146096325,6.4325227106307725,6.389411290770127,6.628247203896436,6.520771103184547,6.33654630068719,6.447607859164405,6.535636127289486,6.492393151157585,6.500507017369582,6.5248790049676,6.51700070106417,6.636674812297168,6.61497337015924,6.453360910640253,6.596113348516054,6.37382041454528,6.402370483320784,6.673531654275801,6.457846424450393,6.613694636501614,6.462525309984903,6.41370816662862,6.492111123911608,6.577019771297962,6.314694159012727,6.520910122030911,6.404259295310388,6.545692514392794,6.568905844351895,6.472813169223867,6.593665568128019,6.410025299121119,6.4813636908507135,6.546837020776605,6.791285665961532,6.578419577776933,6.588111866477319,6.4388022825861775,6.553110317129962,6.47561997164474,6.602554886280525,6.521927651517103,6.635188417322855,6.647753270490664,6.458748816816014,6.464065750771094,6.499798116453926,6.54094717719452,6.144125738819842,6.635408920267548,6.501329981743398,6.470833486768312,6.5786161026433465,6.5183065268334985,6.5587238603695255,6.511822582854092,6.522538443383539,6.4273944269692125,6.398181254148599,6.387120097379528
Q9Y2R9,6.336118268527409,6.469117425050727,6.242793276616384,6.61298769342303,6.403592171197952,6.398035700676716,6.428346349711765,6.316531551367787,6.50109079098972,6.267007823039744,6.52058589816388,6.1757836149193,6.518429895552794,6.3706977752192575,6.273346526132334,6.496421380823248,6.429146290297414,6.519840844861676,6.518690678624994,6.5784574440433,6.541579188926866,6.439314504629681,6.420305199621533,6.493817612588382,6.451666346845851,5.992480587548041,6.295613203025317,6.470349736728805,6.506320505176193,6.643163459739785,6.480121296320923,6.313433000305761,6.493575310912908,6.22381516529573,6.4814355989306005,6.416963200312715,6.310886709074747,6.094055003105407,6.504317031910082,6.456234877124295,6.559696923021207,6.484268691956187,6.539310215581706,6.510627740414777,6.567184198070676,6.4651085603486464,6.398621553158718,6.5213564962779405,6.531533305725777,6.49312969765849,6.553531241900741,6.381979609428495,6.561261668586689,6.542278830080831,6.418573111734656,6.407781840576142,6.633661369616011,6.413050236202152,6.351847066529887,6.474560862678892,6.55036828083645,6.31272836719383,6.680293706549758,6.34942516830532,6.203253369899845,6.279558261023924,6.606237377867094,6.696373002006093,6.559412957846122,6.6306313699522,6.347111609289776,6.360851583733947,6.4327369504519165,6.813225663530567,6.597510707635234,6.366136326201136,6.541209093574917,6.545300696793651,6.576589680223604,6.620971680585706,6.6036778093209545,6.6889902055201,6.687594762519851,6.387687254226712,6.472485359475074,6.348477943376382,6.497260695470902,6.114645546918119,6.726966153321266,6.499627216959159,6.559153467360909,6.587958303314378,6.429501605897745,6.423121068790536,6.466707126453517,6.514220391704688,6.436276000534114,6.453566322878137,6.326762535590067
Q9Y2S6,6.716414859415318,6.680022718950312,6.951680046035969,6.292897338055951,6.592064154900825,6.774037967448335,6.703636813246912,6.859416820074831,6.785817068487505,6.610652495939442,6.526927726869012,,6.839175954649091,6.787208316700232,6.759530551133982,6.789479019207628,6.738780091148676,6.628054162662073,6.770717222848964,6.693461137806504,6.586524604485936,6.859075081517097,6.752927630784649,6.575512733701061,6.967728731768683,6.808365695247614,6.550714800179257,6.68895827304034,6.705611418966766,6.182935472613891,6.548486300267484,6.6735888486033375,6.491686136383676,6.711475229719902,6.792668434830321,6.698039723227207,6.849116880874407,6.847890543542212,6.8140411754480565,6.550804306402693,6.770526334551628,6.780878430196788,6.68226717349739,6.751223780654975,6.716812325877352,6.55066723538273,6.847024035720272,6.921327448307101,6.789249953857484,6.6951367139294335,,6.765645443917322,6.70234187815718,6.563263050418064,6.462788413500308,6.80768842632737,6.844406899244047,6.7870632906842285,6.383920346805251,6.732681517491281,6.481445193651387,6.267174268074943,6.543850068174756,6.824910358493401,6.785284165755629,6.693072980311328,,6.612461844877364,6.478839272886424,6.235749397864247,6.920191825841517,6.763810068847331,6.856376309864569,,6.316096684049535,6.756481551428909,6.522667722337147,6.712630669784598,6.6332390185029375,6.250219198740968,6.595111632459907,,6.298282620612604,6.7343615923616245,6.533218576134368,6.576951919163136,6.53628227335502,6.989991489933745,,6.818731655668112,6.57040437347049,6.723541712046094,6.925386916753489,6.610724304350768,6.71137922311915,6.723939522607445,6.692131416176945,6.674762435464382,6.921485970097011
Q9Y2S7,6.091498052547756,6.233418310632057,6.06653541157985,6.26042643687101,6.213350595696866,6.315804197344793,6.233918558129643,6.104668782920626,6.166968477659045,6.173978785859986,6.1719620789786696,6.125976575732111,6.23596285934339,6.243114391551625,6.094618272442906,6.152580740867516,6.279876131032771,6.187274044510732,6.2403784734447605,6.249790048029302,6.401123799024502,6.13709205974526,6.056346067574146,6.161754308586095,6.117008781086784,5.893325147919038,5.988072585512882,6.224013180484777,6.300547557450254,6.365803603172223,6.208009515492993,6.07885466924544,6.236932774236546,6.051827434588896,6.186963318965934,6.194893562421294,5.936837696291024,5.853362969669528,6.299695833019398,6.172665488268061,6.337363438875071,6.25475886480378,6.309352606010981,6.06570449086736,6.223755235997933,6.28314068242767,6.126086707816576,6.157877873510378,6.198384114879913,6.263376807384617,6.368643769472126,6.3355904590609695,6.260443669793975,6.294621743293541,6.145459788055112,6.28496851960349,6.074332549265396,6.170672835438468,6.238228211123298,6.147466522063832,6.317790754813798,6.273927147064141,6.349065339120326,6.154903720868557,5.943780628612476,6.221463285025784,6.310794557108984,6.353630082932919,6.233242057677373,6.266301543112322,5.990558989634112,6.05224011259415,6.131127846767281,6.323187993268356,6.33027540194624,6.182689349040437,6.19917773010711,6.236003098897862,6.265919783599138,6.361164368984597,6.3697880843894525,6.395273802498244,6.373512540608271,6.31617473333945,6.2033380526842,6.166661817478556,6.248592758792045,5.954574474760838,6.523084307096104,6.22262114848869,6.252770169136622,6.383185908840213,6.09449260058738,6.336644579900292,6.153651463415359,6.159311835764588,6.225496646481188,6.121743733106795,6.133027024414778
Q9Y2T2,5.740540883026162,5.848877038504266,5.639547974989281,,,5.714136314039328,5.931038589468012,5.788532462277091,5.554244932701488,6.043395179112971,5.642656922226497,6.124151814940339,5.4762682600637085,5.911626141347996,5.490580160497115,5.73217283546433,5.673264463326852,5.805387540363824,5.839559037127098,5.943592802486524,5.238775418157832,5.880104142847159,5.806587565152374,5.514216426463145,5.809163468028206,5.98686589667712,,5.445191563697625,6.029755558076851,5.613612450281463,5.867366599880654,5.908829473250225,5.133172299265328,5.937772350609735,5.909118196283608,5.177136503244275,5.161102933696679,5.762550751688216,5.998176648298277,5.653219804258478,5.813457593836672,5.5432660865658825,5.750500063901877,5.976015815534165,5.778321057435986,5.77501596975962,5.6385428851752994,,5.137611117261526,5.61686943573295,,5.229369597874127,5.650782788672382,5.192574153186401,5.887248778327447,5.607152023785773,,5.575058396478021,5.34277263887814,5.66451753733656,5.840403895709052,5.5299096983716245,5.984864600110762,5.859358110013859,5.852663110015453,5.837154298764278,5.519072360605983,5.266552591149004,5.907002433022813,5.676485589495536,5.621100305999897,5.694054832370041,5.176036712221992,,,5.7052255320609095,5.763339843787041,5.783594723832529,5.804093080854028,,5.848068112823835,5.5388247405347215,5.561720650285155,5.801769102747,5.977014536444522,5.812704211630692,5.870435120080002,5.176616038892665,5.562843487414636,5.839758101129839,5.501824400561881,5.198164287274893,5.7484499107428375,5.574028775958561,5.750996004696529,5.650023327150778,5.76247433983655,5.742444128153852,5.983653341384144
Q9Y2U8,6.001099368287616,5.9950494100453104,5.771430196913367,5.958580797484021,5.86949797639,5.899517278961342,6.013384190313219,5.442053106127528,6.0275521721327,5.999082183376895,5.821041481977605,5.779484575248924,6.043780524412739,6.049251200443338,5.692424372032193,6.055890785450471,6.054860509096462,6.058843946784954,6.039835676732418,5.989190394521181,6.051349376875618,5.830502975634921,5.964525032216468,5.8204743997622606,5.949876585702109,5.938035226419972,5.464025094672029,5.76081405423056,6.014147604044135,6.081021766184265,5.898959129009934,6.031119435156762,6.058885131650223,6.094907907863265,5.958896035820092,6.006474422469423,5.946319672855621,6.077039048329613,5.950221975751941,5.97546393921695,5.942157064558216,6.292919636219886,6.040458493571002,5.8999994968405725,6.087855590338104,5.870388521898251,5.591370539882126,5.32302198619884,6.101029152458809,6.046937496724638,6.175230427298766,6.065173056284062,6.034205693358821,5.937022181962795,6.036302940956656,5.932373260913828,5.919910254692584,5.953882754594475,5.69798657577837,6.023870857406699,5.939933851378547,5.9331690975384985,6.158399613617593,5.987962947239184,5.504616343534992,5.940588057315247,6.139171765308378,6.2843584494530536,6.029604094865426,6.121327884856853,5.654900672553127,5.823500436762777,6.018241681854901,6.231797351207167,6.219958344237584,5.996698020195557,6.121730560913045,6.071784729970401,6.110162792811094,6.164070580509071,6.050661115300271,6.242007733269116,5.999976307861995,6.117981234500138,5.754498312110184,6.1566585450935865,5.997678763135313,6.050146010369298,5.970754523048955,6.155133485961256,6.001511127271662,6.055532062726147,5.837077958392463,6.221797959849248,5.950681015346599,5.892724291400551,5.928001925733969,5.677200686427937,5.736700620757697
Q9Y2V2,6.784475457232546,6.578070768912901,6.849555037104592,6.054837675121409,6.53116456840479,6.530088197633283,6.549612862030885,6.680879715531049,6.2309719967656685,6.363657285582056,6.376818063773795,6.327265110418779,6.558881733809385,6.497527551910457,6.772957435500357,6.685787315125019,6.6343674211831285,6.477028771543765,6.343479333516926,6.277828488926767,6.453888550362189,6.575627762811541,6.460552508409565,6.573029925069726,6.632298232964077,6.644557811423654,6.509370262333805,6.5092599197587,6.546521855029379,6.35418709419336,6.730792377594117,6.606719062084943,6.6168956014814455,6.816333286266726,6.3502935954125626,6.767098546923796,6.829933481848488,6.778817550147256,6.448384389808529,6.279583415086209,6.218714067105474,6.049422711087779,6.607598031713724,6.514586791887892,6.3913801635015535,6.598616417982598,6.5323826495275465,6.349999914610176,6.344774151467083,6.514932071220448,6.0510675786131465,6.332548122228809,6.458265075276968,5.700762101042046,6.765405610357279,6.245296435513139,6.113564387925256,6.5214843788847485,6.142691147422034,6.550541273403561,6.4964113449241845,6.438165851877898,5.693261247985245,6.846200374467598,6.729367497145014,6.578799454781314,6.0193684935359535,6.264445064116655,6.596170519850521,6.487372535080057,6.669344497145767,6.778524402572777,6.471549759076426,,6.7149635575681765,6.599465584639633,6.447193869998717,6.47617673574589,6.459572449115493,5.732207596181324,6.453327035346989,5.727051535223268,5.768851731976564,6.630800046570895,6.5512575594311775,6.586537873142298,6.526050598141126,6.844543561295984,5.753155088244656,6.512027005601869,6.313833165202581,6.174826053345478,6.521872854058301,6.080668269299636,6.63275672128187,6.519118195076265,6.517879441846592,6.710097229396121,6.720147314579818
Q9Y2V7,5.586026577132746,5.311336422820778,5.303219040513881,,5.07993971084333,5.38285160962688,5.608768758219728,5.740768611640791,5.409081681259869,5.809553174562458,5.626716849398856,5.656721363997151,5.314463992917697,5.577883138117789,5.516705594419548,5.809338416577294,5.743763009261272,5.648265527223526,5.5728015178730645,5.616187807164298,5.560383393325506,5.572561207563567,5.560238773676439,5.665750735349804,5.54134463200314,5.615395549818762,5.353175408210925,4.988058741971242,5.633221250137955,5.282882033699725,5.482780777195799,5.683170301021765,5.691522720817056,5.59549829063936,5.450793407446359,5.505251759663353,5.513353595505795,5.483734984059539,5.466973899849367,5.019126138731365,5.55960622494511,5.385637270892467,5.468450401178099,5.399221774755474,5.028877853245247,5.621180022645919,5.62022271031348,5.687649671031338,5.457528521917344,5.69479930679551,5.585013252159484,5.374073146806541,5.315993512945907,,5.433494976767502,5.576474128800725,,5.720091695901232,5.186235975718232,5.635120157838699,5.686935336284214,5.679723678276241,5.5123454071683655,5.607623108561956,5.400977540034856,5.689990402639286,5.771866334595815,5.406571884010328,5.667090433750186,5.52021716473879,5.709144854004516,5.671103842233314,5.31921173824644,,5.429592758123696,5.553324474885313,5.305680645846216,5.733423494822876,5.721659609494559,5.668109997530794,5.560682430573571,5.068537000247982,5.699092120711096,5.758580635190976,5.342142986905192,5.762606318606574,5.489591330129996,5.343572448260698,5.410177014882532,5.458646269195265,5.661601716372324,5.741698077564259,5.707947960841543,5.419159051003597,5.478913871647808,5.703506239542192,5.713288823879283,5.455330062231615,5.676495875008028
Q9Y2W1,6.439424924365036,6.416105729735382,6.4246938321444365,6.487839635939317,6.472107796121807,6.471173470384793,6.362961655641003,6.355916419833376,6.325963728057874,6.462370465508702,6.397380906182203,6.452014656250534,6.432420289172093,6.4402210556114845,6.451167242715143,6.363764012669055,6.45103580541686,6.45987558027014,6.495773401107215,6.408276606890716,6.561259764307574,6.386310808299944,6.460241632743729,6.451188239306988,6.467789504914614,6.42666167162648,6.409455446921999,6.412388340752101,6.379329448487424,6.465492777081332,6.358572259560497,6.404118323593847,6.429088567061807,6.451891465082809,6.416923437650109,6.44502294033064,6.512643439705777,6.462807940679474,6.411063662795691,6.5364424639123,6.467438237761929,6.56390374185923,6.4830881096773645,6.367113856641327,6.410628819258283,6.466630408464628,6.436283964780835,6.52310469321236,6.45659197098272,6.431475069663085,6.573235314277467,6.506523492520635,6.42730845920148,6.504112657749507,6.4002937496473855,6.489384573103137,6.59319483258334,6.4316408844310855,6.488744818389424,6.405025849950308,6.427089266658544,6.487327027563922,6.472088573601278,6.407958447910513,6.467199945076482,6.433175786115136,6.517585430828833,6.612777694963322,6.411094561185967,6.497520489249377,6.453214523917741,6.441422429413186,6.3281522849315,6.714003980314431,6.606303743898859,6.35026337529634,6.405294609988784,6.417279892430392,6.463178635612184,6.575135458500325,6.463199423583674,6.585819770665025,6.492497966070369,6.409092210501544,6.416258949003384,6.48472040135148,6.427774849936112,6.5164334633416345,6.582095355150821,6.43309503648367,6.502748614067089,6.5209996103283725,6.453249330947241,6.598657313654373,6.407673471794469,6.462430770002735,6.42367918642285,6.387123380941488,6.413707213785097
Q9Y2W2,6.412464345613943,6.273956855884967,6.440263944532848,6.367314396763625,6.417247656136862,6.336053375401819,6.294965784588898,6.453521161522201,6.232872697095732,5.92094151144131,6.236036299465667,6.078140299073825,6.262905347762303,6.3481411098708325,6.400334862023179,6.371595070474056,6.388784680801011,6.220035188612346,6.284819698129292,6.298707467646626,6.330419345418331,6.474692312389168,6.373660156172527,6.172626450191711,6.321287391518714,6.20012759681357,6.449510912209147,6.19737240307912,6.24860694387028,6.435569046592063,6.442379710303495,6.475715590137819,6.390204196520463,6.424879797315226,6.265957307690508,6.416249378367469,6.545976183836071,6.418054971696063,6.2261542174091415,6.422698082815138,6.452838364310471,6.263565657979425,6.280546383821016,6.252480087843369,6.405350791466433,6.405259465684733,6.278105208257339,6.331397259811341,6.338556250861831,6.252309029878893,6.378310826145518,6.433392637404179,6.311875729147696,6.212924162479624,6.358642799695452,6.334515471591917,6.447824509227232,6.451376541978574,6.0882632341551055,6.402150893543967,6.276682875742921,6.341575499201777,6.333321291723099,6.178206571498841,6.280527595300788,6.455426377205828,6.446781892231504,6.3869951530382725,6.402502483179463,6.382468155020598,6.361800159111201,6.267995739678833,6.400949815623926,6.18484745362812,6.202014292729392,6.278658820154801,6.351760193771513,6.461512799243941,6.408104238145367,6.463795861453521,6.297437748719596,6.4944382263322105,6.217988310229238,6.39487643535175,6.194263407554485,6.333771667740351,6.455373860091687,6.542243628686386,6.2990850793860975,6.369719333611422,6.551499631506458,6.374644626742487,6.410388391083686,6.296964014363555,6.356886988354932,6.271770301440152,6.3626354617872725,6.351983766988413,6.4407891586784345
Q9Y2W6,5.095323623192464,,5.97482838467224,5.925236734571742,,6.261073192056083,5.9649128113092456,6.058446745706194,5.816426750759309,5.212098474920889,6.091804641827525,,5.92675835614381,5.933922082868356,5.151661489962041,6.125660738150482,6.066654980714741,6.106891247489471,6.285333870981566,5.898186109815571,5.812533826782047,6.110212640752524,5.920714587151941,5.164132107347981,5.64823028439926,5.24255963370888,6.228268767479668,5.106561165298584,6.048405764441862,5.807013987451209,6.132565334782921,6.12876630883498,6.260964216220728,5.961243055494434,5.566981591546316,6.045519629030621,6.043160198216943,6.12380479485909,5.409803893248218,6.142361242461618,,5.813900382140052,6.0742480557802025,5.022938352020351,5.6180184984587775,5.129828619847327,6.080460634527341,,6.189709498111531,6.349374923020376,5.928894375516351,5.1884228732013264,5.97583399974835,6.120614058938806,5.977083289668887,6.344706427610765,5.873236688749633,5.043910036809762,,,5.585695372980566,5.489535412563767,6.209106796600977,,,6.109050575641495,6.027000233710794,5.926369873536991,5.677815841527353,5.859418670296942,5.893570527110359,5.1762497005341,5.137788437863177,5.854861757681717,6.432103044170983,5.187002081862952,5.414775281521373,5.930073248900262,6.314086422779833,6.139307979177408,5.810415389202327,6.099941176769888,6.279479197862132,5.456599811776764,5.9358479350730695,6.223934122801144,5.909963748652952,,6.382012311214087,6.009311911714516,6.016141912309938,5.931542355975388,5.701606817056684,5.94415945956816,5.900106221161033,5.898408800258107,5.720680759728193,6.142915826882232,5.877332648572224
Q9Y2X3,6.703462910633442,6.622380135080901,6.649368506203086,6.735201801637853,6.592199940652077,6.698412952474668,6.619186837446943,6.732719288218164,6.641491502129995,6.586162083586494,6.610498941058735,6.652380057731467,6.666313435798109,6.645912290811452,6.699218349970678,6.512387616646377,6.6288363465712745,6.669352765504763,6.783878142604348,6.698337740246806,6.844838148566497,6.612612346523948,6.693325806983245,6.620746459367805,6.694795574537562,6.449447861880016,6.581238080708274,6.744731814614427,6.620622026279985,6.79849515879892,6.609267579446439,6.689579028566701,6.741441172156586,6.533420551260194,6.644049899080839,6.631164424747146,6.515042364363136,6.3945108609597945,6.731701303120307,6.792336369953526,6.688172595310657,6.708786184037626,6.655099896505269,6.67674364343123,6.752339956077478,6.734636968951314,6.660698346640743,6.776819500481641,6.751287565875973,6.697888638701317,6.789663154665695,6.700392418558498,6.70762553828513,6.756708996427866,6.725988874567536,6.703233819733356,6.877109363389911,6.71534813596565,6.78798564051851,6.694302149013751,6.655245686767434,6.717609558872821,6.753109550867452,6.555244969334588,6.566330628727985,6.691766168009411,6.799887986358675,6.767871301307071,6.696002736706671,6.742480180625593,6.676416412323478,6.558551564330511,6.701007819780418,6.917567399237312,6.688853621380604,6.71279614904667,6.739107735918952,6.662772318358567,6.684206256294856,6.805984464374669,6.7658273863400575,6.878077580554463,6.861443147773373,6.436147229854871,6.592242521727104,6.71876352142408,6.717654974937258,6.625925158786826,6.867872015888299,6.612153024796488,6.734527891546084,6.748231114988929,6.545228956181722,6.83634225311547,6.682444407319453,6.680612498318177,6.697992808402761,6.657406948439455,6.673318125776067
Q9Y2X7,6.079642323394222,5.750334501071638,6.038778651428209,,5.269954223278225,5.775741575290291,6.120369408313403,6.024484001569215,5.920060883993799,,5.923113046574805,,5.2316970630291575,5.886933461702974,5.723577876860233,5.862187272697139,5.957433124357945,5.850352665062417,5.774375074279561,6.027861815357086,,5.893452059170638,5.940530038052733,5.920797461015118,6.083445237137712,5.993996217360959,5.8266927415526855,5.904729012125102,5.778276464670215,5.672220856340154,5.925670818057108,6.055929922273135,6.106555998482161,6.147277523965204,5.879422812785536,5.785055567106717,5.770023955153764,6.03326481992617,6.01534127944924,6.012575145535841,5.645269175539696,5.783947194728473,5.59548136471562,5.86319083943875,5.52887736149363,5.702358026318866,5.924904591414143,5.601602319282802,5.66624507880793,5.850027554762716,5.0157139475550565,5.280708547382833,5.4058120805900245,4.961911850839614,5.971786961235652,,,5.934978648685282,,5.796840113020699,5.18271005532238,5.590938407320754,5.6479627621624005,5.87542119289669,,5.848721736468761,5.572014754381688,,6.022295859722933,5.554264474410333,5.602426582470179,5.825790787365788,5.536937845727939,,5.327930386413954,5.8261690162438455,5.6071787792247845,5.714688837399349,5.54260798452701,5.264781687958181,4.992103352784703,,,5.658575631168624,5.726030022652757,5.270627543988945,,5.985588638352797,,5.982596540231531,5.7430626798797295,5.854975991514441,6.020117182776895,5.879100036777265,5.866173568471368,5.756186985806097,4.910887006961461,5.894080159033472,6.071625184264814
Q9Y2X9,5.823072240768883,5.904386312190828,5.5315014790825305,5.144987519610057,5.7163042453038,5.152738621203701,5.754376483296486,5.551056750201804,5.14396992376186,5.633385196838529,5.54058154214848,,5.37142855711755,5.0253527870166925,,,5.699880291659072,5.465592880000304,,5.070199066274946,5.133506095725584,5.706319004232899,,5.125091242538403,,,5.408451596180706,5.34209163384157,5.086458064561272,5.056255802196588,5.05409665756713,,5.515234535644074,,,5.54792898577301,,5.062970220061574,5.053132103718531,5.381112430175545,5.606843889979862,,5.3583246715502,4.967302644678181,5.370454046866828,5.776021476466893,5.044452515206216,5.262945740357791,5.522211484952449,5.0433921001227,5.170229717988973,5.420292483979199,5.357269079025126,,5.60930134057905,5.880810277820651,,5.283603506300831,,5.392586294423529,5.3408010524900345,,5.097517179849348,5.045483685620267,,5.640800197494733,5.413925834165259,5.884923797674099,5.308695572209049,5.594276452158776,5.346533443980626,,5.080088438755917,5.337293803105486,5.174966275605916,5.121038984707037,5.352136281460374,,5.290401846146027,,5.617008515397214,5.445172793992667,,5.093323549798436,5.080654903585618,,,5.401395760476511,,5.525393965082159,5.105109414658378,5.398067812670206,5.051901598231046,5.480789628613037,5.836860989733248,5.350357956671171,,5.821524542682775,5.028443752870056
Q9Y2Y0,6.189588961888469,6.07528641866655,6.314026364657458,,5.666090488046097,,6.300233233536165,6.245057846638173,6.307941384735208,5.691918542947935,5.599345374366608,,5.933082386861282,5.872922884000282,6.24865171651442,,6.25851247906921,5.558591761315705,,5.91896311991429,5.992161724802286,6.252608696537992,6.02400104670896,5.669159286888679,,6.331932234517733,5.959146570969272,5.892049623308283,6.101916886587035,,5.606292934047119,6.270705682142992,6.1905515155627935,6.212643111494787,6.05790384267215,6.224588885594044,6.216219424716403,6.090991906510485,,,5.556865193441254,5.693969938319035,,5.816459201071787,5.92157178872384,5.918868894015943,5.587974746799842,,5.890753762424243,5.591419142474514,,5.673798219675951,6.096753895832482,,6.2516727621698855,5.567328783558767,,6.007188957013841,,5.639787937399245,6.273858962854334,5.6793843532863,5.940256378279362,6.306849807560502,,6.187633385219057,5.66067750163174,,5.865595623126069,5.939952216790937,6.201639338970383,6.2654300145605575,,,5.7308869990358575,5.966919861629839,5.909027190489422,,5.8328550368500585,,,,,6.242551526865245,5.944067277353036,,5.914206577922837,6.243773527493554,,6.186809568884929,5.651223793717199,,6.291563566892561,,6.294500715994352,6.202300367879861,,6.28598104478605,6.296838309383627
Q9Y2Z0,6.584196616027377,6.629262887098633,6.692262355412119,6.071210833671389,6.501598730909892,6.2390133152819605,6.475280069634919,6.6201969319673,6.500904989038644,6.307528987021021,6.588184923315789,6.461525528421852,6.52686659369527,6.4596063022827686,6.582048884478884,6.677199161092711,6.668513258558827,6.567294895541023,6.345888266801995,6.453597186626928,6.281182825583453,6.531948851228059,6.487580475982419,6.455062806053226,6.452395702444365,6.61558775086119,6.365862809649048,6.264606483584086,6.391072815589062,6.433491112322668,6.460032263483428,6.483627402342034,6.575628221672456,6.666431281588708,6.442959374295516,6.294334891156614,6.518031659267075,6.597787955796823,6.305207578520211,6.56333499866111,6.479510533291586,6.185710487255967,6.134231173950839,6.396814036217693,6.6167935597341305,6.619097273293496,6.617701491238282,6.553089608371082,6.114031658595252,6.429926523205726,6.331062211066223,6.557112182004434,6.548264786252764,6.191852618967394,6.391975183109803,6.551915285005498,5.945696458973729,6.571798418830348,6.161412041267676,6.567557254369205,6.4992578843141855,6.038722707563892,6.137719281232519,6.541889203096829,6.474079728292565,6.596604208242637,6.452703321954065,6.215350896850657,6.537360584302565,6.470168049460817,6.686328479567658,6.611323499244609,6.522833896451491,5.742340158830348,6.15652663069209,6.404604177619565,6.563428335049299,6.452306735745337,6.389440403654239,6.20208233388935,6.43113206944386,6.164775497615338,6.141979878331198,6.517471393392414,6.429114333841135,6.657659409428724,6.46329312280384,6.628473946374493,5.898629612132631,6.521840101945907,6.602365480390721,6.227580182732154,6.628679189007328,6.3105820108737,6.637435533467976,6.598123856425863,6.334298519023576,6.637008604478169,6.642826366124022
Q9Y2Z2,5.186442367878523,5.198986966810044,4.906431331985742,,5.26250723492747,5.28913443335257,5.197952151668352,4.921114160715961,5.302265672341134,5.300608667312133,5.207891617404252,,5.227265352058972,5.175340338295117,5.237268740103142,5.3027886969519376,5.239978127798559,5.140835876084136,4.978468953182169,5.210038711670567,4.992163314281585,5.0776519306643095,5.153104818451193,5.2546961053953645,4.952904782907857,5.030628609194117,5.2571127856540665,4.893077176384647,5.22691878789752,5.3640837829531,5.211901332160228,5.168007103190655,5.184893692649961,5.1941098376468124,5.173612838702595,5.226519791000817,5.214731751681644,5.20019856445552,5.195511468947893,5.223562360616608,5.341835555229772,5.295654163686617,5.1948435875263765,5.108883973642001,5.399228281530862,5.219754747259604,5.203450626059244,5.41792204595619,5.181309451321223,5.184843704111454,5.303298780657105,5.277377307461279,5.214170050647369,5.245092279774117,5.148526117894779,5.176171039102275,,5.140403068236744,5.0911609787771575,5.235475436600636,5.177123052420687,4.977504127004926,5.2490779383737225,5.200684400285067,5.283384482915982,5.18240474557303,5.2688222431267615,5.312087038378612,5.166374876719832,5.246411047853687,5.196321510684474,5.261505875872039,5.227993753216437,5.16397741866404,5.329317000890941,4.978426628899345,5.201663311321823,5.226557264325536,5.144791016578872,5.444202490757005,5.2917928306473465,5.28199692054123,5.314988021704516,5.24462723995006,4.937762183886495,5.258424270383676,4.912447123170358,5.232693887772834,5.307870929767149,5.183296685613335,5.253457957289881,5.241627043337919,5.190550492853093,5.319909266033341,5.196864194285553,5.203514686407165,5.207968078442999,5.169878890224676,5.180485201937622
Q9Y2Z4,6.0311046599654965,6.130693284579452,5.568412276308909,6.279013629424667,6.313299754082575,6.093073138985428,6.136925186374178,5.8180259541336685,6.1552268898689295,6.047778156765761,6.160223792942894,6.058207883383052,5.82812864586525,6.2765233823678495,5.827205394376614,5.671602687637291,6.219525793827625,6.076382760707741,6.363170589108419,6.095694622821923,6.302826647808392,5.965160526526624,6.121477949480794,6.234712006528534,6.062846203041133,5.695275986650314,5.856349809985599,5.998634961673148,6.196008833494421,6.32832215896462,5.873832693014806,6.138604118491621,5.857277357631569,6.168611576032548,6.273523569960135,6.012418405246292,6.156709504819252,5.866072638439842,5.793157781966184,6.162796450697975,6.288668619745916,6.30330224035904,6.170764541962161,6.126324255006793,6.353236992322875,6.202071473229836,5.874625902295223,5.601029153120212,6.267501028013587,6.36943191280712,6.258042591030458,6.294047668652997,6.422887465231481,6.331899218979899,6.04099616494112,6.254524883832067,6.2491072519113295,6.150834735734761,5.770318434170607,6.376485822919172,6.156646434465658,6.255514820633871,6.219229382195964,5.882743819262518,6.311420364839504,6.124407260363626,6.4463565108885295,6.437153261581237,6.054908300518774,6.295191877710714,6.093099637706676,5.620936478454441,6.335462502145479,6.544540281706122,5.825623571345944,5.660043101186358,6.094698202989699,6.200998210431726,6.374565488587988,6.311843659123492,6.397213878312109,6.432992224930012,6.282622073397485,6.04183078098856,6.046283256110078,5.941816151541261,6.449424662733112,5.720735226348859,6.321554470081493,6.234266966299793,6.471972402306065,6.3416429374452346,5.797863908925871,6.25941519411182,6.040786350262481,5.954587441002889,6.143888178253869,5.918260846560124,5.846795541883903
Q9Y2Z9,5.610729916787807,5.756758285620678,5.58379539546582,5.859630815948707,5.619956596543234,6.059892634869929,5.869933183534611,5.909288410641797,5.964951663675722,5.694720935483677,5.268555997686003,,5.7716339098679095,5.545436915450288,,5.9685598492529,5.809098867041497,6.219923789983962,5.944165508944373,6.11731120827948,5.83193415382852,6.077658331482353,6.001837703507296,5.801003215944889,5.614963376210751,,5.6208915808436615,5.857092707289676,6.139531473059527,6.265128909347148,6.008704519680505,6.153875969565588,6.257110097174717,6.113668974157266,5.954967491793847,6.142278230845928,6.072828369157794,5.98713877197052,5.735016121809511,5.893069245885832,5.824419367108835,6.271925206763161,5.957130701920734,5.95356198833468,5.75984276842992,5.888420012236707,5.877386519691705,,5.946720620509392,6.097695947202748,5.85210702827174,6.121620558411907,5.5778834345120565,6.096302379584681,6.124283287806651,5.845725671802386,6.0248831095392585,6.050539328593146,5.451611666763923,5.597496650028061,,5.9465077348148645,6.014716388627967,5.2630622216607055,5.646519123674523,6.097129099610336,5.635157352319268,5.859552501370676,6.157095042813252,5.612354729689337,5.743772711745213,5.321569923740989,5.9881939083927165,6.129301527302979,5.997592773852171,5.815657957402065,5.870899186913502,6.092333997644436,6.222669199965297,6.30911513528865,5.995117967665922,5.950278795392446,6.219033768258144,,5.600210742361995,5.92171740503297,5.890228493917635,5.999614501079195,6.33295495666577,5.946489499011794,5.947019139360525,6.087158895241401,5.727651976940668,6.079829153058682,5.732806946331875,6.064814293376838,6.057398970152155,5.534281911054287,6.249876026797327
Q9Y303,5.897325993340699,5.901243066315667,5.90694865622747,,5.343585958439198,,5.769999470539439,5.340731166226732,5.996332104185466,,5.29404829469252,5.485504913802795,5.795108528952151,5.572514486577393,5.348596253442696,5.703995725828392,5.933018817688434,5.221751161185944,5.855284677560468,5.9151266775471125,,5.180008053567189,5.863461257960463,5.958223840970289,5.964505113198926,6.028810271527984,5.840894339649176,5.903324645801553,5.800920700703067,5.764824887173386,5.909655918437326,5.565092238360241,,5.902202792350922,5.869724698839919,5.802148453200736,5.3114417578549045,5.291985498982744,5.770917173984705,5.32324791845837,5.553769267535741,5.996231647439721,5.7710341095391895,5.809466439300637,5.923600950201653,5.619780260993494,5.606423791213077,,5.269671447910555,5.894511058276542,,,,,5.722493781632469,,,5.707286627629212,,5.807980509166566,5.262571689164934,5.376370229816473,5.348259326647135,5.923231840495755,5.702193391264017,5.570927889337479,,,5.568416598246819,5.3494492397568285,5.588076986733614,5.666585634045118,5.797453036111888,,5.421252970405906,5.976317641577827,5.771279630920739,5.635357638904528,,,5.870946579359855,,5.405618060967333,5.642892974836674,5.341371283888311,,5.604701275989732,5.322018273243281,,5.890147748761671,,5.945709597336406,5.925997942754723,5.411429225120184,5.910402712184514,5.608433349658731,,5.570036066567405,5.876948034455502
Q9Y305,5.0971273342809,6.2954488979171215,,6.608381680453417,5.654038424770544,5.816705769753035,6.109407840767435,6.183252825146788,6.178427402782492,6.48573498795086,6.5624358393247055,6.525725038154975,6.330646212361567,6.472503877840906,,6.21119223825345,5.934733453290896,5.745647073926009,6.454442461348226,6.200899183255197,6.530191682539925,6.018553376426784,6.528365342287985,6.615427017892744,6.411620244376881,6.331823791303068,5.646669455455011,6.286368634189831,6.538356063961428,6.460959689379306,,5.7655499800261145,5.077000057803175,5.702591341973795,6.539642772245033,,5.433707310402906,5.118655482496851,6.479051800383489,6.042586328640127,6.491888398900019,6.552541265452598,6.074519315765514,6.40861401391577,6.46797408060449,5.601607193674733,5.95960225476414,5.9227376611122,6.471177226132156,6.468642050845752,6.2974834783313325,6.236379584092012,6.336671608257284,6.680222462514813,5.051650183496858,6.091378301859355,6.231629707607915,6.095604576968576,6.590811501368775,6.308476129385264,6.470107589577294,6.577122689128267,6.628813471626431,6.133992349332881,6.398283295852449,6.407991986603189,6.566081077629362,6.489083843943595,6.353170591269241,6.446660078856104,5.5906166100127335,6.180485023972431,6.259747209206864,6.648746382358939,6.4429501450951125,6.177804431318039,6.261354624220521,5.73533015044102,6.261996036893768,6.556645417369186,6.255767394078398,6.616027058308661,6.269553224318143,6.394627556653836,6.5104020972987655,6.479655340468393,6.461215838234656,5.14050942392377,6.455854127764793,6.222114420786815,6.211391794371147,6.503839849554948,6.121276515031696,6.192850695239882,6.068890196939806,6.0210357910157,6.116949028736091,5.5616944873331535,5.860492884901519
Q9Y314,6.481241804221865,6.222550638971784,6.356796913142927,6.359671047154339,6.542687422971562,6.165957726148022,6.45285992270158,6.339853950708434,6.258270963531015,6.006479222580917,5.772509021802882,6.086755987321174,6.286258025468315,6.322606815061029,6.53954342556216,6.370624407497624,6.308363479865466,6.097832196123872,5.854383224368452,6.155901843598013,6.231122477551402,6.411904942125683,6.30290066806257,6.212419685335869,5.971107211730623,5.734021976765666,6.144130228812686,6.203850055116241,6.324541610554496,6.289404496177188,6.399761333887279,6.3624474244312665,6.193893719805277,6.208019181058493,6.398772207492883,6.1084235861046015,6.329553100507761,6.2681279015578095,6.304019238514594,6.274225747230952,6.410498608271332,5.985338095303668,6.264304999297761,6.214859548797847,6.480359492754473,6.328356672757336,6.396482325480164,6.305005578366666,6.122107747801998,6.340386127282335,6.101141718382298,6.081992602499438,6.215928610018312,5.94848256886688,6.258893367095072,6.403515198339546,6.054494821390355,6.014550885234706,6.097602548981847,6.533604374765581,6.287834884383751,5.863796783494184,6.126613924822022,6.319339318386277,6.10019153256127,6.19481440384247,5.963328807548729,5.723257848216672,6.342329990598023,6.124854365861365,6.423602939989488,6.27562633087314,6.409051676686464,,6.024794222331241,6.559489291461535,6.391308383441771,6.448358241470759,6.398758461135707,5.971756661974452,6.094447667386096,5.876563534013392,6.366275713759617,6.199407296514501,5.939720400435343,6.064610873857855,6.159414281752553,6.586484429258649,5.896419279535436,6.333284499996744,6.510978117883912,6.041524489835003,6.384921512444545,6.284703975371176,6.530098920795291,6.210605306552827,6.159339505219198,6.494720318910752,6.363772259399999
Q9Y315,5.899959388897607,5.821175786176562,5.704963740561508,,5.735344330034263,5.588448645633602,5.901493202352766,5.54173301601074,5.622867939050463,5.920607638190495,,5.990733874832366,5.532995062314951,5.7782775564130215,5.282528165126289,5.908188876719026,5.564922840038183,5.626770140302667,5.890444852575443,5.815906810386145,5.987067188275665,5.775370440127365,5.642850517562067,5.745700581222117,5.553375594613978,5.634392202237023,5.288605169484639,5.894360680982629,5.831121160645245,5.668792893243637,5.508022868332215,5.87989316814263,5.197024382685421,,5.6599044089648185,,5.239527337302495,5.509423541878166,5.668464938692573,5.705959256586023,5.467422240617642,5.597587899176178,5.999093441095986,5.812042831638297,5.833026124752916,5.826257949347065,,5.8890617266003416,5.202798269880706,5.896555206025524,5.291240780517378,,5.914058411044017,,5.197693865134443,5.191941441221313,,5.854503765972369,5.412863524889097,5.723143595873115,5.197112254803774,5.308424840545468,5.249967589506511,5.989934951750376,,5.976792121226755,5.746440091236515,5.792477813018237,5.635363092834205,5.279617300918682,5.527099224453776,5.286083864090037,5.523410673045181,,,5.982182439158652,5.8059509604976745,5.522226274590857,5.851633777390667,5.2612330616848135,5.592322801027202,5.586144822438904,5.30859964508352,6.037064024887373,5.245654714460082,5.559528120363134,5.514508497580819,5.719337585496009,5.299975112295195,5.672480093968403,5.8692022515813065,5.543396976497877,,5.3610692609941415,5.515756223638271,5.915959706170079,5.817418605968387,5.663137026739507,5.661596681560311
Q9Y316,6.144981065075488,5.9946012685479,6.02017195143408,,5.951385070209233,5.3768354092693205,6.007023582279402,5.926342210201483,6.103402292876455,5.881913212028391,5.91598694680503,,5.802525614187157,6.123748696924668,6.123708890493729,6.007999249971276,6.036338600034398,5.940464344035465,5.67534886342317,6.090783366044837,5.859350003061459,5.948484029857594,5.947263147275658,5.835201706687035,6.061763533740239,5.9024728071388335,5.963324492991409,6.0712957122053,6.169415372351223,6.060676853187299,5.90868324328706,5.9676768941023415,,5.89472306198792,5.977999381995267,6.02309566676959,5.610345124850107,5.299436516729345,6.073969333711119,6.116877520133716,6.0378858322546165,5.865785519877148,5.76498109892385,5.992608990162997,6.107494542937745,5.923138129708022,6.174994834982277,6.214937278543314,5.587072675792726,6.0681187213193954,5.4365184608042645,6.072328290125219,6.015292295817794,,5.845360612838226,6.117549039712008,5.444542066512113,6.017020304340276,5.781166513222029,6.047405733828871,6.055611755889222,,,6.007163109331186,6.094514554823373,6.188124120862118,5.3565532007606365,5.892221944958808,6.107469937676857,6.03894955116948,5.76507668481919,5.969276316751481,5.617644234226516,,,5.976590028492152,6.076499201534558,6.100004021775095,5.722110047122802,5.950188960674321,6.094889630770936,5.374148255451109,5.401849941401864,5.814845203861975,5.806381622411094,6.137758405400081,6.156449353291042,5.932546345743446,5.401770415920573,6.138536375748865,6.051220916313273,5.814959255712263,6.079925431513259,5.4173563203132895,6.085560119225833,6.014987183488005,6.156826262276413,5.751485612104689,6.058821980297629
Q9Y320,5.743927826070286,6.291574879632378,6.143317500768125,6.356623272856143,6.209038827965479,5.681839241117595,6.138866966168544,5.907308504289842,5.850569638997996,6.241352565240026,5.994303667705297,6.3789832674278175,6.175170522653522,6.161368029501984,6.0318984411239605,6.179885527738167,6.113096986773996,6.181255118840328,6.055714423322598,6.391986623070262,6.222977257840527,6.053495155574232,6.152607557036634,6.185140531539824,6.209245620724497,6.019790590364531,5.9698839077557775,6.28701185990913,6.08994211064782,6.332669372259343,5.903103042250703,5.960677030966833,6.309500737893321,5.992631605619547,6.111200366704167,5.92224598216983,5.936027880009879,6.074054189571028,6.378387858934184,5.324096782149584,6.189592169226135,6.077072396914412,6.297547764532268,6.196019133770858,6.087806879296496,6.223938772585786,5.981579972589957,6.301211207469073,6.274400682088366,6.318093832224839,6.4093853405167405,6.315962272790702,6.15745423760592,6.174787734467904,6.1549480974467805,6.275288058463529,6.040435133050461,5.825464536440645,6.192198542315516,6.231731511447334,6.316766875817077,6.149327451815708,6.35494074953896,5.995868321923018,6.24542383828209,6.184047481060894,6.1985202003577005,5.690559493299156,6.090287324483873,6.260538889226128,5.5660957083700096,5.953931831608016,6.224283308302528,6.528586017701256,6.276439518226188,6.051283736893989,6.293374249699964,6.277757709090928,6.321560917594704,6.361738898692931,6.154394773760466,6.461031427677236,6.315172891377184,6.467901809612283,6.1648391507746325,6.260312955554168,6.357682155476541,5.660745830485448,6.472608209975784,5.878279112723919,6.124010428606569,6.172542773339556,6.130356569283848,5.8940039692418,5.898161582879055,6.149951453645697,6.260172311769878,6.09606971128383,6.041883582971634
Q9Y324,6.006016830620142,,5.7238542083517086,5.821923139260183,5.772435250372305,5.80141094872873,6.023663352067054,5.751408465104837,5.822909696974319,5.8167564557784655,6.034674134713401,,5.739624924086992,6.290359113530368,5.751695228809239,,6.054606403944078,5.966731588498461,,6.030841441557259,5.821160901546,6.192300281544362,5.975408173232793,5.767935823234461,,,,6.022663764316356,,6.480311270607888,5.725878733568403,5.982302159824372,6.008757371010104,6.006228382214253,6.288180668157969,6.0458807999598125,6.03283513716848,,6.021516067644543,6.440257962708374,6.278556698470438,6.288617541154239,6.189413252398126,6.114647225677444,5.741793476287315,6.224826172031799,5.733323659473674,,6.406128769374358,6.196075102046432,6.135681241931741,5.797465297820144,6.208431025223263,5.757248250992894,6.145455064280213,6.009094244385821,5.86836529936887,6.128752800828487,5.9075125113527545,6.057968584369969,6.007537955250725,6.104971925734951,6.366772181876826,6.01985960358263,,5.999155274871653,6.48741486957073,6.320534903698774,6.461145721729112,6.070104920184608,5.70640420040529,,6.050222154285865,6.286421834605996,5.867368654235759,6.092567826543135,6.196110088818264,6.349420804979601,6.150164590803534,6.090337682661777,6.1068043811287485,6.515302845555175,6.435819546887668,,5.751949045924759,,6.207391511080271,5.741094968167478,6.14172033332482,6.300420135497361,6.075875698689817,6.235287546080299,5.703161727134745,6.136321560662056,6.021526989002631,6.039659112835906,6.035494216575133,5.9996594151447065,5.999292922530061
Q9Y333,6.782100632892448,6.74739547833854,6.785834365430243,6.747698121809568,6.669420954635024,6.705552860716538,6.694061906503457,6.756257789102387,6.720305714455427,6.336566668634063,6.654132077266377,6.719528404578448,6.7405788298965135,6.625306581617952,6.793240197323477,6.689453877131147,6.695183547417737,6.656943521541879,6.77225683126755,6.526902085836497,6.786896356574866,6.700134312943381,6.4759875049253175,6.571896817484094,6.651411349688013,6.726174039176016,6.769940456387671,6.641005074291136,6.604341813729046,6.630295124816769,6.663265333445829,6.560441749332218,6.708492397961377,6.515049244665347,6.663416823336106,6.54806697800316,6.674033349509359,6.741114620467007,6.5819836644204415,6.694728347476464,6.644215293962143,6.677097986250778,6.697885795013892,6.506311074998641,6.660082171906824,6.683191973605683,6.714802947620552,6.553180388778433,6.629747188258451,6.672959344524003,6.4671845015491325,6.668954469948226,6.709426092134976,6.575130171824192,6.701119457275452,6.766088734650193,6.668364055559966,6.694220967934305,6.532471849711165,6.629661511285651,6.633939150305599,6.674409665794992,6.614489995414942,6.706209462613286,6.755543017734341,6.691135352880346,6.7033143051493,6.634305281478683,6.651020206852371,6.698279829189669,6.7710670949374165,6.812039644353346,6.741452839633106,6.7113569763730805,6.712182839160414,6.724749312942063,6.658446911096881,6.719255508768521,6.738672225136245,6.702991328184864,6.602476463300015,6.819718597611363,6.547825533706503,6.7930293191608495,6.627562016893345,6.75380106943715,6.764531596888686,6.799042424161593,6.708808987876266,6.697293161318456,6.691232364524296,6.551995082317767,6.59116977409627,6.586781754553771,6.752041682741509,6.655273983904548,6.64635159666491,6.764797251106241,6.781396658001706
Q9Y371,6.53361054311344,6.515272144810364,6.554818494857599,6.203839793840135,5.995876025996906,6.578548817774832,6.487077399531368,6.522546586618873,6.337239101572954,6.521760789347601,6.494906313091849,6.566480367788374,6.58064877309524,6.426554124516657,6.493870235015363,6.518464939088744,5.836994755746735,6.494466914606738,6.535523743338844,6.55137923568034,6.195468172824141,6.351441547143699,6.241712389479414,6.51331381519169,6.338720050136711,6.673578027968075,6.713774296758612,6.324516977415717,6.348831669575285,6.269114340857401,6.618810385860289,6.418773193987679,6.357752935790983,6.635560927927176,6.565274192150385,6.575019079562987,6.568026791447898,6.591987549700073,6.404383987895495,6.645050468547083,6.240983367791123,5.899908863439805,6.411921986455646,6.431444181412363,6.584808646453951,5.823901432103744,6.49603231131829,6.015710041288424,6.392195452788394,6.35617360746203,6.334233680370275,6.178339466873911,6.246265555997138,6.375411725792015,6.465226421841914,6.351169661902601,6.488517220469115,6.455452740033664,6.4285761141556215,6.328775873680254,6.441989581634891,6.534446079410872,6.385146282999729,6.627486612477494,6.435686192947086,6.319756003817336,6.343252212559039,6.139525194209582,6.3698236805344965,6.416941100477624,6.64184302413477,6.579917772626953,6.395657722673524,5.685154312621106,6.143081455723873,6.2475132467719945,6.458036932486339,6.3959067065545145,5.867874424569815,5.376344995052005,6.372399281064656,5.885887123574603,6.3857812415521895,6.45406981588715,6.568375441707391,6.605630961356236,6.421765510476973,6.547018499778543,6.203428162505112,6.5209478620896615,6.4675764454312485,6.06109241541051,6.586097334119118,6.290751747818526,6.337433326213025,6.4145418347409935,6.333769547493199,6.577007328075389,6.600250487018446
Q9Y375,,5.57567678202728,5.263322806616616,5.845308298911113,5.637871415056563,5.657478973193998,5.256864239964465,5.332959346381055,,,5.7551800666976565,,5.600261763532983,5.84563984595412,5.338508976877754,5.673011491389892,,5.81920691884563,5.658749609525205,5.263600155801658,5.353868133141589,5.444293001910324,5.522249018305428,5.804226322786527,,5.39334873415111,,5.741481955687871,5.914175976956458,5.860273255930837,5.2728502456490896,5.2572242297783145,5.7397004372367055,,5.243975606272322,5.771943248832352,,5.585180886280916,5.580241431548549,5.761125398699409,5.712613831213652,5.375438787068207,5.279341880380277,5.199935943993099,5.3004150446541605,5.291722598598311,,,5.733650556183646,,5.84588392562085,5.339297381043359,5.583043961607433,5.619748330758161,5.52759850040215,5.721233520957168,,5.517534479111495,5.453504647282212,5.307421965471564,5.252228455545245,5.818389795745941,5.334170220922908,,,5.245471855192958,5.945357318201318,5.378526350592937,5.71010736310592,5.310775048691113,5.57183068733691,5.35458641067747,5.774735870343054,,5.391140656990356,,5.56445081749923,5.3147912210833725,5.6979106934897805,5.819893386149223,5.966800816076211,5.959555615488831,5.851938740521579,5.3059468640899885,5.600752779204831,,5.899484532484675,,5.988242117210838,,,5.7947988095976894,5.253994569377262,,5.56694049962892,5.261502381523505,5.576032839199924,5.53753206741969,5.242843930324938
Q9Y376,6.043409316632058,6.05531031653508,6.116693684419737,5.551702958565126,6.05807728403513,6.022946493477656,5.999081729165758,5.891143037724499,5.731080640621663,5.7374693659510125,6.12270002465857,5.822787604933255,5.878221898262168,6.086181082317307,6.204872450087749,6.040028112717538,5.8984900809384975,6.183909852393661,6.085515255149614,6.067927659386569,5.847381631103472,5.872393656737193,5.70523319285002,5.5112928637727086,5.504116936788385,5.895875555792829,5.684455942600965,5.840205862151462,5.962699566375061,6.149848186755822,5.763286918419586,6.076892498657519,5.990094322240496,5.841162954597337,6.133606349317889,6.019849690183486,5.948097586139954,5.862730655902021,5.843384986875252,6.02235438920619,5.9590946505468345,5.557894691067215,5.85729681170892,6.028427364343029,6.179434118678561,5.650906968813135,6.011703006512239,6.424045892596596,5.127683041388951,5.921928543450617,5.9527402579525255,5.715055296188497,6.011805746573011,5.210304966358745,6.006414894391838,6.1354375336283065,5.611981326806923,6.257721304195341,5.358267104897921,5.96561680098963,6.038313063997222,6.317923963068888,5.802584796627774,6.058400583734983,5.719567145285866,6.098265761506317,6.068091330337987,5.969698489045568,6.120158641966641,6.10391326550352,5.934451818276579,5.830219092292222,5.782271862559336,,,5.70252615393874,5.855565396963585,5.660335120303039,5.395294134613325,5.686392462334449,5.867478173415257,5.936963067721655,5.254827556580782,5.909140987501012,6.037246974487051,,6.12515501607167,6.093308260307367,5.956837014047703,5.435727772348939,5.9885526550250345,5.66335280562737,5.922991202859357,5.765577930155224,6.057513294356493,6.164576022048411,6.064941819484606,5.97366250855277,6.263299722771125
Q9Y383,6.643185425491614,6.463784914451431,6.612355395428695,6.594214220287494,6.431456277745458,6.553524469675505,6.471579922244887,6.60945924961967,6.467184275393375,6.057998670702004,6.500572704976103,6.13396793154277,6.325574228049556,6.599934013845878,6.66149820630972,6.56798745985947,6.557712701187974,6.547753739193149,6.542009379158516,6.53023284000918,6.298948783946831,6.50794888834221,6.521198057693182,6.143512641288888,6.437665275401301,6.226068286887166,6.572215618145087,6.589574399512353,6.275631828792959,6.532018802941623,6.422090298061635,6.576598751955066,6.558514689223081,6.602378842875138,6.274095816893267,6.457335226753818,6.63240997323225,6.637549980687135,6.437993797464013,6.587583324336535,6.525259368315838,6.187222390732785,6.532070028357508,6.327067853094906,6.287071685941218,6.537477196589178,6.441867362140814,6.603408837396442,6.415232510137688,6.538043360493425,6.445434899338784,6.4417466921186985,6.268972724330842,6.265411301802208,6.520765113604197,6.312920345513152,6.5707541005369325,6.482270182257828,6.29405959470342,6.415250631667525,6.444282353214208,6.44277872523616,6.34097178874427,6.441206607870505,6.363049913672199,6.448091830309669,6.356816228947659,6.140146512985884,6.372910617796866,6.380295234066748,6.572471375059515,6.399390903582971,6.519165855529199,5.498973774577022,6.220852245833714,6.514793825265359,6.449255775864115,6.5930764534607285,6.436735789658496,6.39808260568456,6.25328842225972,6.236433650699216,6.361114684693437,6.47948565835002,6.333404390751179,6.391464207123946,6.428872365450431,6.679637745667408,6.420047073113182,6.472998379557785,6.346883164255111,6.497312916149134,6.596663395252067,6.328301072877368,6.5351418684101645,6.421650330693594,6.507504372380051,6.662678250085626,6.680907996761622
Q9Y385,5.298672455245786,,5.327765243006658,,5.3763413114613545,,,,,5.4280681877766295,5.3446460928809145,,,,5.658861424420833,,5.360853814093795,,,5.31795781812425,5.430794764725884,5.185226544508036,5.272973004204784,5.36923085604468,,,,5.628177154529639,,5.912093591703034,5.643609914247062,,,,5.780563639560845,,5.33623712358722,,5.6292133575652805,,5.269662077740885,5.712432923874564,,5.232372793432713,,,5.334651717225442,5.833968746458652,5.615286822893312,5.60869884664089,5.433635682751953,5.6979340454096,,,,5.619849933088647,,5.863537885973781,5.507212458157015,5.351314132554873,5.628193682456005,5.393655294067387,6.0707565940667525,,,5.78216256219021,6.000258622337059,5.430685658844271,5.980164298017207,,5.321692230644723,5.3819621295606535,5.342225152572112,6.29409240037934,5.454455873276485,,5.642312711868378,,5.559900318953156,6.0022860531977855,,,,5.855047598805369,5.36823185291079,5.877990841569307,,6.049051824161712,5.422582251426491,,5.9705008489695,6.070465191519734,,,,5.932538267037396,,,
Q9Y388,5.710637918540517,5.416792942120164,5.924300886312162,5.82288461310147,6.082319926345727,5.813414653612209,6.028522611765624,5.4411157548529765,6.007613334243301,5.82701251352581,5.733658869874511,,5.439495628044478,6.094410496677673,5.4638558043012,5.518075035769513,5.781796935761113,5.675581594137644,5.8063043627901205,5.4160790372586,5.805885965045594,5.999186316535191,5.971360170357255,5.770264977374795,5.484270435365829,5.546096361420656,5.774403115715998,5.712710994817986,5.438211108000181,6.025410135599616,5.431439146348846,6.0022291983952005,6.201764021229582,5.904444362995256,5.87142632380409,5.933979829155362,5.745954588975012,5.733420110870496,5.406342431856716,6.142371531709422,5.985028969036393,5.8209449419254655,5.720912416883353,5.808605828395699,5.922982382118874,6.219068946908971,5.900338542780003,,6.11384766278114,5.699388259254147,6.144933274175302,5.989213906697762,5.918289346567154,6.0636466769044,6.156918039104994,6.005926556550152,5.566586818413572,5.665517997832758,,5.453014988535808,6.007098553488132,5.988024248495012,5.770425535886993,5.41416516680185,5.823953882480787,5.88497312700092,6.2127275083819375,6.162374040898937,6.0871658141016,6.172903777968453,5.92135720842306,,6.052054558380345,5.677351451103077,6.03865784296622,5.488662709690196,6.133246983018419,6.061875959241025,5.975745840632998,6.094935303453938,5.8216537627507545,6.228231910891805,6.136032468132521,5.762018775468927,5.451751734901788,,5.733753039091944,5.942213479065582,6.250724323104312,5.880495716310498,5.783481951600161,5.7577320297704535,5.7226063234681135,6.023489234010796,5.8956649290038605,6.024665192093935,5.907168311801927,5.694365534482268,5.888906814581248
Q9Y394,5.769416165651562,5.877612685733133,,6.473419667432429,6.237231830154288,6.065015901367262,6.233976077894534,5.588065638725499,5.978497622825088,6.295984131596768,6.073472130566527,6.380325004743819,6.21838389706343,6.419892124962565,5.600075079698003,5.870617177782286,5.911942636720008,6.519748423514825,6.410105394038919,6.244680923582817,6.515996006098177,6.466750942948496,6.141619381899645,6.294692438795303,6.314223749778687,6.005267171233889,6.3920129838733,6.1223491624904725,6.512152822711892,6.387512748570669,6.351731439552334,6.374959902319571,6.224089434572154,6.450168383818994,6.154750995080008,6.082580614955464,6.06627330753536,6.46344454736338,5.98391414581596,6.089590104822026,6.0117531618586,6.285524667688762,6.331601102576112,6.294887405799164,5.771359735496853,6.0755268019968725,6.185982237437915,6.123538159522608,6.174476299786497,6.355420911643193,6.455091980290563,6.433669834178525,5.899178058044916,6.117855350377287,6.08457335442648,6.158848148739588,6.145429295336665,6.119005101264161,6.166734119292066,5.907189975106972,6.260773653380739,6.462683053734589,6.174980516463629,6.138412442333146,5.843333306767087,6.278223159309524,6.565249584450571,6.539048833459258,6.279843248727531,6.5916092454819655,5.920526533747806,6.035806419023633,6.266678187464796,6.467649186084685,6.250280771057302,5.950789398362519,6.234325748001503,5.813303273562622,6.326635635112512,5.824525221424405,6.066302562160386,6.588936988929145,6.530946690065244,6.461743856277543,6.368189741738234,6.433932114078271,6.47133636931526,5.29176462162187,6.464735643018495,5.737142382142392,6.165817113332355,6.179628733317605,5.881530691942408,6.2396617291318055,6.053078073193674,6.152814025667965,6.303374800542133,5.5449778325414965,6.0332142222634015
Q9Y399,5.701745622999367,6.069834462712173,5.272324876239404,5.935897202217598,5.993389799902047,6.019647042859575,6.070827258990789,5.761814579744373,5.94933132833537,5.939363175734958,6.019572062773653,5.43221985557521,6.038301900546793,5.978407702267389,5.867818718579465,5.934319022863158,5.978618694651084,6.087286990911397,6.104826381352845,6.194991226437229,5.945023982752852,6.180439550761877,5.781758362415581,6.070336513952251,5.984935510207864,5.664223972137842,5.782623576856818,6.063812207804776,6.214213409398538,6.269729314149435,5.940846256742936,5.979587651841897,5.986016179805051,5.72169035610169,6.054735183664947,5.85950076054959,5.846859181755174,5.936456784848449,6.005731047070796,5.866201854554461,6.267151433596482,6.02667237115732,6.130508117221072,6.181986320154544,6.257887154039826,5.731368710985216,5.727305759850304,5.784969586434944,6.063962920039824,6.122941195912789,6.247109002086408,6.154470803240418,5.862817496296477,6.240316044444798,6.021460558987915,6.113721964314237,5.410460734732917,5.9470557326723785,5.910516635495656,5.884891430936514,6.162624038834467,5.91030999605654,6.301238518222018,5.556037814540148,5.934974121070456,5.910830036309774,6.263968898922215,6.309268780047248,6.1430602413732505,6.135324021901997,5.540207746813789,5.607100404438179,5.960368665017845,6.358532721879424,6.264594911688542,5.783710418831863,6.008300804107645,5.969721546394878,6.219307865446745,6.305636884682334,6.12371826565194,6.339144235871399,6.199904257841268,6.053232415190999,6.055299311920155,5.766277844363221,6.208780657570531,5.2695205694048,6.270131465052612,5.915904114624387,6.182484982971264,6.23461293393445,5.715412176196596,5.984114340947796,5.833518640968887,6.026390585574318,6.084519258930751,5.691432145134678,5.510034086743424
Q9Y3A2,6.228205797612777,6.053767329213872,5.758534585281352,6.160043951978594,6.115244869331333,5.844777081045332,6.418111288095243,5.783903343357954,6.034247361356542,5.856000749313869,6.07150088604652,5.639534872668913,5.960517896357967,6.332809312491287,5.966505757671446,5.855713860456207,6.097251974933043,6.245941940661961,5.838410205762083,6.24125715690087,6.2508389398329935,6.106562699375813,5.880430655908934,6.2082246866518975,6.110344558162956,5.882324188210262,5.992090034351786,6.498466111960919,5.959362203869075,6.530763670384785,5.473848939963494,6.205227296552353,6.52507681448003,,6.329618878662744,5.950075164213599,6.07244992703164,5.94142935551588,6.155307281612451,6.56330118139657,6.4581186424920975,6.333315799243433,6.058870406764213,6.155022035543119,6.482588220464779,6.385153102927132,6.160481761092537,6.15270995338388,6.399251051842001,6.529681398960188,6.048410532157581,6.1340572379558935,6.318797242753583,6.346323232286667,6.182219410593705,6.482281404644438,5.925736473743867,6.393465855771202,6.347889323008053,6.268642816265247,6.215666925787494,6.379334614669122,6.350126005009612,6.056783857938194,,6.34938619890819,6.610500103814165,6.534260683847799,6.422285213078467,6.408150456811311,6.236212653569101,5.99648938013424,6.386880527280674,6.418369289945822,6.064379978717284,5.833897488642865,6.46084125236153,6.528705549475043,6.180979153411158,6.6409702771391546,6.158664184708786,6.63469259623995,6.568371190491334,6.10155241359819,5.790593124196203,5.993031126424889,6.380975627351027,5.788552901042332,6.420462845514377,6.2224929949054495,6.352049978165493,6.45252833078716,6.403873251878946,6.5347461736723,6.1543592059195,6.359194934112548,6.239704291189259,6.382920492874088,6.032106900811246
Q9Y3A3,6.320251360653492,6.316344587977349,6.18360129384134,6.418815008684133,6.339075290031575,6.346667540679849,6.268589966692829,6.300121288944183,6.05412750231782,6.198944578708295,6.19505517095863,6.365813223805018,6.210200276521132,6.29140731092267,6.287155007779663,6.048209419061995,6.232401558210408,6.210486287413513,6.155323062125866,6.265443000236443,6.349615173679922,6.203595063265476,6.134719119249095,6.230877612038229,5.839869527657768,6.373846745148414,6.012776478162602,6.168876785868765,6.203160603243632,6.165037666006345,6.269333291584209,6.233596799094219,6.321219065880779,6.067448658573863,6.064315162496214,6.104734612133203,5.980931479987023,6.338409540894325,6.163019602904392,6.3454769756125895,6.220105898560265,6.041706208850199,6.246512493607344,6.17058576475642,5.97486188964533,6.186963195186686,5.805375829652063,5.976475661102273,6.082196821884205,6.171854329836452,6.279948445948769,6.254872962723296,6.193608100143427,6.017373604127127,6.286597793237431,6.298218361566742,6.110866457475309,6.117157782772059,6.150823943711437,5.989348309929241,6.068667108598904,6.319478529879834,6.29872978846345,6.325029004628041,6.043902967153166,6.245432355045949,6.32489916781371,6.068692985514076,6.290420270562082,6.22268991937692,6.177633956328758,6.391000409850904,6.203245646014176,5.721510929508486,6.329217085357844,6.24032792642598,6.182521451075287,6.285911939962531,6.201603819927048,6.019886837003663,6.162206852292331,6.15657344779175,6.04581757540264,6.306831089996448,6.101068829189219,6.385290939654084,6.336323629162855,6.21779193247054,6.288526332436521,6.2577374505992776,6.150577617278875,6.2113497402923805,6.180382951557537,6.124452201157613,6.335330676507548,6.250407633794923,6.074117951106858,6.247134687126388,6.057752090187945
Q9Y3A4,6.159355784090351,5.865437672766565,5.867947795662486,5.96732666249063,6.04681704537297,5.463691616317498,6.225150139510355,6.008176965608244,5.960093524669938,5.4779719964930775,5.874657526544841,,5.705876142725889,6.139560959856366,,5.479854937456061,6.019523235613761,6.027035991367344,5.938437536548845,6.294718212752942,5.777303892320445,6.107371362516213,5.8027495357363845,5.435388636557147,6.135799712477079,,5.735384787266796,6.220625605614368,6.013632669145544,6.336827197641632,5.9912865771596735,5.9564274305173885,6.064805242009816,,5.836810186255477,6.104738298952292,5.692577572941147,,6.279755308705159,6.186013401173663,6.251514641624486,6.083277884881271,6.08473649394117,6.211650751665886,6.114694528837916,6.31315519689846,5.876335451666533,5.596582120852387,6.330753182035029,6.157281455751575,6.447445319213491,6.075082536979187,6.305144419302309,6.137255242618412,6.111566515283709,6.4065677709528615,6.010095076163363,6.230413681620872,5.569725254912051,6.263728762745869,6.141655153340071,5.766440002434235,6.398948905767819,5.985462726764159,5.949670964462731,6.151970791262122,6.546509809372404,6.509355155828778,6.260650570876404,6.276735903102002,5.370909301834729,5.925011875226688,6.374884551659859,6.123437964951079,6.206691816118019,6.23514473430539,6.386969924875163,6.20401591177092,6.232954125959053,6.226685660754448,5.970617262075245,6.446639316530929,6.412322742609987,5.7230223167266665,5.4154554403638056,5.439123255258588,6.178920368266748,5.406718209508869,6.344704487659229,6.153674999695605,5.910748459197545,6.334934705464868,5.849569303895856,5.974880265717446,6.093939136263383,6.339140342556798,6.101538335707135,5.840020963294823,5.660235643922003
Q9Y3A5,6.264415049371332,6.512712655196347,5.774186368683212,6.225586455167383,6.345864803329885,6.328065787691735,6.398051062783649,6.339010988675067,6.235098228756191,6.542576573793593,6.548275557653726,6.620691976748359,6.43564411276904,6.518291917874361,5.929747153850573,6.097105209242711,6.171351554661364,6.469720774130781,6.313286099104319,6.474658844669948,6.226157652128956,6.430675375274809,6.413255592903266,6.030655439956522,6.426364694968703,6.372468825498528,6.503542445684621,6.460273202280409,6.454955269700027,6.477734543131299,6.411422389951188,6.521380741657135,6.3596769691311374,6.473811208316793,6.475798930633301,6.39446965487839,6.262176150710323,6.333502283746142,6.45699402469594,6.074325827309978,6.536092996910876,5.97984509772212,6.45968290732624,6.413940286099303,6.529761563251003,6.52139829013212,6.14094162141634,6.092343666879495,6.167696817735471,6.455081224618288,6.08562241700732,6.265447137616519,6.262515456162806,6.237181140573968,5.942569104018993,6.501592737486119,5.916876933460047,6.265739666648504,6.330325171385303,6.591091772465422,6.467012622764381,6.516230735829835,6.334908337174138,6.502316543374195,6.62437062577871,6.381494286314876,6.124293450356418,5.872559578975325,6.507844574232622,6.332224082127205,5.98580946361449,6.474553503517041,6.486153963578247,,5.717118725776343,6.501305770426344,6.487617805856717,6.51973385781402,6.220929904182572,5.834973835974911,6.155556396161662,5.669250987036103,5.992967405555808,6.330616186869825,6.471011583379601,6.488968418819859,6.481577456309084,6.01466340347381,5.68430549889165,6.535264385760618,6.413545618732725,6.10681826837353,6.454045095850919,5.896638724506245,6.52016983653492,6.190598755744707,6.483500815911746,6.406294245600023,5.849754273600428
Q9Y3A6,5.998456979773069,6.007732407462807,5.621745947479785,6.149795559189345,5.938273938610702,5.929718098346776,6.346498548931851,5.63247039459827,5.625469812204556,6.167907102361231,6.266783906175182,6.242049505110368,6.357962948568106,6.22955845818322,6.175270922811839,5.72717142936483,6.05472928995296,6.308880133725132,6.158923287328049,6.266769625638602,6.438534771360327,6.206092183059978,6.380333131334156,5.915085591109522,6.113325993096216,6.040747983711407,6.228101811655524,6.018966291393202,6.031417933631575,6.321676616335888,6.3392371828019245,6.23176736769677,6.13905780031459,5.850308195856221,6.106845054962312,6.2031391794331405,6.195300428428105,5.952200832836153,5.866477039317564,6.0437479056633325,6.091100181120421,6.343220916729933,6.416493968011899,6.086917948306158,6.152125338177847,5.611867215466522,5.930412983101293,6.252871863685993,6.125419609366892,6.041268066032525,6.204284623866174,6.12421887330062,5.85727825657106,6.202091564770528,6.070488609972719,6.005888569384975,6.309608944565721,6.187230331452705,6.048363411502878,5.918761308147048,6.016011841321314,6.3460778449957,6.311561451534554,6.27339523831647,5.976352414741907,6.152861135576105,6.3611343738227815,6.287059542390827,6.277467929866986,5.945581204612831,6.109769405641829,6.104537050308906,6.041419266278357,6.368591977188867,6.319283616958134,5.90750695794755,6.132146498954077,6.302304645870839,6.078603604979053,6.461627250003108,6.132506256895546,6.232300152611943,6.354056303295951,6.331969288620816,6.074954037861913,5.931554283500888,6.305943005300602,5.625042728759122,6.159827146374708,6.125732370025657,5.632538949529063,6.133504258959538,6.016758034531355,5.995112770334806,6.006304619375067,6.2037681579829,6.049999632436423,5.85505399951452,6.111861370785921
Q9Y3B2,6.450881604266732,6.243366434667361,6.411165297794197,6.127589827312091,6.312718670948036,5.656632638072379,6.395934776140485,6.495159173585087,6.252655598990333,6.130498330134731,6.335851872683143,6.332675453457358,6.281082546586086,6.370062957906525,6.497852442539157,5.951462335159467,6.437035739355614,6.270452702234933,6.228801091340391,6.249129310795111,6.334514653556894,6.426726238019712,6.094133314966241,6.44914897976597,6.3032731677731135,6.148148868220227,6.300131256234306,6.136400536498103,6.046300640120236,6.320302373470861,6.2686152817557215,6.211028347221435,6.322122902807741,6.326930263432495,6.3005216553864685,6.163756325468698,6.265771039496359,6.2462243628742105,6.315372580245045,6.263638311552702,6.414749018619341,6.335874982751115,6.394736523243921,6.150523320607551,6.420867100234053,6.481834629288164,6.336272277692236,6.37061584982373,6.390528026067921,6.380450009400935,6.359225771153266,6.402304487497186,6.477489918179032,6.296497236375156,6.346279369371561,6.375166292931221,5.691601966081154,6.394288728985136,5.729157749705196,6.289847841342892,6.370028625029645,6.102718682101137,6.440974358786948,6.0282943910593545,6.234888264882954,6.379138097611852,6.398968227806245,6.58020293966548,6.363334377090816,6.552090505646627,6.333968831552523,6.452565492429597,6.481177719957183,6.5090233228137055,6.450113992328485,6.099269990407191,6.328819027514582,6.423053891278361,6.348742054162752,6.211683002430237,6.421028891363819,6.648352468073079,6.436834321886216,6.291847701804283,5.891735001729046,6.458893695828177,6.338487711404313,6.271390063424745,6.561844828752891,6.31869421007999,6.441400147897738,6.367149494774051,6.316611965433532,6.444870167518665,6.326690476176951,6.259578420505946,6.508039164324553,6.421104294349451,6.4285554893312415
Q9Y3B3,5.9733317477393575,5.872074526244789,5.874868748939084,6.363487123684698,6.167518032416318,6.180571646035891,6.192693933424838,5.903105961610521,6.106760941662829,6.445346736144172,6.281659034647211,6.45861433161542,6.227596844609471,6.234116338617884,6.037994514925819,6.2171826246162905,6.050419962816353,6.046309058778662,6.408203020757828,6.107049451817131,6.098915776409335,6.12502127934485,6.280832844955364,6.379740395741241,6.252574976241651,6.392443232526828,6.05441547514268,6.2506592703774,6.332794408107803,6.325570549414815,6.192718910083206,6.0679331262151575,6.0890002669939385,6.3389852865577945,6.294429263631626,6.223284770836921,6.022495381871078,6.318996426670356,6.1034195673887055,5.878188444856751,6.27629834421794,6.416823826293909,6.10047157314572,6.2315040136819535,6.217824198465713,6.010531978245039,6.00000672962316,5.905911337322466,6.310138280556416,6.235439354305656,6.432624732356736,6.33081464314335,6.338482613352529,6.243455349974699,6.227493667671656,6.295555897462563,6.257991788459224,5.933341825961279,6.39980287442914,6.225837287635764,6.30589246382713,6.408290153444021,6.370621822838216,6.269909054277942,6.208633969006542,5.974369602635663,6.402887201375764,6.450170288490605,6.270449313409802,6.224866562752339,5.870643977527044,6.157661601708247,6.275737441366824,6.553375536306498,6.453443111544516,6.258749967519533,6.261846480927028,6.280693250730899,6.281807282869428,6.173679410204195,6.311903230888961,6.411127324991068,6.1919562733145845,6.157554981564151,6.155469058938202,6.323496463682544,6.270466093180755,5.716484137986382,6.290070258577549,5.98536634632661,6.24139785974772,6.358985477193235,5.995759774026874,5.830737757277483,6.176005437184614,6.103776125136653,6.2570097466088,5.965674035893634,5.837734318294372
Q9Y3B4,6.657072610368999,6.583321759280817,6.706749386812792,6.767587310222789,6.73263540605571,6.762337571266083,6.684011795000835,6.790127465371809,6.749960443538078,6.712126416327079,6.676332833756216,6.731286845105961,6.729389577047638,6.632454562932645,6.702910439051033,6.701735910905184,6.699980121148384,6.648703043219529,6.7312822209111625,6.650647256363244,6.760133282851309,6.532752523908366,6.552589063969988,6.667097633921019,6.718500191480331,6.70894380658027,6.775703712814236,6.650265373631946,6.699403209081943,6.705062051448294,6.665926959423743,6.6475786184290175,6.753629458420086,6.615319365797934,6.711555363888536,6.717509749627865,6.716032600287871,6.629598436901334,6.654513173094468,6.725624487534857,6.700070095085054,6.803361516244159,6.678377810793458,6.577794105446266,6.689546701827181,6.733983362201656,6.756290686803972,6.692534360108448,6.6596029282198295,6.657475053811057,6.776840450278263,6.755009072050228,6.72577634289136,6.801720015109938,6.597774624693579,6.664607341491777,6.786658412583701,6.625299828261888,6.785157229641907,6.699501777716455,6.6558139831941,6.743575740436984,6.658847795717488,6.546305386550335,6.648087347532696,6.691583599791183,6.791304218071248,6.8441002818062815,6.6064683781512,6.789450306489596,6.728713513168181,6.673352800251592,6.720529810853895,6.886107132115564,6.825188727785406,6.811096360287001,6.611903759848524,6.69862441167982,6.645950265570418,6.7569287081827705,6.759957936762637,6.770246114966855,6.78554907334261,6.655071663861763,6.6951861888877975,6.765489907143431,6.682091094042542,6.766565718980739,6.7655346548642905,6.723581543359972,6.708066152749016,6.7475733855656825,6.696930723300199,6.866766534222256,6.70846107201074,6.674165647154288,6.676639131194413,6.695776974405314,6.608882557067741
Q9Y3B7,6.594540055101068,6.661748551580987,6.667941788805011,6.724786310311018,6.707314434182894,6.645835336694463,6.5757174032194055,6.732008420659748,6.737979807981084,6.617404777523346,6.619468728626289,6.458676217220241,6.691041960557181,6.672598851854596,6.649102433066458,6.692126129461909,6.560114968167364,6.650186133334948,6.823786319942907,6.637640035503745,6.726692044719445,6.585510082537088,6.605361815664863,6.633073140504385,6.746436454196994,6.405972413085684,6.641458803001325,6.714124667142356,6.707964542051927,6.774992131001159,6.634702431326517,6.629968372405216,6.659245890973711,6.630322591295695,6.69777431161713,6.7453756585274505,6.66592473098382,6.637656094282921,6.609160732770878,6.698473699944342,6.621992286894562,6.74149680133443,6.734025762866786,6.517638479646207,6.761567055725234,6.707878495542655,6.621531012702535,6.643047290279672,6.725741962596191,6.644712313770132,6.745223487125663,6.759280315967839,6.697806120262702,6.808175843851021,6.579335823935402,6.669400020751752,6.731173355033553,6.622562501265042,6.602075876683649,6.6794973051331485,6.657690713186939,6.684493162646827,6.785140493870395,6.494353649786977,6.648631183472286,6.500081861527988,6.8169360774103565,6.838462461287164,6.573134873383125,6.75823805475427,6.608277723374913,6.514714848604628,6.74045589875569,6.9111685640343,6.866071738387609,6.616232792163563,6.604228323402401,6.711454010159335,6.711538938224461,6.816104827812907,6.816694984293282,6.828559789274664,6.84943803208502,6.7504947310496,6.5939220688625415,6.602250572183353,6.717209243824611,6.583207277294401,6.850808563945462,6.621887633747496,6.751413295079587,6.698057380896483,6.6242284206146,6.782970424481887,6.6303178029187215,6.638670348435243,6.750414446531813,6.629591023300415,6.608072600681438
Q9Y3B8,6.228253915137975,6.17037878751098,6.012369980995424,6.353078781881107,6.638553143499525,6.660911777755565,5.990426092119448,6.02377823354513,6.582741409329552,6.508316194611302,6.671352010305528,6.445533864575236,6.447252690077534,6.456103810073692,5.422321371311917,5.992474357765087,6.346714524131898,6.30629858757108,5.78009419167137,6.307857290032176,6.265038824678602,5.871584517645133,6.5088774155950935,6.634884876802426,6.162042103714144,6.543461077828704,6.456047498562061,6.4136994937443,6.373312254740692,6.546206950100327,6.603385279672441,6.413339452337072,6.471679762931519,6.17972728395538,6.50065821929406,6.486246481909374,6.2114747236245575,6.603132879083161,6.182086812245732,6.432473552728464,6.30683053639663,5.792527507381369,6.001439796311484,6.090481060176263,6.514682962063628,6.380285411628567,6.255364022470442,6.226226405607341,6.533310070199322,6.339638858034315,6.3506326248146685,6.246415754800146,6.265135794945078,6.350040827532931,6.19908171165592,6.517012433931575,6.530747605230788,,6.59689140492365,6.57874931733192,6.441331139547311,6.397360329957658,5.92784766853028,6.55177666270361,6.606123538899396,6.296889751479554,6.3109490049761545,6.122324962186422,6.066043118102748,6.300548562705156,6.226714376219537,6.60164642230802,6.382720363481603,5.962020486902053,6.307850504135944,6.314161854001669,6.5663796886678885,6.432292161238749,6.341799120535099,6.245451327959875,6.504942453374332,6.531053531639561,6.28367006288005,6.40100021241104,6.287117230063144,6.462701232562637,6.116956158030101,6.482930556228617,6.427116411253802,5.991661547121093,6.553272713037783,6.047689590768889,6.516315681146748,6.122125331740943,6.459445866543746,6.184438312449167,6.187900214361599,5.96810522322153,
Q9Y3B9,6.133309756902978,6.348114340666677,6.158960708217121,6.310713591877677,6.154644043777158,6.296466427253263,6.207611013693198,6.339203050860276,6.367886817776874,5.878986724622672,6.263101092553027,6.109285914392201,6.283545700482176,6.424515475888491,6.114706005305628,6.105330192535657,6.350463376585598,6.288857970814163,6.237748602648964,6.219503037587874,6.355200776705704,6.25947762677994,6.257367568045302,6.258422212424011,6.369860713439167,6.206289387124113,6.259589901890924,6.254807448379184,6.368503976194251,6.439100215899838,6.2121723672415445,6.227182438238589,6.33663855469103,6.072564182517731,6.230286822796446,6.278910582775602,6.321012315051322,6.082735619789194,6.301179820965455,6.33275984245401,6.378745852331047,6.355570854863073,6.296093153830913,6.219348220365699,6.175380413006922,6.454445693386258,6.359039565438096,5.524144514005468,6.407170582143404,6.4012004285915,6.458972286545692,6.34325205995073,6.276712634174512,6.358510852093812,6.258890242438186,6.403306393175939,5.929796864201652,6.146352189425793,6.270355907028648,6.346103519266492,6.2872857388563865,5.854953213294031,6.43134135895574,6.3445423532265295,6.091314658905009,6.127896784749283,6.417986800054305,6.553977291285011,6.271440097864031,6.371409619004606,6.158633909324985,6.369870776442904,6.484896454885041,6.47323592809923,6.337847982862093,6.336429348027221,6.310629864768204,6.181350145615485,6.370940188178897,6.458721743287974,6.371096199209836,6.578064810108439,6.494645701872296,6.198070042114932,6.031951650214616,6.061003503412255,6.332478844208813,6.185068755900657,6.379831826747039,6.374933750063085,6.146034275505304,6.354907248520673,6.340769729900984,6.385089102753531,6.385469001743287,6.263314937282416,6.307495376055747,6.406556382115415,6.058062034048859
Q9Y3C0,6.00073218621251,6.144058470592626,5.853335432027612,,5.908951510077401,5.62308979619272,5.846287121236501,5.869463026882448,5.942167936217526,5.939851331599976,6.032610638912762,5.734585361318249,6.049754867919527,5.995715507864983,6.05433423160906,5.942656905268906,5.883294806338555,5.78610646670585,,5.861026409941911,5.928529159261517,5.889292913328889,6.0982816531534505,5.901060491836059,6.085293131187086,5.970843034091575,6.072972806546526,6.013778515024933,6.048197506050984,5.524714577484763,6.032557017510012,5.81698686320482,5.831173891267906,6.140339317316753,5.993324491502966,6.039495824595588,5.858933124225122,5.5442189439832505,5.532818763302261,5.858242188520854,5.509331408076615,,5.830610965540535,5.926963864088548,5.861542287052857,5.559082606708087,6.039763693110741,,5.823098418926596,6.001863793891253,,5.621773723145938,5.5590408751925535,,5.962945785490493,5.815612391508036,,6.086028898417867,6.032172580982275,5.876770193895938,5.823433033149156,5.616429027532591,6.061927564664221,6.019771703868165,6.106681995567403,5.998673595944709,,,5.810489780061746,5.884625242941552,6.244684960757268,6.212629114552912,5.568124244804198,,,5.916382510635748,5.538390375031246,5.564350833631345,5.796143168249214,5.5961597917442845,,,5.646151847249275,6.065428317091188,5.877787125998803,6.074586955132184,,6.174333390457468,,6.000543306221886,5.58487183219161,5.575688944581724,6.01043651761796,5.654678343771456,6.024177265360558,5.849516211041824,6.022829876902371,5.82441925180473,6.000522558025766
Q9Y3C1,6.51346052257202,6.72340355317816,6.027070085849138,6.572566381517049,6.726389250673359,6.525830378209383,6.60566950922694,6.421730338914773,6.630838696642354,6.396084470200887,6.530696818824728,6.195328830667982,6.588645208480047,6.612667027336508,6.462796058603633,6.587004030446696,6.656717677110059,6.164425733296437,6.448804772852911,6.717838106672851,6.525801278060186,6.524073984830221,6.443444910943731,6.582704777079687,6.677758024896459,5.625695406942957,6.677972526890303,6.60225725454746,6.632376333205684,6.7503755207137806,6.306648237570247,6.193648176872591,6.586627476933616,6.122690202176296,6.641442708915893,6.168912635836146,6.149831240587932,6.306895557042219,6.605582646363491,6.502185017483638,6.687888616366264,6.529352275652234,6.353333855184384,6.557715345217084,6.697335779423206,6.777449308618673,6.504457769608526,6.543612925824656,6.793264561097311,6.70512116521674,6.6851854054230735,6.685695757574104,6.499540044936739,6.595568439793522,6.444284288125649,6.706912437859029,6.2818861901289775,6.579231670113284,6.194524183418604,6.618567634599037,6.467791041136069,6.675091317271329,6.650352318663617,6.363555543341024,6.443302642828036,6.518509232063627,6.760274381072999,6.832354018756957,6.666341006112405,6.709955301357661,6.3311695089605085,6.548981427675148,6.747860582840673,6.880371287409029,6.7015690392781,6.777873996747791,6.759150568396555,6.610013170264783,6.628968883159358,6.672700706142155,6.6423177854483,6.822777113791622,6.7187265620999295,6.580795939069826,6.153802004325502,6.069946876109319,6.615694808066836,6.339680418477574,6.793740526138704,6.6538066295220215,6.775676823038305,6.802428236065621,6.646986713151984,6.811020737569258,6.712520092426944,6.587710968593165,6.736971607027106,6.540154007318247,6.2707422141111255
Q9Y3C4,6.295172066205158,5.887802000612264,6.211820778819533,6.176839723097093,6.151545065752131,5.974215405295652,6.075025892516627,5.628488675363192,6.166137032002452,5.690661011207456,5.896656841271104,6.254693748262033,6.095252708033405,6.040700132975183,6.122695703950496,6.1837687932592775,6.1197509649277935,6.015090288544771,6.159711048444457,6.075835841467319,5.993742702774705,5.954440831982266,6.042081787204867,6.127901801608718,6.121679112694656,6.0602234885779325,6.274418985819239,5.886414568759749,6.21973294977427,6.058177597795366,5.904264758042488,6.039683446537055,6.185754694364879,5.893038166572146,6.177278876753816,6.100825145657759,6.094939244992242,6.077152349628371,6.064730678517244,6.218642539472816,6.024701123456978,5.683108425059108,5.896127614953806,5.986174179988372,6.089413528946669,6.098289285003055,6.207929528857239,6.112717664427009,5.871221926602952,6.0609947249132965,5.695048274940595,5.662969402702665,5.602011245747225,5.6365274102190615,6.145799713299343,6.063828198818429,,6.128753236193632,5.780025411704403,6.109817206097869,5.570196961710921,6.15760283225658,,6.08175802748889,5.6826823413888325,6.205936908812133,5.656182995560947,,6.271942042826594,5.93571134236597,6.072988514417521,6.134952504493565,5.915351290891488,,5.713784723170623,6.270644326456891,5.896946570129253,6.095940687860505,6.019184358309916,5.646386996853618,6.15726484466985,5.670083788199722,5.696716927855614,5.634302238740785,5.636452958052247,6.141169935896811,6.080314528063607,6.22743966025539,,6.056226996136235,6.252307243408758,5.630404391249862,6.07057660562148,6.009213552583871,6.080553717342164,6.081954284630145,6.208133902685066,6.045033335447792,6.356450915743355
Q9Y3C6,6.442266960948162,6.213922848812118,6.393132607811845,6.408200998566141,6.26336343793589,6.469238270746136,6.460855068508912,6.433253105792065,6.427526157488947,,6.396918494668866,6.088358538982494,6.416605138146066,6.357126764803862,6.501105375271568,6.178585000555266,6.490067889838325,6.4104778983270325,6.288941583880104,6.4568069461937325,6.550946952457811,6.347350954055346,6.255844361892345,6.269551716328738,6.522881008939066,6.037642392055522,6.377970771463687,6.381168509100678,6.228032381115366,6.446853854770276,6.308816267139653,6.440020679515511,6.444216025764425,6.457405787243831,6.430522717671755,6.325095202194856,6.432254138918672,6.468237540584903,6.3918307538600825,6.431214577912161,6.414550350258468,6.478777992009196,6.390486946577226,6.301506241809271,6.321464484779548,6.4140255953738965,6.4686425687365885,6.610655310193796,6.437443272117329,6.443461216613764,6.028625499155302,6.379646870860844,6.470628319555203,6.429526762788269,6.480596108362491,6.444461345811933,6.2350231356872055,6.40017966099019,5.790921050690613,6.3365127442848665,6.429874114891419,6.468100961942423,6.251495252710647,6.077610995606566,5.991461763066752,6.301787298351285,6.533433638045704,6.431303998852963,6.421797645380811,6.433323156231299,6.303374860967323,6.371159958503895,6.344998280326816,6.478100646522962,6.330017066537332,6.378175952525785,6.397082694679835,6.488979547631075,6.513733059282977,6.45241754556743,6.314790508040009,6.555466245600066,6.415673627250808,6.422274686407457,6.341755589680434,6.448213454895068,6.468444133491338,6.417360494668975,6.498646827480311,6.447424984498967,6.451201197901112,6.438928820984428,6.188500636700348,6.443037571082231,6.453860958385998,6.300655927304192,6.470459285801839,6.495836066799161,6.36764016450018
Q9Y3C8,6.530043935858277,6.4870785720975945,6.440005727546994,6.173522484042124,6.275048138118747,6.58166266416104,6.577881430698234,6.520599602087463,6.502593974681764,6.619763168567521,6.393813076667064,6.272310405743009,6.335569729193827,6.274333515141457,6.670767162785897,6.660308092993434,6.447206269691655,6.587167000192822,6.477743629064694,6.583830080458945,6.168701428313747,6.541227496086908,6.406335691584717,6.362133431796144,6.264722880612592,6.351368933849329,6.647369670758119,6.380852839435913,6.336057826690621,6.293558962249138,6.497194193567363,6.54329630977775,6.567617654696267,6.580859231221458,6.366938879944456,6.419062191590061,6.499915167208286,6.495951277751171,6.398863422735163,6.4218334897554445,6.468486153596444,6.400041455221976,6.46150281190601,6.562617110137079,6.418353200763288,6.43282571087953,6.492710677204816,6.368167782286914,6.293484390144298,6.389664766242658,5.997077600614716,6.381685672767599,6.331859852832527,5.959533657571787,6.339339454556211,6.284853681863764,6.053460929774427,6.464281377432823,6.268374781195975,6.430715053815804,6.375875818848421,5.982420290600651,6.244654693132716,6.421446622973054,6.30810080790831,6.472355175494959,5.668365050395715,6.011643963827388,6.483247004355054,6.246259826815559,6.615956188478736,6.466218206276881,6.239438039115464,,6.333014519514585,6.169523552461662,6.3097023290445895,6.348214908254717,6.392959918215533,6.147415330474285,6.167256930859773,6.158665942559513,6.40812743455832,6.261580499736244,6.44887519045025,6.259331059008579,6.09875305826419,6.529081641956164,6.178880003431514,6.3674750350192895,6.514815216903431,6.242290468147332,6.403538289403575,6.035329056854853,6.55207959226273,6.405330762511146,6.41300210974474,6.5880756501071005,6.539991980681188
Q9Y3D0,6.355700732297736,6.378727764158954,6.363144370577615,6.30450991347006,6.442850915223543,6.463931592341109,6.225031481770347,6.260864311845505,6.467582026362596,6.148229256139187,6.347428262688398,6.396371875145084,6.263935431548342,6.334885274189322,6.383672761288125,6.440281743567336,6.395777437381274,6.151331365843479,6.284617291989841,6.228159087351209,6.123017050936372,6.236212363557602,6.299936100269063,6.27379255227808,6.28158364476818,6.482062081877685,6.437338560160751,6.355193878273783,6.363994791307621,6.208537267758076,6.221287834388514,6.175155995961603,6.346556616474885,6.225658492035226,6.184478524356562,6.233812611793244,6.233669051793546,6.210232503347714,6.34213566581113,6.364933192517681,6.178779471627607,6.297892686597537,6.351627393342303,6.129017625543357,6.381139885989992,6.394522939655127,6.237464680188074,6.439611625965927,6.33863146215211,6.343397730987313,6.310592354823014,6.4177490284006735,6.371347950571254,6.253905239775994,6.313349324674389,6.33852193486325,5.869625481613457,6.289414960786231,6.391571867777953,6.279500711899896,6.194098317389935,6.280080019813372,6.063798170840501,6.395857508900426,6.33520713955412,6.360142149050885,6.271603759249495,6.325686210065863,6.330353860260244,6.271944297186691,6.361060006873917,6.441600669165956,6.387847633526913,,6.324565885362938,6.432327099447271,6.355874914740534,6.378315286546485,6.29580342373634,6.250948403961719,6.303661238115329,6.282407520173248,6.454641551653824,6.411187916791684,6.242140440366288,6.26571662008213,6.227797325347977,6.38925964967547,6.129097948209568,6.373303494832621,6.4214639521775805,6.382787257753128,6.377605640016916,6.460945667981454,6.387916585089863,6.3483898849044,6.220173410083708,6.374751192750596,6.330342865062219
Q9Y3D2,6.144467085436064,6.255838664618045,6.047066641049894,6.367186510473687,5.919760295003027,6.2603972512788495,5.537600486356808,6.322029068983604,5.662604887578583,5.957948997707371,6.173401811527923,5.729415806993313,6.061423293119968,6.237274328258422,5.578164738025694,5.9485373386977605,5.897660408424034,5.80312556694381,,6.156949966785442,6.249784837521006,6.1220170109788,6.376065973275969,6.219210995248643,6.213060726349955,6.162502745777145,,6.02839783823109,6.366508736801327,5.530768776694087,6.153455379248692,5.5141289712204085,6.150160318644511,,6.003747010751963,,6.345876418026746,5.539426430277573,6.024686378063766,6.064800153176698,6.20402786062297,6.3551700762419445,5.85628175046649,5.470181443923113,6.0493773319771424,6.046241994750796,5.543844886929426,,6.131601468293049,6.150557496832119,,5.623740372588289,6.263305291230479,6.477529821105554,,,6.306762746797092,6.087026493822181,,5.885351775474127,6.012744313961324,5.923462451492784,5.888095519352099,6.159233527140414,,,5.920965716546149,5.971226269683699,5.503313959396354,5.5850882519739296,6.16070535167655,5.903056293614718,6.2050713750390285,6.124483102863773,5.972735728828033,6.096877626701656,6.0328609319477895,6.371061399848043,5.984179522936861,6.408120287579305,5.628771174910632,,6.259983860481628,6.071379103390134,6.073079425352036,6.213733883327315,6.042726018005565,6.070334635834319,5.650402643760948,6.128297816904688,5.604035723807759,6.376999283150932,6.34223344317104,,5.844100878065225,,6.037460082792213,6.139024986968687,6.120265946636538
Q9Y3D3,6.1322442998046025,6.140124762531813,6.231487199655451,6.242114133524645,6.206545866466302,6.224824727201983,6.218097380391644,6.1650946864044185,6.25306840488099,5.931773960730144,6.244913465961359,6.01008701650866,6.274083421864635,6.104137990225896,6.043658192247383,6.124826178163229,6.177526134389561,6.076179648933333,6.327337367091751,6.241853300695407,6.336977864394948,6.184240565604327,6.083954279889321,6.196554461548804,6.212640474095132,6.121008469357343,6.192213983004719,6.222687638568438,6.257522542125784,6.241332992237348,5.997322994425149,6.103398477229611,6.124503151160533,5.985761336705952,6.114303547432318,6.149070627726642,6.155446412340501,6.305642120649573,6.2366200552077,6.170885660062623,6.102409671733288,6.23777111911866,6.235081802357361,5.91521828216506,6.177662068170827,6.160887403753211,5.848012672997135,6.213957382249323,6.245413071091931,6.238078899815209,6.267747083768519,6.23911486783501,6.047965381409616,6.235680366651856,6.18097987045665,6.219301448784517,6.310559578307702,6.170742068579624,6.198333521095899,6.174583739381062,6.117722048244858,6.21185213400763,6.371874767854335,6.135869644102594,6.1326071310805,6.11602248210261,6.232828163809838,6.313276100245817,6.191127860661023,6.287394934211765,6.124183408196208,6.285112182131927,6.324423051086674,6.411869092221094,6.286006142743638,6.202532791770814,6.239387094443098,6.054696773139155,6.210148504597862,6.355002102216404,6.250701105211782,6.274053875673152,6.281308011908562,6.166800493292236,6.182222247956751,6.172447806070926,6.264518784796205,6.024761637640307,6.27249869605027,6.227950943136234,6.191475691828959,6.314569978345203,6.227676087868545,6.275279665660055,6.137699997501919,6.164656319429673,6.247298452823383,6.121110427276625,6.107939045624985
Q9Y3D5,6.226208006567354,6.243734032236503,6.222478762457424,6.324913141945302,6.328327457451254,6.31921720311291,6.23110998002007,6.258582254594714,6.345117301114298,5.852267059914268,6.256168797489812,,6.267651656606029,6.207816185367749,6.26990825847226,6.345490062059199,6.281742933756232,6.160244623592758,6.126156856348921,6.246338653883241,6.3131113817068805,6.096316474302276,6.203570241637781,6.280216987110689,6.303815312242484,,6.31022368062923,6.216383776555572,6.247685220253918,6.225126240116735,5.723629516858092,6.002773957039085,6.231297051877721,,6.2075744757559,6.13315366500254,6.054495665993684,6.051371689806404,6.217038589250334,6.259545739142542,6.184224753059285,6.327270629529158,6.232017359941407,6.151365626677484,6.250292845581745,6.245648415581751,6.269866783846188,,6.221531249536705,6.228223333427916,6.352228686829994,6.329879318613735,6.247824242816693,6.302340016640034,6.000115569876931,6.213637903084344,6.371760735322537,6.162070660361191,5.972994727298762,6.259772030672979,6.223321622936779,6.328653782483336,6.2691926434493706,6.090968042542707,6.129823027349747,6.022179932883722,6.27402040105607,6.381226990324981,6.02342786592083,6.290934737836116,6.218117377255943,6.301149951508204,6.2676754587888,6.50422956297399,6.361194692903331,6.312032361653392,6.2400095839255325,6.2414831323039,6.182242163358341,6.309986565304907,6.353606603616609,6.306889354311808,6.367294958002804,5.763256072991781,5.807897951786507,,6.246603965644368,6.065714008825818,6.349423554331471,6.2204332504204665,6.29187450376161,6.29080151619926,6.233945010651388,6.363176410254748,6.232199211384094,6.245054107987912,6.24865355935755,6.218313070521354,6.014217984072359
Q9Y3D6,6.432653688180345,6.451606919726632,6.368589409195499,6.556450443594462,6.508696142124636,6.65735298560497,6.460529049946093,6.484030048877704,6.551917191406439,6.372890013117802,6.460351628109633,6.562422228547917,6.40864696427071,6.53649184217942,6.48954976381212,6.471271707905853,6.309118832958924,6.412582308928223,6.538417906757676,6.483363231345123,6.543992104961808,6.399224528018225,6.462203264849799,6.412560706853212,6.530868508040381,6.506256463325579,6.505665455335546,6.537708953685375,6.476859167683727,6.500069416463557,6.377667068656232,6.49019006599624,6.565667367052484,6.562114930885661,6.481076827803477,6.3943248903622045,6.481248132709911,6.486247860456581,6.524563028739765,6.390323678788436,6.484514930041421,6.457744952752504,6.440064890578711,6.453870883323843,6.37610458923195,6.388378977807292,6.366507223815976,6.600521552320934,6.4317755968746,6.507856501406236,6.552297711682088,6.523409983379979,6.379855347535478,6.632378341910279,6.304507773431746,6.4232555315107,6.628101460294965,6.390047712217008,6.646389376589767,6.400326033313627,6.452540319875745,6.6330930818036045,6.426957313114409,6.456499586046428,6.4743308833924615,6.596417143221034,6.451484351319159,6.484887733781154,6.336579932407254,6.49600337040953,6.517776046345324,6.440015583100437,6.5761328657701785,6.6222739650712,6.565907610453316,6.608402270980534,6.451007919269921,6.487951602272485,6.460568258607159,6.603671874411516,6.467153346101656,6.593657345996052,6.572184065771449,6.580569625769982,6.557674288268091,6.443717605669489,6.487762582926495,6.487478796350185,6.48088480966916,6.352738951365201,6.415810565019835,6.632918808631063,6.525663178592506,6.491035735682087,6.372022784760787,6.4524376833256,6.5372880992726925,6.346922790949342,6.489834383892166
Q9Y3D7,6.267084064337086,6.462878319768485,6.298187591332038,6.510529392345282,6.368006038536604,6.64862395212203,6.297441201840197,6.50449926803824,6.39901269796381,6.274798631313754,6.405833927265832,6.46398821460274,6.3174726974019615,6.2783507558335705,6.1915468399471525,6.402542033690407,6.631558389869687,6.321887615941629,6.386190320350121,6.385664988123125,6.630053404853479,6.25114040172666,6.418095472115581,6.364745068329965,6.455517445686089,6.279420727337279,6.366135731535737,6.472565334544559,6.313550484502079,6.600449023296368,6.492722162909371,6.561222750825509,6.519518304563817,6.152466028072709,6.247240709230978,6.636046831261671,6.553836455588277,6.383953788418335,6.386417367913881,6.397124914552236,6.428993387926246,6.6243072041220925,6.466735849440957,6.295056344779617,6.600198051852711,6.411828442911268,6.404446022033592,6.400505855144793,6.594558858807147,6.531784547307673,6.562576950780472,6.606013438111553,6.533355154311032,6.639093156324403,6.351914981286174,6.5144144703302205,6.33926942392446,6.323272734842787,6.487151797254681,6.343791640586636,6.364539758751361,6.36474036995435,6.517920042742837,6.3866893580946265,6.278728307022863,6.575421878450712,6.606226229122128,6.666723416121981,6.431559616672524,6.433648925215936,6.601982669719556,6.43832686361219,6.574480613711381,6.77887159380759,6.72070765194924,6.5252577757161605,6.187825089865196,6.423573385608675,6.53488785629404,6.74970537331356,6.560841044476129,6.474201401149957,6.657865251612806,6.330292031279971,6.417718231318341,6.517745935435756,6.483899072864303,6.324449253798862,6.71202918329451,6.458007270914958,6.450962434913891,6.513687401483374,6.396716493775587,6.504237651618968,6.378818053812137,6.167641830919759,6.393202724821242,6.151666605012132,5.955994815332178
Q9Y3D8,6.2074485814974665,6.137165753992651,6.132125742136427,5.912366642383389,5.899953341785665,5.920943962351907,5.826306500172984,5.875419309843474,5.917230853793884,6.0875191413643375,5.837532287258405,5.69992163499269,6.139984043069683,6.183546258092568,6.070084371791536,6.116514785515209,6.171736212591938,,5.904975515640246,5.845025143622079,5.915244011721349,6.103688563223452,,6.177807762824871,6.077714533398007,5.655362666269986,6.061545726158892,5.799311648764198,6.021749411034125,5.811261569304954,5.843704246406695,5.491695602891665,,6.21783403386322,6.095859779663009,5.837799049195258,5.843266502698157,5.843114278853421,5.81882554863594,5.837467185598956,6.079953803254234,5.904188874691003,5.829341355495283,5.920348523176951,6.022023223869148,6.017906829597189,6.025110416205269,6.024271372085615,6.213978534873429,5.809585806048417,,5.581060790508953,5.543812896006575,,5.9537776088412295,6.008006965140568,,6.1541323597678925,,6.163095971667219,5.986365045796389,5.569579193518378,5.57296634715664,6.21414961971483,6.126943673254149,5.822266569360775,5.877845188858487,,6.186781066915083,5.545727692811986,6.15565466136644,6.190044491962372,6.149269767284001,,5.622628105203306,6.186288443940853,6.219792775578329,5.850851410953873,5.93516225619,,5.917769878550874,5.655499398411539,5.938530487574173,6.040415853618319,6.053387671252246,5.901712263167567,6.130218101615558,6.035485253026595,,6.118594177094713,5.888522281380968,5.562059260752578,6.210216021139728,,6.11678359670855,5.83393829354088,5.9970386130466204,5.816531810970382,6.202324133010393
Q9Y3D9,6.473507529474714,6.503605345464936,6.402951800157593,6.588113073962317,6.417089993145888,6.548919026115443,6.3077735071491245,6.431966033821025,6.431915576682693,6.324538757647301,6.417337822042025,6.47253555004834,6.5228512848567375,6.456384511648979,6.436238569391522,6.59282728258813,6.450254864047913,6.575096019347218,6.53458592722899,6.606090612838536,6.626920014598774,6.441536709173199,6.470785669367141,6.412932842676752,6.5494282166142135,6.275114991805506,6.43779370196538,6.48227359024523,6.619078570277498,6.568259391170113,6.459145407761941,6.498672600891135,6.4367532790524775,6.280055835930041,6.497310281516216,6.441619756468255,6.371012188918197,6.354569132955311,6.348541646816527,6.472323835688629,6.555049321521361,6.583389466764043,6.453204101929318,6.397184987197721,6.6251353348707305,6.430039284788611,6.472918189642347,6.503496117754448,6.614789730977743,6.443127611961341,6.573802751521916,6.645613997188802,6.542308863432609,6.68754271402357,6.397755244173913,6.570082957949515,6.642367537212635,6.465068711775912,6.41985328745101,6.529524714267081,6.387933643590743,6.419447259676145,6.619879486876599,6.293988228811974,6.452204925427414,6.334579817852118,6.523277153529612,6.6774958318382005,6.49704787695412,6.575483320777211,6.447317738563892,6.420871795795918,6.439727448746323,6.781496073703976,6.704565195234924,6.42011199983995,6.403972952684666,6.602015994996918,6.529017851993692,6.702467328035632,6.668784229330418,6.700323962544896,6.754751340531876,6.347812924016289,6.440654150471294,6.281788633780764,6.622595603121376,6.3173536501596725,6.699314075681033,6.606509684771391,6.549071919950421,6.688929265939864,6.437031653630859,6.596005082654914,6.356160528307417,6.4659912705888365,6.5313641149998425,6.505223611114609,6.263427621553746
Q9Y3E0,,6.193356091352297,,5.815062726130402,6.073424041937473,5.7985245776901975,6.217105578536623,5.73454116665044,5.8147432395994745,6.311616372071748,6.204810665767566,6.383106267181429,6.041676459777607,5.98810453756183,5.749844173126319,5.814695808966412,6.054216049636931,5.650827380978917,6.104952882938086,6.026552279132336,6.107240636445603,5.582468919264403,6.143231273770407,6.250010716010841,5.769035054206698,6.149312366821909,5.769373686943422,6.184033805097826,6.04016728716623,6.1840067799301055,5.724582720436361,6.157142219466127,,6.196953893643604,5.691066661914927,6.0449391108934,5.725785047780314,6.014892754528635,6.00884508541159,6.21658827749588,6.147823111323823,5.804961455389518,6.188293542551092,5.921452484623206,5.745425393465517,5.7319696474687865,5.715189324686143,,6.002531879224296,5.99904083285433,6.299071135172618,5.789704844738409,6.205079064289318,5.756356690806212,5.659546916767166,5.991243742692801,5.8667230207078696,5.951910891856306,6.390204311199723,6.053521747609325,6.173760990523619,6.276013248993767,6.246809143406045,6.206286526323613,6.289984527410806,5.695269043915971,6.095161021382378,6.12626084233065,,5.765932134862676,5.706740831309642,5.7742876933368645,6.220849244688356,5.982023500038603,5.838545347525345,5.789937540300171,6.192121974733702,5.7424520528393606,5.9623818504070085,5.780451387531572,6.292469297544804,6.287374701854288,6.130845273062146,6.249386215293237,6.066189927170992,6.074488844706472,6.02800266019724,,6.301581628470058,5.6951576929415735,6.249009630219936,5.756757734327858,5.7018864104661,5.832318218286721,5.708114503250501,5.723673648490672,5.722329920304911,5.682390874540345,5.68824283149119
Q9Y3E1,6.254841951852686,5.553349587847096,6.043148130018314,6.260663664233597,5.9263196942382885,6.269764852749125,6.041553125932905,6.427320156530016,6.267621995160288,5.96166458385463,5.871570616755899,6.039306955248204,5.896496542669792,,6.076997975941394,,5.905227020283438,6.192609249535821,5.700207478690415,5.864594333813244,5.940885573449648,6.306232262878599,6.231126862135409,6.22190253052077,6.323423428155278,6.159936855857728,6.085528751796981,5.541792192636591,5.875822328091108,5.847842262874752,6.3408063967245285,6.30637933881476,6.32766182472627,6.348836522653796,6.128826113631252,6.442497622165732,6.187610593284504,6.362457104047254,5.559529233655415,6.0544160588473375,5.806075751843041,6.129004774979031,6.160386470271481,5.930813763398159,5.881527553997944,,5.566445178797586,,6.010667690887479,6.03688838838614,5.655230171787335,6.240330263857917,6.044973264892054,6.211335394310037,6.287693898252616,6.234979515585852,,5.490122795928989,6.2126196857827605,5.894032601075575,6.010534499169996,6.247073024292093,5.594033472967745,5.5533031121070655,5.635378030593527,,5.924644910182322,5.654961113111283,,5.8990204542486175,,6.226700644991318,,,5.66969118737538,6.220803193423507,6.043528099804291,,5.980164857461502,,5.932097223172344,5.93262948742466,,5.885166764429597,5.891022120127622,5.608632334425479,5.561084287079171,5.564927008971146,5.668375257546767,6.141453130055028,6.391499071919311,,6.14786771509757,6.15009981777593,6.032920051100828,5.845124553024794,,6.263959849289865,6.008725789160211
Q9Y3E2,6.198892211676839,5.90749006885361,6.323512405208756,6.004267904364523,5.676248774834113,6.301383129088026,,6.115787345866268,6.011962211266089,5.717731696400269,6.2213556690425325,,,6.169083129235614,6.245083798419872,6.195236030560184,6.2646085173540085,5.844171652654931,6.156979947360613,6.220060622366392,,6.081476838108873,5.8569517448691455,5.654959602060781,5.685723232023529,,6.291396873174252,5.909534804348372,6.239963521397868,5.599172298486461,5.921908540735937,5.574387124853518,6.074701646682563,6.215701612379999,,5.931448510843761,6.108727200723634,6.106000630181608,6.0739985244396895,5.622390609638803,6.027105162492292,,6.079828996275999,6.117935279478012,,6.10478828186688,5.613152396439868,5.822929733933594,5.577660991786154,6.079335757759449,5.995465629317134,5.990302203378024,5.626556482809343,5.661368436140633,6.031055158173484,6.190693713834814,,5.846690082330927,,5.641965046796801,5.588924633040383,5.672894989861459,,6.209959090723576,5.993511008635385,5.582330669339845,5.681097371260223,6.01741419592177,6.0432079361668425,6.127169019505264,5.6388951603750845,6.274693753018474,6.113024843668331,,6.32917765762918,5.973825284908032,6.075921588626327,5.656245159534771,6.032165987088215,5.985337415625343,5.711517687262606,5.97470915747552,6.191884442712459,5.650976661154533,5.632264624297598,5.967648310307973,6.095238694258166,,,6.066135494401157,5.658388183278912,5.956304483918167,6.197694376989774,6.207427950770208,6.2013259115555215,6.084886353708507,6.216763672770905,6.059996435735444,6.073303085958785
Q9Y3E5,6.434781064136733,6.383000292448389,6.085211569692684,6.795645821897944,6.253961035354812,6.284774123695859,6.55327679676591,6.228740275722595,6.7225120559733575,6.673871486188958,6.66223111579955,6.758500316128007,6.491290814268719,6.422421155176888,6.109527637143342,6.18046325565826,6.651178374072092,6.580548662687587,6.601796948490671,6.568618205032236,6.786348572919605,6.547466458299223,6.671334986806844,6.509095921569651,6.753756562784149,6.42849978388081,6.364348679426128,6.685636740007443,6.750130180916002,6.687795022909926,6.516804463219203,6.4138903372052525,6.516055214998217,6.188689023470052,6.658685236160119,6.3249807842214665,6.080799117937001,6.193767172849178,6.765857100057104,6.408247535066779,6.609226863066381,6.745891248268106,6.617612490264198,6.651567839819631,6.750069444484973,6.537552908713476,6.307756826569214,6.428045109798776,6.709738230626625,6.63199550650185,6.719707683293408,6.688682191747772,6.578298340143588,6.704646979973511,6.642532968656561,6.541609436883542,6.717011367771528,6.443490663691271,6.48898666004783,6.104399436917468,6.636019042619832,6.550863232429519,6.697354742692276,6.576041270680287,6.481924915740299,6.439198940266239,6.748950394673009,6.763901660003064,6.520043303250768,6.558496676117271,6.298469138586313,6.438320786777199,6.417142683696431,6.7267342054653785,6.574952708152772,6.591247350994059,6.695505015477768,6.474569796111474,6.678280850411918,6.71728401423564,6.703464066571534,6.700399568271614,6.683425278556741,6.437932423293183,6.496256059806997,6.708971337122577,6.704972195645154,6.100195379538546,6.887203159579307,6.44815632941971,6.659922209030563,6.767648315097906,6.506079648578735,6.542742827444007,6.447817010226782,6.455556995426436,6.614401010997071,6.624394867209961,6.474222006441097
Q9Y3E7,6.143732686774554,6.171137929045211,6.176646538488091,6.261054004978849,6.229838623658745,5.661177388924632,6.162025701290754,6.205688525647231,6.134897625935803,6.153498976452787,6.281650345116775,6.354443918979463,6.203668959909276,6.237498335718378,6.06941513451963,6.280197859204022,6.203989804715393,6.13273371452529,6.115906362219237,6.1686309446013965,5.9520756705780125,6.134178768711914,6.124562412140095,6.213665120706544,6.242242288586808,6.294982925819635,6.211965877015556,6.157033735584109,6.210814573746868,6.151996088918753,6.201308174874885,6.14970827225453,6.141806057616083,6.28066511418532,6.231947382879715,6.203589778613274,6.204647630077428,6.190674265323223,6.168147432869378,6.036780772433362,6.108909672013896,6.248306748399742,6.177945853605195,5.95874320846756,6.197152507049727,6.298849766325667,5.880234622560696,6.068886987434411,6.149345775136799,6.153042330476265,5.95130062212372,6.23595022986755,6.057481733481489,6.220496453868542,6.110697761445445,6.016703682894063,6.013696547204477,6.097664312935393,6.221929918011296,6.206304452722025,6.012068187803791,6.10269519583712,5.598888035767919,6.185541654008372,5.952828181937939,,6.109961834061897,6.270713778247573,6.141653626363952,6.209111696558335,6.042773165002133,6.236862328225108,6.197616707207729,,6.151919253291767,6.236797311329036,6.162941049318528,6.2068248152220455,6.207978307032467,6.21507389936245,6.248957943484482,6.236401094514644,5.957303043155466,6.202171789060404,6.209358342785954,6.236284824312619,6.057417995683173,6.063834917117891,6.257257033109802,6.140323120656541,6.206426874267807,6.2119139085242105,6.1673013179312495,5.974090587249887,6.154513839058708,5.851410858078922,6.272192415007561,6.137057556667072,6.142639505361615
Q9Y3F4,6.71703297411174,6.6958264596145485,6.653621098108984,6.401747821321647,6.695388817576264,6.542055248849139,6.638190881559186,6.7206877573325485,6.689655010479862,6.718706388516306,6.734959130859144,6.745670085843095,6.689926804865258,6.673982545313693,6.742690500040236,6.649312114924776,6.754599195440834,6.579960058418385,6.65201021535548,6.706595700964323,6.706338615478092,6.603577819073097,6.596751522849553,6.636275863332898,6.670454770303586,6.725299127677396,6.724207528682558,6.653348161627756,6.638991423782908,6.661801561989725,6.750621085048008,6.675141161485364,6.6286979315421375,6.5912747033141175,6.6467083577272295,6.712395373725978,6.693646643104144,6.625970063925719,6.619828373647781,6.62095104619514,6.7181888159449095,6.51116584718649,6.614817387386749,6.471511895538971,6.781053704378673,6.676305934414729,6.5084389361378765,6.770899036744623,6.566633102025548,6.682586620083704,6.41443759053611,6.641586779128795,6.662390687051891,6.375050892359399,6.659931891290186,6.724524641935577,6.453705727922834,6.660406611100925,6.63964213273683,6.820990012105447,6.621189228465141,6.612195682777712,6.701621122432417,6.6616705490750965,6.668851950433753,6.6532153070324265,6.558380436920391,6.520839223599586,6.675353359124334,6.646935126524118,6.669887725700848,6.8263803386812265,6.707198811805622,5.91245947549006,6.5140106346224,6.741148019532544,6.734324068151157,6.6814035851760565,6.593872151712478,6.425141483180909,6.726604508760474,6.411807883528198,6.497810842091608,6.669726039278453,6.690097865013498,6.73812183987606,6.613992579074276,6.677410273219689,6.298314914492555,6.61666246092237,6.874831171303117,6.659321216281482,6.692911852008207,6.464941811595486,6.72559102943489,6.647671396719625,6.634775164033325,6.772961087466428,6.697733320988935
Q9Y3I0,6.633191809167465,6.660250482696277,6.633315356437752,6.666905203524751,6.6708870549985,6.569510636137269,6.610003110027932,6.617922340066852,6.6644133043865725,6.49564441902596,6.583307985590258,6.447015461642369,6.6048144241430045,6.43030622782717,6.64132531912168,6.628410429759919,6.660505194903029,6.517117237529938,6.453865902762072,6.564776877036378,6.592885665533394,6.547774522010901,6.584966114727967,6.67168633876156,6.666269726864204,6.628972847252635,6.621263700067948,6.663151442137537,6.533124232577583,6.6425916068686215,6.692602412574249,6.6970551400107485,6.610575792297428,6.615904826672283,6.581503185834963,6.635725719282508,6.506270654073425,6.583077057169785,6.577679400444133,6.62275635930048,6.544767676251709,6.501053941829801,6.554574433910762,6.582206806963442,6.692341071875889,6.668111262473062,6.61404847863767,6.631539649682233,6.550882895992622,6.58949094488783,6.398519140560378,6.573265246656132,6.235237875458913,6.415143439444687,6.554366623887146,6.618379597311792,6.666597963615482,6.659180077684386,6.650006877623248,6.670370307678142,6.595540657713798,6.608528439287924,6.598933642117473,6.654959130027184,6.3225400843037045,6.683282662750156,6.478389609654348,6.370883703704532,6.639821917355158,6.525885403033163,6.59305568489015,6.660946123077798,6.635213811645551,5.969073273191576,6.404824305736739,6.71650954802991,6.734593925337531,6.554676920479164,6.644354096232658,6.499730463200958,6.582842337750873,6.397314974622011,6.528507657323734,6.537330443557792,6.543026488055874,6.637869061900034,6.425958891492096,6.591518835261892,6.396753494772167,6.669205371650169,6.766476516152248,6.600810362261328,6.652349310369883,6.421153372169176,6.572000514259626,6.536725774454654,6.6449001822893,6.686972819546826,6.690104587212963
Q9Y3I1,5.610660451341785,5.623016085034774,5.641139618048928,5.427589158932916,5.850215040623298,,5.612989638081875,5.354393976131957,5.421892706001632,5.42232296940782,5.630249069972013,5.510631407329387,5.353079195076048,,5.352662425070473,5.723196874808648,5.37231076967903,5.733045616719458,,5.321963827548951,,5.497284209223987,5.283097228882199,5.368869772925385,5.678334178954952,6.050547824824715,5.379434766952726,5.787051834235385,5.351939618135143,,,5.29093834386031,5.3036520622414445,5.3285406870795775,5.297704738899891,,,5.328690246771132,5.922525628448653,,5.749081368568685,5.411198041830241,,5.831819389086503,,5.639897374677973,5.355481626380309,5.8402412729640725,,5.909784909413816,,5.395315622360594,5.335169883177314,,5.270504165602967,5.290599230666645,,5.855534469991836,5.509572502680717,5.836870542575208,5.306473930714889,,5.674462999624929,5.927726255694521,5.415196007791909,5.7861915079424655,5.380679539843448,,5.588900482144141,,5.3394243924108045,5.860277762416555,,,5.458172600928765,5.870698271778636,5.8008365066815895,,5.263769753183718,,5.4250745578242485,,,5.838502705050164,,,,5.364898811333401,,5.302049887455304,5.377566881464329,5.666910354930316,5.627251631741767,5.736897761784861,5.31607878688556,5.623115054916585,5.324767378388826,5.298839718892872,5.774655384087444
Q9Y3L5,5.398532557955754,5.407701665072556,,5.814304004328621,,5.79988229731092,5.900476302514761,,,,5.42334290892707,5.607298349729248,,5.690860533012231,5.455016735172392,,5.459667030227483,,5.491992242894856,5.41727329334006,5.501620602171635,,,5.774260295152701,,,,,5.437074133542314,5.709520498232644,,,,,5.870562098409361,,,,,,5.679303925635147,5.820138045041432,5.424484796598983,5.621214789915692,5.736342211359086,,5.721684927195811,,6.009432288332922,5.396092298158599,5.53763221501371,,5.425059655148193,5.766342814165438,,,,5.959327511069352,5.606729905589392,5.447439994473101,5.69670300169522,5.808929961376098,6.17081279830054,5.412731196518049,,6.01753568989577,5.963585611656932,6.024950190894243,5.858929668573593,,5.417496156887159,,,,5.564400984785275,,5.41443505843664,5.751689222832118,5.668137727473403,5.4802017024641785,,6.119194702843483,6.0045315048788535,5.466848230787421,5.461883065773956,,5.42813094149703,,5.831351391131876,,5.476040313010831,,,,,5.43356415026941,5.724113626341071,,5.691553044421109
Q9Y3P9,5.782043254795175,5.699316352803215,5.653124754105994,,5.340696898355541,4.879615585007111,5.704570004331636,5.69951762393454,5.37199230083162,5.74809098878874,5.9971137432213855,5.2880253795105165,5.528308728732526,5.679155151838035,5.3305119074188445,5.768594897871443,5.617769229177707,5.522154441318393,5.356903620850455,5.648588886957449,5.583364095596121,5.850839177904341,5.449345910649138,5.7640439087109945,5.700425255266257,5.405969626174895,4.855733784437495,5.565697102921352,5.525100503321627,5.488910624444381,5.725238214364534,5.550882150695663,5.741026894048493,5.760849980449984,5.950222154965585,5.2955818229347775,5.785553764090816,5.708075866464612,5.397628867155645,5.514827445585094,5.874422145641228,5.453208705907132,5.645323695116098,5.857527633336729,5.721675174280492,5.727928032513228,4.797461766954383,5.011646875888061,5.252709813532042,5.630133429095593,5.550431350715721,5.6613043167144985,5.660233259071232,,5.90266385189101,5.624510742884713,4.956069498695876,5.641623076876337,,5.30963928842675,5.775553515634979,5.651042402307395,5.5446834830299006,5.40707532909066,5.487834464900054,5.904116961167643,5.165313799680801,5.614743250259834,5.60835292662722,5.622943943996295,5.579488592698231,5.818900099102095,5.677905314248369,,5.532322858903038,5.472296337260066,5.642958993478837,5.728909799813881,5.754659200589634,5.461833641513451,5.681213383677932,5.199850770060111,5.240523513550481,5.754499984954349,5.618569106036119,5.156779577015003,5.664991984838019,5.5280421020586745,5.506736784730098,5.835888511607614,5.70055494760412,4.830984629364101,5.700698832853433,5.210765928085659,5.64735866750969,5.271268006034621,5.578832855238908,5.866584771968437,5.685008685415057
Q9Y3Q0,5.194103215771524,5.224614618114946,,,5.103087827762404,,,5.313674920239874,5.000348309745149,,4.952192197585939,,5.012777379872155,4.961240441975498,5.033225919594005,,5.000507577988408,4.834876286465734,5.296501846006199,4.95106585571653,,,,5.035880683332465,4.988712448552492,5.088473482738624,,,,4.904114934989593,,4.891117435117689,4.883598275374748,,4.897998775400944,,4.987705187252735,,,,5.175386885320953,,5.60871453519532,4.836427203839752,4.96557231839586,4.959128222665096,5.206505775777682,,5.21119633352178,5.220043246902223,,,,,,,,5.178605428751069,5.27457329056697,5.093119345278484,,4.985830825185637,,4.9589209923914295,5.000871720181696,,4.991457210699748,5.329787412012883,4.864701116926106,,,5.066643417010287,,,5.038331902288476,,4.950757603651886,4.944854647797058,,4.960799207104122,,5.328412625316685,,5.566558316907384,4.957180581550914,,,,,,5.000955531791674,4.97160891957105,4.930393779380196,,4.929655651024802,4.942574322509734,,,4.944833398497543
Q9Y3Q8,6.2320890555725335,5.265822117120507,6.246146965017461,,5.32883879809751,5.9572048850574175,5.960598721636637,5.897263637000768,5.8422859899421,5.382278841099405,5.7597100472852345,5.756133094723543,5.313562494500601,6.153139478369727,6.319460053727662,5.367622246088534,5.91128261426977,5.497256460045964,5.646650476490995,6.286962624125179,,5.134814750498098,5.924800729661956,5.314709695758889,6.175314894676856,6.358183085213772,6.180698060819806,6.278446893379722,5.591172686180641,5.249612764323587,6.054329625545643,6.016612061807894,5.244952658544585,5.743655896775114,5.539168420131251,5.282411057378534,,5.881031552313367,5.965049349479733,5.759901620450746,5.214208540954367,,5.55696877107268,5.784127894749842,,,6.20049369731916,6.083452858403618,5.273379344166413,5.9456055017150495,,,5.280470483402377,,5.685984615461183,5.235200639223766,5.724859681442841,6.258294551547841,,5.598104391392963,5.729896948307866,5.341974837461493,,5.971968317218269,5.354047542264252,6.343420835526175,,,5.713011256512069,5.305534564433218,6.280892955528458,5.9317484401276,5.59109166599613,,,6.18858609563542,5.740210932294593,5.999578197311188,,,,,,5.307215111258897,6.0857973455931855,5.318332275129218,5.754961076105158,6.324330551118402,,6.0254494612731335,,,6.22620331480492,5.679486485573123,5.737529902136906,6.1793732797417285,5.751828366218611,5.843719275151307,6.254021599464808
Q9Y3T9,6.12563325036145,6.006349063489168,5.8338951644166,6.24125731229809,5.818812581192658,6.150690618420624,6.204050479703017,5.99599081571467,5.935424598621165,6.0026404109273255,6.109227529584745,5.9434567392833175,6.082451306506714,6.333150270296255,5.785979907549384,5.638398339548221,6.140206165814929,6.122757608971373,6.288064452593117,6.245759406185846,6.192363913080991,6.213562557273358,6.164595682304181,6.1904237303679865,6.16563807910439,5.886160278825589,5.956375008913137,6.2037936993972265,6.232594687262428,6.331304995498618,5.907616028957702,6.134851121160004,6.30635016358843,5.82737049488891,6.069555747404305,5.7782442089147645,5.538866863328627,5.654995803511582,6.286880564874048,6.323551421728354,6.363832877634178,6.331145495284985,6.199506039862018,6.341592243438034,6.230385566918782,6.232048660912408,6.180091843220843,6.327925617182048,6.31029466806834,6.354290660622786,6.286448565578853,6.3413863734654665,6.25819853814098,6.318027135916132,5.705483997689915,6.28426052705691,6.050981560888444,6.282219660325256,6.091983853826681,6.055166975431444,6.2929935819944,6.141205397031689,6.389968323427702,6.102378410995064,6.053266945226884,6.158447402127641,6.463154987537218,6.442938405427293,6.254880838918595,6.321288280581985,5.834285207610564,6.160136407506744,6.322180554973103,6.407256703989796,5.957765220968953,6.08084035854762,6.240995502246099,6.268749776109065,6.153889846894631,6.275231765958896,6.272047524004792,6.483376193294621,6.291942718028126,6.09915738706823,5.581164965460835,6.014427469946471,6.3545084508635625,5.782401225870058,6.458442966239091,6.223075564561798,6.152982136824811,6.347024022506805,6.090872005122247,6.365032916505201,6.2672687400047495,6.245344943445625,6.184396597567229,6.02715410947378,6.074398093697728
Q9Y3U8,7.152369060513699,7.081268884233008,7.0620927153785695,7.047466489443106,7.119820520427285,6.953775561962439,7.091445358291574,7.045298581518502,7.057649975006148,7.115868348189981,7.07897140133502,7.1298435105224165,7.024698969727146,6.929379101049151,7.118836105191923,7.062779581803902,7.108240374370038,6.998685889808385,7.008968521275311,7.137285848049325,6.987843715628216,7.083177297094421,6.987876215449306,7.095374921490115,7.081866021713162,7.014450821316303,7.006998551678349,7.066871633921226,6.96600552908024,7.105117558868383,6.968343114743896,6.956758474586886,6.925511037955101,6.948238054190645,6.963897573446962,6.965794837052266,6.950407262340168,6.935231041490641,7.0533333317895135,7.1752586078299965,7.072909322892499,7.027119892135919,7.014980574035478,7.104290915223056,7.121689194505064,7.108121995584918,7.099390247446305,7.065061158293636,7.137892750172426,7.08495359054662,7.077883762957052,7.049048374099517,7.10358651907068,6.9040974703313385,7.060084525852389,7.210821381521477,7.042546662386996,7.065813616144333,7.208572662894573,7.166665400990675,7.034607319367416,7.05675499653294,7.051182251917163,7.091229939200924,7.180343493729387,7.106171286199873,7.071118294204309,7.097469457979232,7.129509098180494,7.01269657222368,6.987984203993598,7.017500715131189,6.997928509318054,7.19766415068583,7.0612044632199,7.170902555425745,7.16010059355963,7.14193974257926,7.031836072252967,6.991332036275164,7.147957065513449,7.082322708776561,6.970126338866542,6.985849861897153,6.843291002369723,6.979512738355666,7.008214585770327,7.033954364869019,7.096266262115829,7.122697761583875,7.092953799657964,7.113203691082143,7.006455603681832,7.058939774386133,7.110275181882031,7.242328991395597,7.065049297885913,7.114917638939518,7.070121297869434
Q9Y3X0,5.64144029189855,5.946672135355654,5.88232805797783,5.25641505855616,5.834729177115169,5.862655834089999,5.641758361972735,5.802331656964543,5.261708579328803,5.765342145637076,5.472938170220697,5.835295752425793,5.903412960862265,5.746624480902542,5.8080234639077055,5.873638177388872,5.675826974140045,5.59380918211511,5.729893198150487,5.779429265560763,5.245062634289778,5.888220636649209,5.968864502876153,5.703142399376322,5.930771764652391,5.280937753907652,5.844099948644237,5.636785523459432,5.893332380734851,5.453784950909894,5.786042284760278,5.8441872754048605,5.932527907906623,5.773414301745327,5.845201323469501,5.6637610233407,5.796000123620626,5.78080418828598,5.765480906675918,6.049194481718632,5.7251772505000975,5.869507815071846,5.865981148543661,5.559700160109984,5.668218094839305,,5.645574853512271,5.84929071649428,5.855449999097406,5.444816883830005,5.7446038600363725,5.712615197521896,5.474626864979979,5.515645359833727,5.71593897844054,5.765129555691289,5.305759120708419,5.814703153197935,6.0548419577503,5.6826755541113725,5.617660975049891,5.847981537005519,5.694318370217296,5.652773829627676,5.967504777983927,5.453154040443482,5.702757222198144,5.274488240606504,5.820426917747353,5.840334719186735,5.958034587768765,5.703717756979948,5.898664184613798,,5.284186172866691,5.531477471901906,5.767991913997514,5.692455989329299,5.829124576000508,5.844234807602163,5.726577356498802,5.546122184645834,6.132166925927847,5.923042614589366,5.681194037084335,5.697698974933405,5.486921329383135,5.802801052225319,5.748980383118324,5.864397870014156,5.698533862176873,5.685318769927489,5.779780356895508,5.890134186501526,5.880044322281119,5.871635972970445,5.876744423780631,5.750353810855161,5.930999965976666
Q9Y3Y2,6.315576663974536,6.246564423918427,6.15548438698657,6.367080949726592,6.211170254959428,6.239414416722734,6.146350046511969,6.177532385817209,6.12244396762772,6.12749480176382,6.334816300055138,6.205241738791542,6.0567648541658174,6.129458004376895,6.065191099553849,6.248875410321944,6.288923317280101,6.268571209000511,6.324048701536789,6.023040021368492,6.347268053953833,6.271565343282775,6.201305606019513,6.201100069216033,6.204211746621215,5.971788686148504,6.20839004407595,6.2407228469610985,6.171763754415697,6.2361389462043135,6.161558584452872,6.221461651295416,6.230823709485293,6.327211195056476,6.215518588713817,6.167512733082877,6.172097808714208,6.342700601784118,6.240663083735453,6.353173737394634,6.202985307586682,6.349356562304411,6.246783114334978,6.152570105883978,6.167202917503469,6.2740528903648425,6.157166616823003,6.056890594549533,6.316212643657831,6.2346127197683865,6.254458820737222,6.225403405232407,6.260173753084219,6.291612907447259,6.202373076725266,6.231297668819317,6.414459676869671,6.182254411089387,6.209063907471101,6.283118195658023,6.303460489421913,6.230587414131717,6.298304388575192,6.153954512000643,6.108939661350924,6.30405533405056,6.317348359957478,6.375261204350463,6.288341412278792,6.384673400017801,6.147617996873781,6.210171579986727,6.352382619716778,6.591261127700742,6.462367442740218,6.220580762254167,6.251526961672486,6.2839335594759,6.277793334950064,6.312435002068989,6.236779204181199,6.334720321638568,6.25232433923612,6.195160937770553,6.1868499077054055,6.382100020880394,6.26398661527443,6.278155256160675,6.356396723751912,6.234140063380439,6.2995359346278645,6.293199379828724,6.2388241185044855,6.27370164833742,6.242806400465937,6.149379251715985,6.250487373672371,6.130328455122777,6.303349875527009
Q9Y3Z3,,5.55071898138636,,6.144156938885141,5.004177386530436,5.043780957529398,5.8023315937743645,6.202051175570267,5.663283960723124,5.381161126261273,5.438813954545807,5.439236882739216,5.583226422177606,5.775822650101659,5.29504159975019,5.057406046783245,6.323060450223995,6.180835914971495,5.540016047940371,5.810114550809121,5.523387440411352,6.3122895461700175,6.487115768512153,6.328766755577298,5.321548348726535,6.0444358489894405,6.094731694626379,6.260462182755295,5.454189102918089,5.643788742356534,6.081536995271123,6.323531328620326,6.118462244741525,6.53096843972423,6.259192737004103,5.571577421005928,,6.435217466462493,6.209224926179506,,6.115433715987461,5.354538899301566,4.970148210258602,6.171316656218343,5.459292778893455,5.97690208748119,4.952667853849341,6.586682091105001,5.784161363180102,,6.181018926706396,5.040204013713282,5.269941138957041,5.779344487076712,6.309412433832281,5.9787069564146345,5.415817141391588,6.367495877337813,5.4482737213637655,5.476339490426991,6.1129070236976055,6.152933442712781,6.367558757514378,4.9464878276073305,6.5147135774474565,6.454196944553239,5.02560614273139,5.546541913607094,6.173384909134354,5.963081364865613,5.993419217757789,,,,,5.6324316820353815,6.135332007053359,5.277302935868407,5.858366023524939,5.489258831532865,5.367432916221075,5.340817500692738,5.365561771393458,5.479849132376252,5.908777089326148,5.721976548690914,5.449615130615293,5.889133659084233,5.84509518863264,6.057471679903637,6.009624621347189,4.988657111969322,5.24127531496049,5.689300545816921,5.733525704290622,6.221242664486025,6.109302650001233,6.075832650462443,4.922004573310249
Q9Y446,,4.842886538581469,4.859358569517706,6.538508428554286,,6.700632423587955,5.155609005320587,5.190466140229458,,,,,5.192861557357279,6.507637533434869,,6.422083175246366,4.891047838056723,6.148379163681499,6.420792549128825,4.853921818709431,6.693302229078159,5.208869709403355,,4.905117282470909,,,6.494627222420149,,6.369321699603246,6.585140838681057,6.3880689417639225,5.670233803147278,6.509720434136352,,6.272652713464014,5.83508596731195,5.3433262746914325,,4.845242021924569,4.873277789601816,6.069445437980706,4.996473963471446,5.153339068654954,5.548730313988783,5.168824978280954,,,5.547806041389959,5.154341313749516,,6.715090792855826,6.723084370151312,,,5.108545136679726,,6.508765550577764,4.794129194621579,,,,6.055563748498523,6.393321716752066,,,4.829423340405072,6.623923432084722,6.708003274864805,6.5001296735776615,6.660375057806695,5.144053342699242,,6.547158593243527,6.785752912610167,6.809845270948743,5.526791033826751,5.160238223917089,6.5195581912058085,6.609083912069855,6.711817427072457,6.567880401514897,6.557714904028388,4.97307537788393,5.809522183260766,5.6729669677577474,4.932855627868749,6.452308735708645,5.181663841812331,6.653751344868415,4.8359461840031335,6.117243492928406,5.186963602094703,4.836641898646042,5.89409600387504,5.553477563550532,,6.513515002260334,,
Q9Y448,5.9287982323299655,5.8445846136059165,5.867297329882144,,5.609121748563444,,5.723488515656679,5.578993621133394,5.341172598902894,,5.551722968377757,,5.760391771706165,5.693826113464986,5.577536272016184,5.654572184659728,5.983989125681049,5.171113321799767,,,5.344039646826337,5.820981673625618,,5.295965042632622,5.291913799487036,5.383362992186495,5.296032904475108,5.23529657923107,5.270717014854569,5.835835300170013,5.751293048475521,5.691732430773218,5.7078078887621855,5.552532914219792,5.814274604855777,5.566071116760023,,5.550443633581549,,,5.904728080436869,5.325620474937996,5.716808293609176,5.447901019047784,5.873252588823567,5.961712880551751,5.545353381377435,,5.703987293088906,,,5.312840819913195,5.7567880190537295,,5.498720349081202,5.92971363054102,,,,5.7746045966651565,5.825761748492939,,5.290032565509235,5.546301604380396,5.326976717279071,,5.311371953685589,,5.684274682067949,5.29346286578677,5.850832092413258,5.304219240927273,5.975403610220729,,,5.613067764020902,5.544194524558611,,5.661524685625901,,5.3287261440404885,,,5.5883401640378345,5.272233191575096,5.297794102462119,5.735254566954231,5.753020001405607,,5.832322850214913,5.89207812129312,,5.714317466033924,,5.96068417778898,,5.239460387246876,5.928090464747479,5.69884279028481
Q9Y450,6.247485880975534,5.870542911178773,6.158198034950187,,5.281777976316628,5.598917610756152,5.993273075522461,5.789667373204666,5.494367035308729,5.800427404145193,5.624034932481547,,5.727478910597459,5.189827466543512,5.66557120377912,6.259002097247635,5.800487596562675,5.760393337834861,4.99261060017498,5.877004669866189,5.001343385150254,5.90562340732664,5.339484301140434,5.267012541167707,6.254344490385937,5.8918535671861605,6.421365668825386,5.608744562601513,5.244849609726807,5.499511177747466,5.832587781028261,6.1151826272896255,5.856716319565936,5.813800607890568,5.9292040731639775,5.7847189456533625,6.012474706060531,5.760106469867928,5.209313825901813,5.978919225572106,6.018779078722542,,5.91307097659245,5.671524548365517,5.841146345217631,5.6322036839618,6.034143929418248,5.435863715451515,5.49685025661473,5.203461346595012,,5.686896453207485,5.70945844172825,,6.011844303498043,5.892287936999945,,5.97562327064247,5.5841908311778266,5.858595481144295,5.937483955168382,5.59598845766331,5.262892929189353,5.519141999610258,5.009462379754012,6.015321034485374,5.459507158815944,,5.835580860533885,4.95654547087486,6.092037944395361,5.935318797193369,5.542742388711698,,5.038654068952033,5.288980394887234,6.095954070700894,5.6514614071227065,5.554668048209397,,5.909760150157263,,5.321137116258035,6.107733812180655,5.7333831718591455,5.447200688207618,5.972966518688309,5.72191217857045,,5.6789811348970325,5.870950835538529,5.429308319341682,5.987734193660842,,5.69716147290861,5.694466400328287,4.914909702702293,5.737779693747724,6.201187963358585
Q9Y478,,,5.649475957460722,5.930932420821475,,5.429741876210437,5.651501299332399,,5.444336527383092,5.444549132875754,,,5.687870093019223,5.796618982086287,5.38339459570819,,,5.900730375989637,5.733085876629153,5.346453442272662,5.743871411102499,5.516141594406424,5.2906342319868,5.405808936454691,,,,5.337713608181413,5.857386669044374,,5.961340923318579,5.60855099856304,5.639302350380549,5.946519569976265,5.795364619986727,5.434384160541938,,5.343885014647282,5.659455223520144,5.669852411581114,5.6016616865637,5.740632393219773,5.337795882989866,5.552574943746478,5.664894406396639,5.369687315964476,,5.603167503993011,5.3253284118222215,5.809881586829891,,,5.358243559316547,5.394271506356346,5.5930662104390585,,,5.584987899430388,,5.378357119474656,5.634317027692323,6.1282897579159785,,5.353135675962087,5.426528701550701,5.36555677651704,,,5.789083275375567,,5.34221630172252,,5.857181596675531,,,5.421470733110639,5.35188314101857,5.680233877916952,5.772501061795905,5.707986906724672,,,,,5.687497411852887,5.423352731464343,,5.374035511242775,,5.803977513494203,,5.390626851719871,,5.472671756707324,5.645246578641899,5.39689608729678,5.651972340010407,5.318251605844232,5.629580040187938
Q9Y483,5.289855501744177,,5.332956153539491,,,,,5.5017192801048855,,5.095974462326695,,,,4.962996646485823,5.33629939572081,,,4.935375788209422,5.077493312902119,,,4.868063476833805,4.982121368924322,5.0762242062924665,,,,,5.0120403569357626,,5.321034246415794,5.262187282781242,5.451793200403999,5.288627458849536,,5.307080492965419,5.008319412871382,,,5.498072001664258,,,4.982487097351602,5.240821859930732,,,5.053447661339222,,5.011736856084604,4.971176752889639,5.409562645629693,,,,5.257280439119287,5.266913181786412,,4.941008603722086,,,5.009181772042093,,5.034493591906848,,5.399258253488062,,5.362854130957703,5.113136405263071,5.254457038621491,5.032003996747742,5.294597907683934,5.051623267614129,5.015022275308909,,5.128969369148209,,4.987675060738545,5.317345141085367,4.935697806869843,5.364797558230183,,5.373471540434256,5.0934095859492485,5.0344909441720525,,,,5.017611781070744,5.111037360793049,4.971480278552464,,,5.282599248923921,5.457760645946265,,,5.003156224286052,4.966497159181707,5.287409877922758
Q9Y487,,4.89400050674056,4.90849805284866,,4.946822797983621,,5.371747016578358,4.912591887880755,,5.298596022923021,5.204600650879714,5.076975190321474,,4.873674222626985,4.929423146008822,,4.933263268363749,4.8385763193799765,,5.199053354216505,4.993117727208689,5.238981947824381,5.317657827044745,,4.944115598347444,,4.9514995013979055,5.193494971988552,,,4.901457606560896,5.339411083836265,5.175750449622544,5.489755263517887,4.868467902257299,4.925385137712007,4.924019377218998,4.891275327072363,4.886541658569204,4.917570074607598,5.32840279188718,,5.181712053030876,5.10706249624448,,4.910178821948756,5.195591197120495,,4.869092199407408,5.354186880441214,,4.963804382780189,4.909624492617319,,4.840869753100471,5.166991112293739,,4.825429312946127,,4.939325215778983,5.17523070885163,5.278456270467711,5.23819119506834,4.899685207509878,,4.886324133189707,5.2597505217805285,5.0025818406848375,5.3319637076168656,,4.891368525929508,,5.216930550600015,,,4.97318910222832,4.900761483317508,5.22190360772315,5.135950149519349,5.25190741543537,,5.272655219878998,5.00161515834359,,,4.960659489312876,5.390778557503577,5.218365402215202,5.2983325535047054,4.880757885622988,,5.234481849160448,4.888891770195306,,,,4.900639937498662,,4.874305289214847
Q9Y490,6.6731703994925,6.701604544866624,6.731566931600083,6.137889596101321,6.659060554819724,6.29306617108192,6.51965523839139,6.445690353085094,6.688131371872576,6.744958380285087,6.537173136921828,6.854531262489574,6.737838290215144,6.452292692142494,6.545033703378017,6.538416612564877,6.552517116675668,6.418673625503837,6.361463344024182,6.666674003867631,6.574558167731874,6.262405978333706,6.515527692330904,6.79235953091625,6.697164831722967,6.720820358062086,6.654727271097821,6.627514024898471,6.49498405065153,6.264326210454649,6.494293414690421,6.376189585983466,6.264696018942084,6.545281312227736,6.623999133066409,6.425359973324032,6.40004264571255,6.488116182996358,6.610449520446578,6.744983545938536,6.6050285313668375,6.427711275276727,6.630990710604047,6.573101852928247,6.620685757126154,6.581598055585944,6.679099233993975,6.726190053632983,6.454308844549766,6.579728093514426,6.283212508583141,6.401172628414972,6.638506875990322,6.501186543237049,6.426247212296943,6.600256199337336,6.242128548742914,6.637044202630161,6.77586289589792,6.776959958958523,6.689442220197506,6.648642876824087,6.434868187455622,6.714778435593674,6.766045564722314,6.569300535813776,6.309450097158189,6.444760373366806,6.56595721467413,6.500902687273592,6.676497042323099,6.789942836827155,6.540286446422683,5.99038228309588,6.19662990685017,6.656390543204777,6.613660029076285,6.442059785929953,6.536023461422079,6.034049892240958,6.51403305127943,6.239945780249556,6.528519410373946,6.703962104187895,6.757356918024728,6.72068385458652,6.538024186125156,6.69938856684017,5.950243488342129,6.64926002032805,6.602802712990964,6.467445117316128,6.593424058726461,6.449821351483134,6.72775356286799,6.628394389673405,6.490749629534893,6.459103363666507,6.71353264820304
Q9Y496,5.249272839391859,,4.9812218332512765,,,,5.235001067152483,5.575671364466556,5.348241456041502,5.03412243517671,5.423717217378895,,,,4.973439210052647,5.539324264502207,4.987886856931029,5.365667875013676,5.320796897101982,5.244135432865451,5.033254082698308,5.721447166897474,5.6748529455882375,5.298803069856676,5.295841041231893,5.069244259858758,5.479912620481448,5.635612902754138,4.9632997030864265,4.929069736576286,5.438438278557012,5.762708836231829,5.625103110147217,5.7941344374626205,5.213998580324742,5.437942437042241,5.449922338490989,5.730488037993206,5.421035213044865,5.262916315317879,,,,5.32886818179722,5.444675875428954,,4.937796304694995,,5.223634536874366,5.6229958783395135,5.336012248705996,,5.664969904246976,4.977996458076103,5.593457998198212,5.212912453454872,5.090488928093571,5.373713561900575,,4.96939229935406,5.225917357035348,,5.000162400389804,5.723927493806872,,5.402700294247766,5.019168810143031,,5.6043733411703975,5.283682896673421,5.558220553955239,,4.978971680549249,,,5.312657829696668,5.241632431110723,5.566777106703808,5.36178975782255,,,,,4.981154258393333,5.276164141409361,,,4.968287604249737,,5.4025051093979135,5.288023051371519,5.472439923870432,5.635294140151832,,5.236130354099962,4.950351803702131,4.939146619030155,5.393891439917756,5.389341010733562
Q9Y4A5,4.750155907212557,4.450789522202835,4.18376150398085,,4.209594078008272,4.262975556994824,4.858542140444533,4.677277074228589,4.27889259324486,4.566466292462321,4.178494436736447,,4.49248841123389,4.919785577803053,,,4.222955144443427,4.814777648449097,5.025845871162171,4.468654677682355,4.264906928298905,4.939267485754911,4.4158394509956045,,4.226990084590437,4.288241395017591,4.213844700608709,,,4.74686661331554,4.773376332456022,4.832864579301637,4.742921297600362,4.763032950302342,4.431981328695974,4.879970250121758,4.661838225969374,4.468696969194895,4.462456940262018,4.658537441353816,4.968425753042032,4.565992673974312,4.461481126570049,4.977035586071451,,4.493632294203601,,4.36965116679889,4.447420486537121,4.752083218583026,4.566966176047594,4.720103258399525,4.484536368274184,4.500882662483791,4.711514090882248,4.612940047931219,,4.701385213454637,4.344682077874996,,4.984532803199464,4.241503253453781,4.9877197324674,4.177414647007053,4.276554116331135,4.152076680438271,5.188141166684308,4.745892856270125,4.432053946705069,4.987851203034314,,,4.884490836505749,4.435353818385292,4.903723832198473,,4.6315754466819685,4.668977173010707,5.0104193508484975,5.004382202341295,4.255342572016409,5.09605657578642,4.263667860337683,4.809831199594993,4.503639998566402,4.230540853627565,4.772497998073798,4.187339272051349,4.873075778812914,4.15986704846015,4.509044918724967,4.513807401812049,4.157104810684871,4.304293089859919,4.763492628535472,4.173904001982363,4.771061264389079,4.611675780704012,4.447323102995323
Q9Y4B6,5.503138546542485,,5.517371010914178,4.761990971142844,,,4.656758352197718,5.605994654648366,5.463851684442349,,5.37477552913541,5.150675982762359,5.010394696935667,5.484322683678309,5.409357123209368,4.776012856001143,5.186754084860696,4.904324088427221,4.748883255321782,,4.749698846615063,5.493740360214136,,,,5.092701559859838,5.022380728725215,5.571655766133662,4.690316601680349,5.497549142990199,4.97280598466796,5.41239612550272,4.9462407343029975,5.353973736280453,5.539561360594295,4.987277933984629,,,5.264628214614665,5.28902000126616,5.522411054840047,,,5.529741330548605,5.290205189899513,5.381964127803648,5.375389516994279,5.1781265353494295,,5.612382456224824,,4.736743945136457,4.980379339914547,5.32273436565358,5.227154649440792,4.636600867528292,5.522120937433771,5.51574078474968,,5.000503385511333,4.634061013689393,5.348290762135757,5.489337252473346,,,5.6107399687935615,5.505099578168803,,5.47408397612416,5.033754003511384,5.136451297789871,5.207508324777025,4.6859504803379615,,,5.515186556954959,5.365117377055718,5.29819931246368,5.385045101401895,,,5.524187228272197,,4.70234472196595,,,5.458216146035411,5.549860926379783,4.768298814096824,5.495751981212877,5.018027486966728,5.177649077523649,5.353824008634411,4.787847064814796,5.141352630627078,5.575413854498529,5.453050898271648,5.50218025512299,5.42671504898072
Q9Y4C2,4.907865172589486,5.216327643748892,,,4.9685463943838375,5.0055283963859925,5.765511642216629,5.805631750051517,5.497076055972763,5.494313027283129,5.532065076006699,5.716570648183064,5.790995230671312,5.195261991869964,5.292255952550663,5.0130186403846775,5.43012108607671,,4.9965086983631295,5.519875564227105,5.003143677993508,5.797912318179991,5.15943741375509,,4.967302649494107,5.107612817029739,4.967352114844536,4.913548472756203,4.936489507883924,,5.711112033340866,5.662892102243541,5.2041399904326,5.390312116501201,5.488934434356565,5.650679302647094,,5.218335469351554,,,5.350952520737394,,5.688195296051001,5.426813297350624,4.934049924948551,5.25191024412422,,,,5.377614745016388,,,5.235970816881765,4.961754743035536,5.167752145088738,,,,,5.4353643332092,5.746561331634686,,,5.2136459179422845,5.008747889327234,4.905637059714978,5.457252317831949,,5.586300989461208,4.961163645317413,,,,,,4.989046123863897,5.526927924941682,,5.15697763271701,,,,5.6309109286430425,5.880105476619733,4.951836148156652,4.969397104139008,,,5.320519550006121,,5.440570900839338,5.250474864351654,5.2043137804884365,5.331437963679723,4.909062112197595,,5.6201915479478295,5.679389933808046,5.593677816426976
Q9Y4C8,5.842989453458216,5.8197687633791455,5.904812204554743,5.9988641465597325,5.823138986301828,5.746863853250654,5.992102358401928,5.688323600323004,5.91864716617319,5.700385673071529,5.866331046313982,5.309938167702143,5.43979852793649,6.049764437773145,5.455528136758335,5.868168833156989,5.939608751758688,5.906996080511616,5.741078426134114,5.970815920973101,5.9490916111424745,5.728038011763426,5.882358085066989,5.830121601796538,5.874744552400291,5.420462292494738,5.826187221862863,6.014037132208294,5.923466694437579,6.014655700342122,5.602962297631683,5.619975696666559,5.916666515581247,5.1084279514933,5.963400521340763,5.876984139531934,5.424583224090515,5.723866893444929,5.711440877212847,6.100853875641652,6.077537869459894,6.028862089967756,5.809162515469444,5.768563356455173,6.015383088115346,5.917938234799908,5.865127701379201,5.632248494987019,5.982446182763916,6.085513862428392,5.922691112448259,6.075348062278741,5.9497412966780825,5.977661398117526,5.716343021844602,6.057793486664043,5.263916109378329,5.928457898080878,5.707315316012259,5.855046179380006,5.798105425185197,6.014421805226245,6.010691417348249,5.287741674829896,5.909325625935076,5.876940076844202,6.143736283345234,6.170939644226293,5.860275966630951,5.861573766136124,5.930898161523546,5.578578046068438,5.925097347279982,6.079435248576832,6.057213513442801,5.967214264152912,5.816804885757196,5.84092991511338,5.8765286505015,5.877134454233685,5.989528764345501,6.077235112618695,6.1340212624337855,5.55980258592573,5.450731735534562,6.0550491799533415,6.018648012805668,4.852581155742744,5.9302673561955,5.878864957441802,5.821787849393426,6.061893276044028,5.807483022607038,5.979089069179075,5.859557311014393,5.773190601905799,5.85969628036782,5.8664061629335,5.389960570023884
Q9Y4D1,4.709358362362833,,4.747569833927078,4.811017541078011,4.769518397245979,,4.709204585508869,,,,5.024899741834902,5.202978949743066,4.73356329818884,,,4.827328312500319,,,,5.021106781882101,5.654729508704988,5.0591644525639445,4.665840786153888,,,,4.772267408262296,,4.751867331300184,5.550308967044637,5.206881255900663,5.525996013232757,5.606802004573656,4.709956159866399,4.697035723388556,5.211280022087742,5.042909543379036,5.197478674976813,,4.730360734647223,4.678244082505173,,4.716419885857412,4.612026109783942,,4.743301579059351,5.324638193589844,4.925919700234902,,4.693721614389434,5.595730002109505,4.789890197762721,,4.774697478936016,5.707097700942965,4.994886239593697,,4.947457354735532,5.205434621758292,4.740103577993008,4.683186683013088,,5.364103974126016,5.1907456681913855,,,5.564505351852468,5.318932305140993,5.454596599061295,5.457899460417589,5.323518485490317,,,5.587673631145777,,4.78372220807061,4.708050527895645,4.742571284563708,5.132769224662168,4.78285981238525,4.802603293430574,5.403292349523604,4.824817314685697,,4.751206721667732,5.066470332766202,4.742356806870885,5.521716937043851,4.825276680468617,4.69519352030635,,4.760235695103823,,4.8446242345105714,4.701228651507579,5.020615997167365,4.724514170055638,,
Q9Y4E8,5.926220286669653,5.827798882675313,5.580838900480121,4.896246750012638,5.847311008680691,5.580097786357052,5.740887985365233,5.722522048630321,5.490584556438297,5.800062154125071,5.947972631832857,5.582867497706923,5.821146528579857,5.966477486899646,5.978202063376296,5.58908018093804,5.976136436544676,6.077770090336156,5.647430549231294,5.948660853276411,5.580287124176969,6.042591805216789,5.970350302975797,5.843514157459374,5.33618054245021,5.23915028428846,5.1456760338180025,5.634945368806786,5.774087630651267,5.921002429650398,6.152913955103192,5.960855724596353,5.8156276983912285,6.113111482928477,5.967543190750954,5.760159534288787,5.756892109639398,5.939910198802257,5.63142284060743,5.811323621883998,6.0000713535782575,5.1752619931885535,5.692012942615657,5.982968406670594,6.014921005667281,5.8872672564839,5.800004243942185,5.789202908671816,5.731062117603066,5.776651731325856,5.191231035945795,5.465540108271138,5.583672426306989,5.128456380732009,5.939356622684567,5.882629009955382,,6.095317614062059,5.758751756320569,5.904400227520967,5.847430991685903,5.569376978833132,5.436089159755393,6.0269099439790565,5.718604002502174,6.0753960666387545,5.159490933518024,5.38199333173837,6.079794562355296,5.784177054668669,5.992921075878406,6.029218237375403,6.026415081230627,5.046532162134371,4.913908841034402,5.82091570419898,5.788423747373029,5.417263485762515,6.117402555586118,5.143021717321559,5.480082985284653,5.172843102521717,5.804235081532449,5.610863924374696,5.610577554281005,5.996976332273935,5.409539641066978,5.661693828474682,4.893592105190923,5.677669289327375,5.79397742096197,5.430310353169371,5.396174348348308,4.9159572245543375,6.044879410798909,5.999660183953233,6.054996999033687,5.96569471203489,6.1893364871279175
Q9Y4F1,5.250492406901463,5.909687755196778,,,4.847150335733285,5.479516148703917,5.691206418816109,5.655049487441653,5.595008419243104,5.8556079729273165,5.113562660099026,5.478107991784965,4.820876261306058,5.459914326196458,,5.671991197080792,5.430732872193913,5.63226661201446,5.772067818778708,5.086208303935579,4.886471149758537,5.359011052651964,5.643667238938589,5.6262738172449245,5.6241852730750725,5.692810658770871,5.625250766466294,5.48153192743336,5.110994292355913,5.377061825810984,5.281305964898333,5.663521454059612,5.732240628040874,5.839257774675958,5.537962108410821,5.5078576459875705,5.412215810404171,5.505827781623685,5.385845445143412,,5.793599842145688,,5.911257371388138,5.542620263807104,5.810804297212622,5.583977654541597,,,5.375518490318451,5.07242924354188,,5.1658212702474025,4.822999851236856,5.14240846647682,,5.80929030860586,5.650556420543696,5.327846812854946,5.455925430280167,5.12356892298692,5.611450690393847,,,5.263346980317885,,,5.156071089590915,,4.7478476008248,,,5.156749183833348,,,,,5.263373300272364,5.512209410340881,5.21346912045132,5.901763381635411,5.1804438235438734,5.181290274948631,4.890728218173333,5.920979167493383,5.833881609782565,4.847734264359458,5.281539445868703,,5.851489320673233,5.553852926574939,,5.880911606082609,5.829946343122786,6.0035253423568005,,,,5.466931390047241,
Q9Y4G6,5.481437855598155,4.985321559834564,4.727649533251059,,5.884744015481817,5.4319238061395225,5.3270084439932734,5.885022744748329,5.078146910123071,5.833605672051612,5.752389628972343,5.717379347335288,5.642114165093285,4.341608868140466,4.7433664225113095,,5.192874020728975,4.912967864976287,4.458791650254939,4.9942665201394085,4.481044007518409,4.727367763860822,5.4032672719964685,5.944886504855196,5.385079679529481,5.28262214522658,5.032322401902983,4.866589357380692,5.004369266039729,4.840492090402132,4.688827402436881,4.341611428887242,4.373930512590255,4.887271401616436,5.49729537502806,,4.696721169936546,4.99760691550805,5.676403662617368,4.70089390146157,5.375998319282246,5.166741325557622,5.486030361695004,5.131194098295193,5.698226780789945,5.818457173352606,5.421893265996785,4.597788338066239,4.9589985055857575,5.741171021716177,4.513711263711715,4.934294184451691,5.298295060743283,5.270062032030595,5.50274888197898,5.197432842403574,,4.912453659221408,5.564513572533401,4.91769161287937,5.809817826436793,5.71275282428738,4.896914479547768,5.729148990270216,5.37973697904052,5.640277428611,,,5.2432416225656615,4.731567860388614,,5.622460822556704,5.774342540347552,,,5.404593656699742,5.52277527122582,4.396561990694845,5.434512587811028,5.15321948328518,4.494638590906818,4.752948459127561,4.77700731625974,5.734107828479437,5.3654789475207165,5.672535758555843,4.874324643075969,5.006411449069793,5.101813069066133,4.965136352275936,5.205522191368253,4.4041218481349,5.217058616232332,5.975634413953295,5.098553371994913,4.405474266351509,5.8188499987557805,5.585782362076318,4.670700329990646
Q9Y4I1,4.469921431103929,5.088001097683003,4.492860773598058,,5.250348300369363,,4.789486397066839,5.477635201174279,,5.837591513349006,5.4605684650443,5.895380858052115,5.516658200045981,5.159241956588005,,,4.847126883368623,4.720212583475228,5.055541089584213,5.727558900095168,,5.727704929975692,6.001018964119787,5.699975247728475,5.999396896383516,5.994981057022584,5.147683079326224,5.818055773106812,5.121079509504214,5.075219653264012,5.284057628695179,5.232872449585884,4.481997890528418,4.961692368469495,5.505705166162934,5.290832725717528,4.8082139157271415,5.093891887867925,5.949629535255581,4.810189425522856,4.7420548419047055,,,5.875702560590894,4.806749736148237,,4.482918526536979,,5.073042474374887,5.788113217605266,5.637534849653074,5.2761997673008505,5.2094224103607,5.007900035457465,5.291469601637633,5.513625670263478,,5.3808912455068665,5.589157924890178,5.432129540353577,5.072853109987755,5.831486655323104,5.795378429427476,5.80585006819218,4.576001060253556,5.323008700551448,5.511880601819533,4.599184997321251,,4.52862671487458,4.971438410914647,5.411572153011422,,,4.9183869215113125,5.828601903786364,5.496692125071869,4.508192398320699,5.475791127510529,4.545156396711744,4.576903643206864,4.869260394640705,,4.533131323184941,4.530548523896891,5.457432149482491,4.798092564863491,,,4.464541388839497,5.448072324227897,5.823711278271995,6.029035248828393,4.599826751842,4.783054915550211,5.271690125638394,,4.7583915690130905,5.162652574706383
Q9Y4K1,5.468931205643953,5.636463021677884,5.833928790126188,5.9765511675972505,6.292143855028424,5.9968682746201525,6.074082176545446,,4.749539562584291,5.64595694868888,5.972929838486876,5.746541146646192,6.381598093245541,5.313682274726727,5.376253308801165,5.517518790352931,,4.568187460360358,,,5.881650363541684,4.517325811304588,4.637568916668285,4.997941076342517,4.74775475377974,,5.695702169596442,4.960590507274958,5.870998518946991,6.164071184530631,6.191526212595725,4.592007186137881,5.90861899850963,5.814148725052511,5.381381420514074,,4.646077097371555,,5.192318247803086,4.67423447912366,4.882664300541519,,4.95752832036311,4.847516728559348,,5.289568855331574,5.114299752811406,4.848258965317504,5.851097145293792,4.9307668006763725,6.325031716081641,6.234668960619016,5.700530415418279,4.678999320752173,,5.306751377687634,5.159045006022488,5.477834702677902,5.2045686464528575,5.450675323031403,5.876307612720919,6.203045188462076,5.587924474391357,5.828550849085912,,4.609196269885547,6.369563832185419,6.24214653152538,6.096661798947034,6.140565551465155,6.08439819620954,5.932607305498437,6.190093798494878,5.6157589330682205,5.231230234193292,5.2237263389805495,6.1527792013010245,6.099342954365599,4.573114342627886,6.394569781337211,6.056369807633605,6.192354324739309,,4.703259138838759,5.82693888163432,,5.940097671822491,5.628349113698317,5.66618355255825,4.942792950331532,,5.174271406532153,,,,5.602431368254341,6.032296001057895,,5.922502939636065
Q9Y4L1,6.637672072465252,6.34846179686808,6.6521552090631735,6.7547279379445815,6.703600078494426,6.789842951718034,6.8458763506583935,6.421827779517708,6.655277997678505,6.657643366996023,6.570652252408247,6.829098569687947,6.666854206753591,6.667322454186904,6.375605149824098,6.905438391607183,6.634499753614849,6.693333369592359,6.737595441485533,6.687463006160376,6.772739434321084,6.594123863330916,6.723506384142077,6.5780924211524905,6.595208728298022,6.726139056042136,6.687235238842197,6.722255215355064,6.595497862699412,6.744454368544631,6.693973247311764,6.757057179883862,6.653133860544969,6.794309896888126,6.591114767555741,6.625910040047565,6.759349901748426,6.7369956489699945,6.659327243502376,6.72316839804423,6.53540794177318,6.71630158409302,6.704689663327643,6.472553565643823,6.553901739063379,6.72611117712014,6.689119209976498,6.495758955106039,6.7077463695683015,6.581496359760257,6.88387976312026,6.69870936961569,6.6642850617635645,6.670491122165574,6.60115460296989,6.877608582296274,6.745649750445068,6.390209715306776,6.820911215245852,6.678353194712713,6.797980124666399,6.642092736178449,6.671989435803065,6.783672344140473,6.637536614864803,6.680237261411987,7.005727778445414,6.711779296653237,6.615152729522627,6.70462182480612,6.753145853773659,6.693448350681916,6.676938072845845,6.955880213063359,6.858396381980567,6.595278996801426,6.657896566195573,6.748975375173128,6.650587485495721,6.586366962932324,6.808899917351553,6.760262723372794,6.626126392437985,6.732729191784436,6.591158985550599,6.897963678555301,6.512435320803517,6.390216529215038,6.852718940871504,6.699557178996571,6.674416383447033,6.666127519662778,6.696033708136311,6.619639174045521,6.558026708332321,6.637830443673267,6.756182426023573,6.4471248046230425,6.396002748220192
Q9Y4P3,6.0099112524713485,5.76411424651575,5.932671637405205,6.385952078263042,6.14315544479534,6.277109563422026,6.381050046166105,5.403820506375696,5.878367536308619,6.476384097618611,6.328353620771999,6.580260835352625,6.372921458100424,6.438511186477037,5.719393375284843,6.174649300021709,5.808046152882791,6.163535100804137,6.391450043745347,6.289224063974882,6.458950504937288,6.203329243101264,6.312734550287626,5.725384993967989,6.228740442140381,5.980521730278107,5.980743938591637,6.401417761422289,6.333461321722739,6.434339345935722,5.7831537393114285,5.992713591111397,6.172418797024045,5.7642899948373545,6.27886203085453,5.792434006111212,5.380149198585709,5.673339043530827,6.351767091963524,5.387724447177547,6.379366071713649,6.349902822622153,6.253605609513805,6.275839210582509,5.87826338276416,6.353366562837938,5.863355173196075,6.065514115744223,6.174208602935657,6.208095504685771,6.36737244917761,6.507460270761428,6.322793060044791,6.440945572775114,5.925180960224321,6.100548251252858,6.306969392175008,6.155393974228585,6.556257838829959,6.0677722149476825,6.368172767841056,6.473335460983703,6.51410428650874,6.259287632664328,6.218806064073955,6.346862038134157,6.492605382359969,5.961598832194665,6.18085034440479,6.407581285648572,5.533700760243864,5.91331537989671,6.308096062730423,6.551108337088741,6.321318653904135,6.099928947297778,6.1956545788232695,6.283035544215209,6.252895726123201,6.467988556158291,6.340157612240067,6.439495796608257,6.470392584518756,6.207507599924869,6.185552269391042,6.24762539798036,6.377441039255668,5.701693094651148,6.446849839500462,6.100379260665469,5.721474824849812,6.4658240853502384,6.18948241934668,6.199715020042515,5.914676855730235,6.254382839595859,6.451957124185206,5.954988109199438,5.892861284031751
Q9Y4R8,5.301913273125442,5.125455630361645,4.831667029719882,,,,5.126296314395031,5.155635847989342,4.929675716150285,,,,,5.283689121410784,4.866169619225722,,4.868741203109083,,4.944846412033516,5.310190849412547,,5.556001546739068,5.08130120428493,5.200515122582819,,,,,,5.524410883342027,5.442812657980971,5.401232547255652,4.823358192708217,,5.280950507090091,4.843205946490446,,,5.444621028049254,5.15406168031093,5.647122922623667,,5.429730621446317,5.59374660944772,4.848474730331995,5.154913608082075,4.83729229473006,5.362070820044468,4.813864318168487,4.813468065008919,,,5.147160626898381,,5.396275230857737,5.279645253657499,5.007378078696134,5.373495885195887,,5.47918911816694,5.511234790404778,,5.359523458603933,5.131933196726422,4.934016559220355,5.113426082522891,5.498640238868416,,5.646125945280527,,5.308751840784351,4.8998748279645685,,,,5.220439636017344,5.310057274934201,,5.257552148473539,,5.394798642867267,,,4.87842746330297,5.166690732226318,,,4.87294426859382,,5.5151457921847085,,,4.821188746268215,,5.428837817398106,5.315186061003822,4.83726910504251,5.514083473030858,5.109521442813971
Q9Y4W2,6.077820616725191,5.882700171052964,4.925964367155189,5.880098127121904,6.150317600114249,5.49514401233025,5.937035631360683,6.085895587228674,5.993719539377023,5.825810554074356,6.095988440485225,5.162611221998408,6.005560206082275,5.988464444386619,5.752423191665956,5.026814129477743,6.1603980224434975,5.958474533651912,5.971300289986745,6.08612514289077,6.174560587234813,6.013355790967134,6.000465298646304,6.029247010027101,5.474100176799174,5.535726118613846,5.295651910463195,5.882588297502332,5.861095146095167,6.168418560474303,5.724769759239198,6.056180053018688,6.136568564956141,5.932397041234505,6.090680484683023,5.865445093873914,5.950267484351225,5.774465646952208,5.97164220881263,6.106809623077115,6.178611142663625,6.182106560938945,5.9346623302272885,6.081252326658371,6.05736584035984,6.134507231631233,6.096334950065902,5.857904911905932,6.187656748759867,6.131268156522633,6.2261345307099845,5.9172800530801135,6.076824830634449,5.946273215369303,6.09399619005838,6.096737534798881,5.0984348525171015,6.11689578114942,5.177528003193354,6.015476668086129,6.118157007366842,6.018716514739941,6.199042123058155,4.933172092307053,5.628117574734063,6.126450389315796,6.277970372451636,6.275227212362067,6.130531475743778,6.218379454576656,5.9303946646200885,5.605902462893942,5.656814348689265,5.489300962613092,6.150886992889816,5.481644748645643,6.177595902122672,6.044332258789575,6.036220608833327,5.95069083113454,6.189218338828428,6.268408010511183,6.25299315354694,5.764012663552635,5.74844656614219,5.898355801617074,6.12668308790634,5.738491740470384,6.2926915719500025,5.86955428483461,5.834582584723928,6.018187933715633,5.884077247678485,6.0216959154685465,6.085049452137747,6.181624209249647,6.022192475768836,5.855887359976185,5.875743166939765
Q9Y4W6,6.376080892195534,6.47141323143603,6.133463513178544,5.855303921388628,6.129297008495971,6.476627951121723,6.365542932991497,6.273443025300944,6.167933061079987,6.246637675614054,6.319092315655768,6.250964657736258,6.296159030857838,6.323399416996424,6.198634651545115,6.193296965088383,6.403322890811813,6.4443788671813245,6.443403301024354,6.548071918238244,6.562364070114965,6.414760664774461,6.432072333616471,6.48103369260178,6.535135789492084,6.350535027986674,6.490953409750302,6.42741476591624,6.589068162182382,6.526296852037802,6.3019684848761095,6.432573968596596,6.476360813273221,6.4256475464659255,6.227673904369681,6.308219503600795,6.427168777289232,6.286967236578778,6.4786166100248295,6.392538728587477,6.381622284100867,6.5783580738989045,6.2742602458775,6.405872189971673,6.372937652084023,6.423446581838227,6.361931373497916,6.517304862842572,6.460403609749872,6.378149330907855,6.442522992586492,6.462835674555613,6.479752919844858,6.564777871937989,6.337155159603429,6.4243322865903245,6.453222598432308,6.426638469824122,6.302223927297447,6.215700345204373,6.246423577656438,6.482010749579496,6.4570942905902005,6.318933293042123,6.196310164968233,6.454960746528057,6.494033804258595,6.454837710208507,6.335214052926387,6.435425749834078,6.165136736446184,6.35025755434831,6.382603543098647,6.623823640230883,6.427074410996488,6.394908469821836,6.512146664593808,6.472920102346622,6.518403061019333,6.523397865872735,6.429803635289302,6.435326800142796,6.543434721246712,6.534375136274423,6.475526652486112,6.430017766137631,6.538157865367068,6.293716867393652,6.4798672485583495,6.376784309437198,6.39563197908375,6.616533735993604,6.358883884913567,6.415438628181089,6.278816488735591,6.260981801136685,6.390003396239923,6.342304849749448,6.266955476390745
Q9Y4X5,5.771638038896872,5.083303354603505,5.570406741080495,5.184493684890094,5.440485284665417,5.166218667766433,5.555382403813666,5.7098991534596415,5.1861983888802765,5.177525817296804,5.571939785847266,5.265752049453529,5.102606342824316,5.530779161273195,5.896854160778612,5.17830561248415,5.720713071713799,5.723908915108194,5.158675398610438,5.78289149344888,5.470858347149996,5.6545867993175705,5.808231774563865,5.612201776793871,5.613146546479243,5.509665317026367,5.440234613225591,5.55493153473366,5.407903416850362,5.370041534287419,5.56717498439926,5.518751616914468,5.066097491397249,5.679852479384089,5.529402504749103,5.103471761328467,5.391762021814616,5.384706303711824,5.551418863875437,5.400123537613463,5.639733170471687,5.171150099131323,5.548707440941838,5.772464127143691,5.098113343828318,5.1007565705656805,5.077056486063372,5.595784123005325,5.056027066507587,5.843667516033813,5.178346570989786,5.631791645287361,5.395232247539267,,5.727285568854216,5.663153334674207,5.229926842214481,5.722410687655745,,5.412454919887915,5.35496118179181,5.159751168114345,5.434726797323681,5.391178972691239,5.169017541976809,5.8484967345684655,5.158076916313974,5.191490552095501,5.046425321440901,5.127756653944835,5.557695509658562,5.440196988486318,5.107038583386347,,,5.155787028252189,5.555363586956981,5.404453897436849,5.726357448252277,5.147026911951189,5.1659565742697415,5.1571983384973485,5.183664898507159,5.120478402400182,,5.437024320993576,5.091838140331709,5.418303093466007,,5.669799631775407,5.732611255042628,5.418373614343653,5.549098004409381,,5.561655685912543,5.682755545064512,5.385059028257164,5.836263506057399,5.837199629225549
Q9Y4Z0,6.389790657375162,6.358556007924564,6.447204179242152,6.289306598842996,6.179018849370512,6.377332026347999,6.271416735524337,6.372125483060097,6.383604383828506,6.024516302889156,6.304534775534525,6.344839562817658,6.195164567569394,6.319116081860159,6.476892526236304,6.45600507009288,6.4081397675726,6.308792936079189,6.485591359575616,6.1753696572438255,6.356984628132668,6.35751794139807,6.300399868989704,6.2362699306577545,6.338423145872902,6.064025040186245,6.416920766934237,6.342748337012872,6.0692812043389806,6.337718031780036,6.282362265487627,6.389079788982868,6.163325007643898,6.277135129563448,6.14189267787969,6.305661032461347,6.441420671255451,6.425469074029505,6.2595739376131565,6.351515404661422,6.219638180142727,6.360334592932965,6.273616833381581,6.188591368522937,6.289094692257523,6.3032135947547445,6.48898710810021,6.48289467275131,6.331286504418621,6.34495952792485,6.164639193413347,6.341122064107487,6.193583838332483,6.327730204857897,6.378892393806941,6.255525127206768,6.4265732697275535,6.434610248711542,6.226520478165208,6.229924053496576,6.331201429789237,6.281648524659522,6.301972449493971,6.415966078712151,6.12523366674978,6.343784686858026,6.401888586385342,6.301948861956424,6.308992888940431,6.39504542430182,6.460443925247203,6.334894283919036,6.3042196461110365,6.541273297876322,6.384510247791818,6.262646993615727,6.189553751171131,6.370927018268021,6.310404764786632,6.237975063731673,5.979021446489649,6.422392497244202,6.2803493516437765,6.311169578624685,6.3787538107823,6.2300215022378245,6.193124085170018,6.347612426781865,6.282088692846831,6.347315427687731,6.227087084168154,6.225920838936068,6.265548593246487,6.320586641686775,6.279364441035748,6.183553916255407,6.287139138260415,6.353161966980464,6.424242773639912
Q9Y508,6.500201753442309,6.375803843953352,6.564866408412993,5.512759756681516,6.499318978182129,5.559273932139172,6.269272388387005,5.966683059815218,5.526474248796209,5.582447769553377,6.286074874027804,,5.927461041644008,6.100517103973253,6.315403601157492,6.494301114308444,6.306455011384397,5.961957841189563,5.990226641018922,6.270276372276497,5.983440635600062,6.424435979809714,6.42693520441188,5.966863979871985,5.95903322315426,6.037781271692719,6.50008712491043,6.510946996731294,5.936231142163273,6.020882127296358,6.557549780468193,6.345745917273579,6.369225471154728,6.191263662017111,6.303835081167682,6.225503508792309,6.239544698230682,6.200248463439593,6.256817089852767,5.910555165627123,6.075354574306509,5.516129937392065,5.891854660921591,6.236535528371063,6.3059980129391295,6.448988894276697,6.405983336149781,6.339911791926148,6.006337696291688,6.360969397788105,5.995559458819992,5.9828826307513925,6.226675885860979,,6.3314233325512,6.308220805791414,5.6100330896381205,6.425913625377761,5.611928413161428,6.174042866102251,6.258051727148416,5.504757332166741,5.762839872853306,6.329632671809007,6.0455439400257305,6.499481807869854,,5.53169597254959,6.346699918752343,6.363406105945501,6.43852538276777,6.497474122049187,6.156207213480504,,,6.460956102881141,6.380047415691733,6.055523783308988,6.466069460646681,5.791783764875971,6.143486214642359,,5.997767254063683,6.167012503997558,5.8090443297058725,6.256804049266418,5.909317245504824,6.238897907593428,5.520404767393055,6.265394057318481,6.0697761308363445,5.469906869584745,6.421082060718598,5.929196474821939,6.3334769374606905,5.90007312765953,6.0268214400971285,6.4174137838614,6.408039733473124
Q9Y512,6.117182420771536,6.130826318941602,5.870444887575173,6.302422914337163,6.092997161731938,5.972047006965047,6.133107551258229,6.158215550652169,5.8850041297120725,6.285900371287829,6.010628509220492,6.234839255529398,6.207188572159143,6.056512997433391,5.978592534366546,5.676387787179846,6.128518531379172,6.120520005762015,6.254728900851589,6.2946445719834205,6.224183390380222,6.109233748046039,6.155004109415181,5.984653845013568,6.306806255901602,6.125511474459508,5.615463238455741,6.075219047432961,6.232121916340956,6.258785787804539,5.989503949638452,6.099605702280681,6.110051077219172,6.035702219424874,6.102085430035834,6.066995129149832,5.873667194827856,5.996035812834855,6.174501461214092,6.224262437919126,6.226732299629659,6.376439511513548,6.094138020650891,6.281785354991311,6.181368337297887,6.0532710504900695,5.589887397724927,6.351815718033923,6.247082705173663,6.369343954111052,6.280460441009531,6.251472528826596,6.182597412130832,6.29131725249615,5.95266495382672,6.066200348986104,6.2014944104822805,6.07189854560553,6.321164092482545,6.125903152567014,6.241054723689606,6.282931823872181,6.409693618749452,5.990757483074262,6.137852507249787,5.78173086508921,6.427804499458898,6.215326674691896,6.228038230394053,6.133811394324214,5.56398019844663,6.057422335188403,6.182033916381012,6.404592032083254,6.166212358288712,5.855225412120708,6.180692368035107,6.066075693179914,6.327786129522707,6.303682233519768,6.226746310848792,6.354921586874173,6.324698483815997,6.2117448236506725,6.266074157611339,6.013770958916759,6.140340389421599,5.589750442444583,6.385903566076112,5.546035189412301,6.093710585318684,6.3851623578608585,6.040865865506377,6.120870247752347,5.988463773240103,6.137797523979624,6.167090572083156,5.896342888038657,6.022906902965532
Q9Y520,6.1648322598611625,6.246820482850782,6.153650931781398,5.775168266253164,6.108050739170379,6.0333170714271205,5.954790232511505,5.972420192510034,5.983617696829596,5.880852645018378,5.881205389987711,5.915462383522451,6.047209666286367,6.002605762744254,5.932369881423192,5.925885665766394,5.922374271474867,5.930430515866833,5.827969553807347,5.93079856506151,5.927648273542881,6.1202790287145294,5.90366984868159,5.933922422376293,5.948980640733267,6.0119605866718295,6.127844810738196,6.007299469449796,5.840236822188289,5.981944969206459,6.200224648105891,5.931250546577325,5.942111526217122,5.852512840210174,5.960012307063602,5.690355261882649,5.961757218282377,5.917195567743425,6.022789482375856,5.896065060924575,6.078360322202486,5.582045514065776,6.009772001170932,6.078280130193514,6.218433135012001,6.114799633080325,6.0023162497188345,5.918890513661053,5.926269070767966,5.926252308627696,5.798527583498011,6.0623903289042325,6.070309239135401,5.4354391211136885,5.9482931942578166,6.122001022666804,5.639910399376069,6.017835627193241,5.988640346834566,6.073285321915286,5.95338373490839,5.471041223199099,6.000800773269869,6.128759556378719,5.877171168937678,5.913094879067609,5.876983651857698,4.9103079671011205,6.064646667378254,5.8798780631931145,6.05273529171002,5.978633066194568,6.010529928433531,5.044538599743383,5.794063206217097,5.9992839871127694,6.005125069637685,5.965498984045562,6.075528290920209,5.835304623402243,5.732691890541454,5.261149876271883,5.673553230657371,5.819230686285121,5.946765697939927,5.877704377726641,6.014571277690857,6.06119488545503,5.710243800325332,6.093893961807538,5.996224993911433,5.895930815452712,6.132561237857885,5.609222544155853,6.157847724501126,5.877748462742821,5.93016866168829,6.174297721896673,6.042389759554718
Q9Y530,6.295306704196335,,6.082271826088353,,5.507596542453758,,,6.094965695167748,,,5.479452559687731,5.641894987241891,5.783479329048958,,6.206395843436345,6.488366543848189,5.521931718701158,6.178585262811014,5.842534359320757,5.475000371644671,,5.80164802198481,,5.8135024089844585,6.219493382370602,,5.505546476744011,5.466159693319657,,5.437742766802424,5.944499671013709,6.206989639625073,5.941455014422906,6.158205457760208,5.723318164262263,6.184670845233428,6.335025347760995,6.244999009964008,,6.182281610959462,5.7180031735606125,,5.9439731654508,,,,6.314303425072803,6.273261978667504,,5.750494849788901,,6.008760384647941,5.492265428307666,,6.185964920919259,5.452229538065684,,6.249192362442197,,5.961573707293859,,,5.497574002971971,,,6.1422559350832735,,,6.023160639318853,,6.157807933760026,6.304177203963233,5.47984086011531,,,5.530475917067594,6.061601341586444,5.973731540641433,6.183552881019693,,,,5.566192935057196,5.492771205300612,,5.999925679444907,,5.806143372319096,,5.937055757298872,5.528295429891784,,5.437250218629457,,5.933711867401048,5.952716678930788,5.761903171982882,6.134005617058206,6.346082786972423
Q9Y547,6.266634098335688,,6.119688128032992,,5.8645141144974975,,6.095835251804642,5.831653116461161,,,,5.983704455940079,5.820275979565447,5.7774167825974025,6.144899340042398,,6.142888329775977,6.058831689914173,5.8879867253311176,,5.8880605441053655,5.967761593016232,,5.8549760558315,,5.933732787817556,,,5.819764240453194,,5.803162760222728,5.765051731823844,5.801043472813122,6.282672745667652,6.081270639749468,5.82847512470395,5.821156845381002,5.819160515168457,5.798214598623574,5.818024283746328,5.7650753198263,5.890182471435674,5.7962920272234415,6.019347000519118,5.834380285967852,5.828225627703437,5.803698021429472,6.011616516096989,5.7802339772341975,,,,5.8313770194663785,,5.755358190527373,,,6.0396436008467935,,5.826834655928126,5.784738763085587,,,5.806934223469063,5.900053932600321,6.093633460666875,5.857047848520722,,,,6.11347570810158,,,,,,5.79923107088877,,,,,,,5.854686354995419,6.154906769325027,5.879148706887349,5.8146586321684,5.823012140428317,,6.0787892035534,,,6.089624181132917,,5.7950750115779766,6.103935083279359,,5.802368487480562,6.09750376811199
Q9Y570,6.350537755667636,6.227750558228285,6.253655695707593,6.152481647079541,5.811612630510303,5.680613127446088,6.290165477799963,6.500629063117404,6.276402849103668,6.282465762888034,6.3291744678961965,6.315975669859023,6.106469559925223,6.407346500170162,6.225996998537996,6.216521042674501,6.502126409193515,6.229713899576057,6.5853009754088125,6.283323270735027,6.380911398961611,6.393214517509557,6.230314708963894,6.181786409732746,5.9294925580534725,6.10847299146692,6.461997753593797,6.394438578978598,6.389641093074829,6.305089733426177,6.530415221824999,6.40177061053396,6.592367897047162,6.332669314900631,6.373305191714865,6.527140530797744,6.514822382714652,6.464200580282576,6.321555290295942,6.3026359709034265,6.380998498170314,5.359560252692936,5.8648213719000415,6.455806187152563,6.1974913210507605,6.259293035892102,5.88325850099777,5.795621387014648,6.588638399355412,6.222776626808188,5.9940608926661705,6.259035336199579,6.312052754810785,5.344773023615267,6.407882069369277,6.445329149791446,6.038170496032267,6.262990817738729,6.064610814545875,6.673358631062889,6.345033449580461,6.356872598418333,6.0099208645579925,6.310263616448379,6.457085307344185,6.439937902948538,6.188829904940134,,6.328622937675093,6.476725011417494,6.423624120871834,6.1929990487124105,6.009384941522734,,6.406180821343353,6.434662769351825,6.286540602045836,6.156019884729439,6.129627481931895,5.649438813825824,,6.208692356758103,6.077868534279331,5.922369633812237,6.162667450622757,6.193821048532061,6.142286579380508,6.317910258066916,5.861309797337157,6.3108671975153925,6.235334899535825,5.60139272343419,6.18106681202221,5.863836306289207,6.393779783398353,6.116865468639212,6.369118507478066,6.500109904023868,6.260861934703115
Q9Y580,5.793714770123265,5.796791225145655,5.358977750025409,6.04157960001461,5.8690043685011455,5.431318411869804,5.325321021738628,5.365203404032212,5.725361535442716,6.038975376594006,5.823268327992992,5.988283407887187,5.381428680384226,5.785205689948312,5.354667637431218,5.925434205607362,5.372034050398151,5.739767599926914,5.399149420716857,5.325934219237496,6.0327845931366735,5.497809303851234,5.757195462781042,5.869972005487013,5.389994146810498,5.760866137826626,5.399217563110403,5.937267400133277,5.347672084712226,5.92988617683469,5.814386834992489,5.594527373259905,5.934507649493369,5.333313879793099,5.782737436150396,5.652768913787864,5.358895301171303,5.635160143488247,5.32648656308165,6.06215642078061,5.762300532672648,5.715190215060642,5.6267114819017925,5.524945921349189,6.058519437653183,5.848119475535395,5.366785622656075,,6.163885630574837,5.612028026505731,6.046945745056998,5.892583109076004,5.352457255486746,5.850874112477939,5.751854566079476,5.909268563297797,5.9538837390049935,5.269930836665606,,5.974888947186631,5.915472566784858,6.012615294597989,5.97579753962466,5.627014394042657,5.90755869741268,5.61874068209939,6.1041296575308,6.150824662744086,5.8904997914291375,5.869341053825402,5.62701419018154,5.986309659525688,5.966508884133696,5.886300928690702,5.938612770893033,5.396387127848619,5.6258449244478905,6.0601325438494085,6.074895806344779,5.883417605820842,5.905261764194756,6.271827692314671,6.0413466093853785,5.376156932138806,5.360156635277333,5.694417568533456,5.832462109601968,5.968081601044422,6.257633062053896,5.817516179046253,5.385786866754398,5.368859382518267,5.327783997965044,5.778577813739135,5.633903729970445,5.802098664474361,6.117909573666464,5.311019029529888,5.599094972381423
Q9Y5A7,5.554314130928154,5.56041779332683,5.789763144250636,5.1730046741325495,5.472222582218386,5.7822607457507305,5.597509470442342,5.728310772762748,5.6826556275901074,5.593891918303863,5.881833773978152,5.648510095857045,5.823790027037808,5.74371588909302,5.446794828154331,5.464371598353962,5.603190663950161,5.724139796138195,5.4494240448635605,5.708990989268505,5.707274628343537,5.234633838824694,5.736139259574173,5.681905758392062,5.661956715324505,5.337010332744112,5.749258761681837,5.600052331969647,5.120564929319673,5.098278885533733,5.750939932581846,6.12420827529075,5.548655894368073,5.6762751831809295,5.832681151858364,5.725957642791262,5.691411080738843,5.695629928608155,5.858218606343572,5.392879447827994,5.669184928039932,5.683234587929188,5.559252574133396,5.70386202988077,5.443657542978344,5.433928274199925,5.065609793167571,5.899830144987531,5.679740278608647,5.7705705607191735,5.533140038863761,5.701384918828667,5.4165772215239,5.633666952978151,5.6537534600457535,5.4736554806476105,5.40183297966807,6.063428859889596,5.706940802779492,5.675160406374473,5.806047257576554,5.786637186010011,5.63622212446453,5.5930498903465145,5.670902766267988,6.187475778551526,5.649756797790842,5.699876259779643,5.8120071684202665,5.750139735473338,5.76945030436012,5.4802457566607865,5.801169703338184,5.357474202665284,5.538986254697553,5.657917462820918,5.794999366634004,5.585758722642105,5.624919301817927,5.460613790477926,5.218497810646221,5.531923732627259,5.520659958317568,5.846535900326895,5.737439888681063,5.628182140148677,5.565554429779357,5.957065794653574,5.225105475184367,5.684945146570619,5.49349392548674,5.739792944847022,5.863364141427275,5.510166745335041,5.930325964053506,5.579262267452615,5.870522169475484,5.5368808689631015,5.95586631979203
Q9Y5A9,5.742863507138661,5.877111561829389,6.069654196519606,5.670700877290508,6.107877653933858,5.659191730392775,5.873885331236192,5.602100118021051,5.667857378646604,5.668797556151805,5.7491195482973865,5.75312463481628,5.903517565550665,5.717984571277014,6.085138365501407,5.673426594386295,5.916537167115255,6.119709864490321,5.821126870169552,5.882092169879436,5.664010126414024,6.048132560235064,5.916913864585176,5.621424657328273,5.329202942022065,5.8751422241267655,5.803053747982337,5.7492082488211125,5.774279052998801,5.8552357462021885,6.064476776763258,6.015127794446148,5.9515330531541135,5.747863711894287,6.016275072041571,5.769661130178929,5.994606484488406,5.8751938230271525,5.744258270527468,5.995018969324623,6.070473270289217,5.663619566374686,5.869906852251816,6.035371519558373,6.066779873937506,5.773636149888964,6.060809435271688,5.50075509681663,5.952945428538725,5.956752660699413,5.377559430882917,5.820667588284238,5.885586307788246,5.314452585972207,6.118340320259609,5.949347773073567,5.418467562576867,5.986800041525709,5.931192548912867,5.915126372309792,6.027236484577895,5.338420757091782,6.017638631827807,5.977617953523658,5.375531523060023,5.948774012497366,5.633523451280771,5.678956297577843,6.135406390991606,5.3115142902374535,5.879893402059961,5.6427895296731565,5.997350915916785,,5.388309437070959,5.944063916418233,6.050859168332062,5.313277727920675,5.814854595429311,5.623638679078764,5.666870974513983,5.343716407909322,5.85134207463118,5.316481763684033,5.909096965954522,5.928146129926903,6.133448635785549,5.319385765222704,5.3673893481844095,6.158653719560397,5.627770843070625,5.78358933997209,5.873974049476993,5.387399745596413,6.11298901960928,5.877164832956416,5.876864113581449,6.202273989360695,6.091261792546142
Q9Y5B0,5.642979130104495,5.654145730264666,5.728739067475235,,4.874913735349186,5.378152182466454,5.706976609648003,5.748272976546124,5.519871836629253,5.382971503570637,5.420237595700295,5.468032493708777,4.851031785463836,5.077470388754003,5.628607316057165,5.398285809385462,5.631262000736625,5.341388549065729,,5.411894786478269,,5.584783372098795,5.45508593799518,5.157177794353824,5.463314329127282,5.235818387023096,5.790405287296727,5.50096362517877,5.445936187792998,5.63325057446487,5.724528906872574,5.690276137743164,5.638172101841891,5.660809553702763,5.25305324687505,5.429706631609858,5.42144063255046,5.725017701365342,5.500014823158568,5.729595171725729,5.603526193204672,,5.583300728787416,5.559588582015676,5.306412844851772,5.424323283630387,5.421968122104393,5.74726990982103,5.484341791136368,5.389432874149671,5.218128491034079,,,4.843937559368372,5.447439624023171,5.0783339986422025,5.448720359999614,5.649226501638489,,5.542370421480568,5.3840521067916,5.360026082809511,4.85230973116759,5.407029264150085,5.189813734405182,5.642549734733329,,,5.072272095625355,5.156007390577338,5.655714947446213,5.57000276732354,5.452102715914101,,,5.483284185507122,5.102646305426779,5.439827531416355,5.046829010373431,4.858624501028928,,4.8877601410461535,4.908546289240289,5.145827916725037,4.840569125848079,5.162228286004144,4.813749264888512,5.7463255563285145,4.907354895711392,5.640990674818214,5.457636464850897,4.838475229179946,5.643757322876797,,5.583865232946869,5.764561999560992,5.767432369171259,5.693258181885242,5.640319717970381
Q9Y5B6,5.566893299734034,4.8642431642520965,5.171740584798991,,4.923784005920886,5.285781971440734,5.5678636717795404,4.8941983092037935,,,5.371526266052446,5.055918230193554,4.895586227234528,5.448617835585693,,,5.207449616707774,5.418693134830344,4.950936713030093,5.35386989555577,5.263326453864676,5.590270625323654,4.829854177548534,5.228914910493297,,,,,4.892734368680936,5.166702579944831,5.487654956393684,5.331904864438325,5.559709109957804,5.16937312676056,,4.890534929064014,5.199713222532323,4.87371696302436,,5.494380101773162,5.531792882642245,,5.161096938184149,5.56952624873504,,,,5.08458492620115,5.167154384408425,5.330295963477585,4.9718177875427685,,,,5.3014081597067415,5.32744502588718,,4.801375526036008,,,4.8446340509577,5.248516494314207,5.395461950701806,4.866886061864351,4.972455751608498,4.86287795129217,5.716277320191828,4.998473938695899,5.435361109909832,4.914051587600502,5.342117437125359,,5.198374009670342,,5.001219772458411,4.94789407607067,5.177812804200618,5.67618999275356,5.292952994677836,5.229222587623438,,5.73441147103885,4.974816320094671,5.228786316825929,,5.426887934107191,5.1870227486354485,,5.682275964913584,4.874523651574859,4.944798087699473,5.399646406626159,,,5.184078166171552,4.87453842813937,4.871504649942319,5.325683968727898,5.326626908987613
Q9Y5B8,5.881511636528442,5.802213446274891,,5.291906054744923,5.268972637049068,5.274903419343802,5.807457817953954,5.827514058559991,6.000767480322976,5.6021739125471175,5.818202848114388,,5.829119869298806,5.172010942807411,5.93645630456184,,5.839844524841999,5.74813397110449,,5.805607999007279,5.762158384825932,5.775964662502504,5.754912840811632,5.95416444841018,,,5.252111503782508,5.4912078126686446,,5.178754187546456,5.521431578818611,5.777815383251958,5.88608592461213,,5.965110645348902,5.70829819553981,5.517497885576722,5.677329145837538,5.184630157076339,,5.7647948990835305,5.589289978288163,5.491636805201039,5.894084886878729,6.007107379797654,5.6928335894084565,6.073047906869517,,5.483410306540791,5.887526652625956,5.616219588409591,5.268823656783722,6.006189267285483,5.243754923824263,5.8540536670464265,5.773601614047455,,5.616185844930347,,5.936135088146101,5.96193434043725,5.291085728906181,,5.506061051512454,5.301753635136644,5.964037572941811,,5.788753723882919,5.76176630841046,5.2469979572183,5.807026864423071,6.056348864540227,5.219228754016685,,,,5.803109780916765,5.53805283208452,5.445536235624451,,5.776055060476419,5.584606796449349,,5.727366634262847,5.937272861212772,5.292868696379939,5.916713895658251,5.540533301238026,,5.185298309301027,5.2382102758572415,5.24860003237635,5.17937809233232,5.307448411581037,6.122492888020015,5.671265791951746,5.198880807217914,6.093067305020636,6.031020654125769
Q9Y5B9,6.399344774430909,5.942855347538329,6.365000510800384,6.516125798320598,6.234950426798805,6.369916956196932,6.438990527415918,6.249904737977684,6.222097795036892,6.109101422001084,5.991513512248351,6.108477983589573,6.294014293659158,6.370140091665133,6.269354032042618,6.101777605818748,6.318835716369346,6.47783185424467,6.153659474797019,6.33575749584881,6.475485890049768,6.479113956874485,6.32446092906326,6.1880271686464,6.168270305708376,6.053995231313351,6.309529411420275,6.218116209886168,6.256244128166996,6.5011141085552415,6.367258399191731,6.489748267844197,6.442645950894833,6.446781305066133,6.312250176468021,6.376399166134982,6.446629629755649,6.466437360732274,6.369025853132182,6.274119308706765,6.4593830538735295,6.242498969098615,6.423743324327234,6.497678670613808,6.409576774064099,6.415832567638818,6.235177445357399,6.539758582495337,6.186080824164996,6.341425833277894,6.488428351881807,6.327788677283508,6.340167454732877,6.367969315671081,6.444607012664791,6.444745768145907,6.274944731029132,6.426805810944261,5.920780414803414,6.19725508559957,6.386573118011007,6.4445586738318426,6.494376244783482,6.1797325522834665,6.259589852849354,6.276493006045066,6.34140448272898,6.270721545627984,6.476194261993918,6.3904026992026886,6.339784425156909,6.246812939972038,6.262010029457719,6.293157434630977,6.213780685007476,6.263782883179163,6.1840913672351485,6.247176064703869,6.414198868222678,6.1599025520484565,6.259723911807161,6.356100960160095,6.41337820390663,6.293597655866531,6.275224651871605,6.494414895897755,6.473547855388527,6.314270057002247,6.328912530781681,6.334019238428207,6.326133096664913,6.234655303812826,6.142402609043366,6.2395873344961705,6.301885130827689,6.474087739722117,6.321612215700221,6.35792210165727,6.321269700114058
Q9Y5J1,6.165714277894155,6.240309912298751,6.029218394502919,6.28027879528511,6.201525902307714,6.056407685819222,6.205352205795027,6.177638621367743,6.402284236054658,6.0128979474079625,6.248769717147155,5.942174359271881,6.173971906679819,6.2152743882034205,6.001384079512961,5.94183679942813,6.335790627509152,6.212820782911055,6.094992665364353,6.111850573377884,6.35803963305233,6.110552140462359,6.053448873760363,6.0794420460405565,6.200719846539034,6.144201061188241,6.199740523738647,6.233776662415982,6.260029513430572,6.455952769788666,6.182911400190285,6.147109264856555,6.233060115643813,5.761942081635442,6.239520199815809,6.167590197695871,5.984445543952863,5.906805547581733,6.2315502637944125,6.348364107320684,6.258273005451301,6.306886686693684,6.104528524083365,6.209752200706511,6.3719731559562,6.297794076629346,6.25609608978997,6.176724005377809,6.438795286991784,6.167825768491121,6.290519008595686,6.350154398611299,6.292132735649376,6.321820370979761,6.315136780341849,6.408503029555856,6.175023505918398,6.2063270315424095,6.257113690786322,6.28277468608745,6.223709091326855,6.183911882252544,6.388686145291402,6.109775978352179,6.115556058176856,6.1620357834402615,6.459373508799112,6.419443272333213,6.32389899794846,6.326595327843721,6.180685639816312,6.273756149948957,6.380001430724883,6.451790022079022,6.199504503043874,6.219428981872275,6.350856203102794,6.297095721826475,6.215676278487183,6.334871534283428,6.368002266691541,6.500047989143567,6.456263695873538,6.008881922963634,5.866733082616664,6.231755746508645,6.403212724967097,6.055088915984596,6.504746143429583,6.285835341715573,6.26828139424101,6.287527702025015,6.173363486788958,6.398853699715412,6.242546462477915,6.222635464505896,6.188456141595928,6.224274566584775,6.184574808959686
Q9Y5J6,6.362943710607445,6.374243313805674,6.385324056233702,6.477395158050005,6.133214075981127,6.468082914015491,6.19864606883626,6.096318551961233,5.993975191911865,6.1749454292289006,6.206546927744947,5.780941271344976,6.467079334949071,6.419604356152049,6.114332621053856,6.17260677063954,6.239666352785701,6.236569785727873,6.152865472347614,6.457797787391114,6.593525315025853,6.17321188138804,6.4548879760951685,6.255518023049827,6.357460324235216,6.325296194063171,6.130022792025494,6.495151109263353,6.467115682752439,6.544653445753064,6.089892274829909,6.339594772767136,6.283024619100214,6.075351165919942,6.349217504793094,6.094300225400385,6.233061325053086,6.4554595133600525,6.552778703750416,6.315662093500187,6.458381729799747,6.294086120820206,6.2937633368348855,6.288562950356365,6.10046842603937,6.317051887549855,6.084270520417562,6.417378448500394,6.497202749074345,6.438672874105061,6.006054112858452,5.976083526726265,6.209561906513325,6.495155499966925,6.145270873629718,6.272892547686379,6.35190511917255,6.496556763960653,5.79016093312395,6.116479371485237,6.273868188750239,6.379197216422898,6.418200889499243,6.379043563437149,6.170482552785943,6.354723516502268,6.144628780479555,6.41904715543248,6.157311937929242,6.122729837597031,6.376644920880408,6.138821160102414,6.480850831609763,6.338792646938529,6.579556106107566,6.521962059496715,6.207210540677458,6.238922789800567,6.451024434368102,6.509439950705144,6.46685117746862,6.460740812650219,6.5549298501701125,6.421054394607198,5.93815205323712,6.2590905190820845,6.514831436484963,6.405810862533721,6.418622238715535,6.183100339849936,6.492654401385131,6.547870877349094,6.288852077146578,6.02169922365355,6.37527183811568,6.444652531958868,6.509655327308982,6.051526350297259,6.355357983235621
Q9Y5J7,6.27638296132792,6.2425817128755,6.046278349826315,6.802896143732969,6.405669069407251,6.524120808315341,6.244976286355763,6.12273308856259,6.414140319739381,5.854378643780724,6.331729219180444,6.22472565593575,6.426721846181483,6.535751338148769,6.36070434743484,6.266858902177543,6.294998897372326,6.554754216020822,6.460789151389476,6.501649892960104,6.633792408908802,6.720977817827354,6.222964565575254,6.482852049193983,6.495193625197983,6.419554955590332,6.386793261937228,6.484770631608729,6.422707036570207,6.478584447890768,6.052665012567948,6.456781737436385,6.250924993166343,6.424661763135582,6.333713888070901,6.30196318229617,6.773760007684592,6.7719919182406905,6.422311009735406,6.383655045491254,6.280115805313718,6.57464620232105,6.432209027866985,6.35466998655761,6.333678590374605,6.395447908102117,6.2799109115643255,6.605370671409125,6.563623624164892,6.613244325162597,6.417266799440515,6.413564961825202,6.052986404448137,6.537001625866587,5.977116342521121,6.673067362600623,6.564870500289043,6.409730400882619,6.46365089498229,6.397466962164907,6.014902984789028,6.526390528801265,6.249500788512663,6.403995021809775,6.133918734852697,6.304748040137191,6.552692952709979,7.016080141311946,6.174520095920832,6.556711177188897,6.3360520401293385,6.529205757693918,6.522169376946502,6.687182295048116,6.480574649185268,6.422002524447775,6.6500464064586655,6.082205123682848,6.49031723805888,6.602703899690271,6.501727297355762,6.496282876799929,6.553385639343289,6.537044419118255,6.340957033105028,6.558205011874729,6.776527803351412,6.368263741147754,6.468865989188032,6.404642396898145,6.386632277121482,6.624591810155344,6.294425746625135,6.479178701626628,6.422715881687761,6.433352751182188,6.430540462544565,6.291798444769219,6.378040224086062
Q9Y5J9,6.284195823237895,5.970079417608921,6.299904764200763,5.784816675825658,5.7571299246935,6.253490462096066,5.964644386780054,5.753892564308105,6.385249406731062,5.783277047810035,5.684727374966779,6.159347328256233,6.022413935968371,6.150195180192425,5.721470237732563,6.10706516427425,6.041845445239751,6.108808998759805,6.04403275453774,6.298903794192601,6.3676188854124725,6.046013108302217,6.131691540388982,6.058242266015929,6.334344403137635,6.403429093077868,6.360518625836916,6.184735549158616,6.18010957158014,6.276792620178618,6.184475596180407,5.965835437340413,6.271990304425461,5.97898077844599,6.143074367985978,5.706475678931334,6.313346547056201,6.163603028107499,6.205010795149127,6.1900859514941295,5.9340417364204345,6.2722449014494455,6.168784961185057,6.058975096859919,5.721017975286993,6.236824387149747,5.981302249491404,6.391759900994183,6.280205592556549,5.692864644862899,6.071505113802031,6.054300727569293,6.158119479378865,6.198477035595072,6.230615905947921,6.17160330084551,6.289842940224057,6.090911151038507,5.842895606873266,5.734971969657488,5.953873612324856,6.234019216270056,6.007640244112176,6.293699695942141,6.069016937484003,6.154690064428782,6.208844460713225,6.2838002836939015,5.929250233188268,6.053294567557476,6.334988115359364,6.216106756219226,6.286371549959731,6.233027558682446,6.285707496345076,6.231763635458687,5.677832245098453,6.30327745093537,6.109724559969996,6.349311720260925,6.277647334394908,6.3906059529228845,6.398603560002395,6.036021396004994,5.9977948537186725,6.228909590237677,6.201347695730721,6.307331247631502,6.453298127678702,6.165419748880741,6.184919762886111,6.204191376816954,6.299294903478602,6.431277073584353,5.997220057775657,6.275367990200383,6.199409402069845,6.11683375605633,6.250460219270139
Q9Y5K5,6.556664669762256,6.510159249178815,6.478474507774626,6.04847229767395,6.432682383950821,6.336998234072753,6.327849204423334,6.360500556556735,6.580518047295096,5.824892318124292,6.095842036594646,6.215574870726863,6.361698824114653,6.45526827579059,6.473133837013654,6.35232796564287,6.409595765712619,6.4128737824677575,6.406551355855468,6.432734035138369,6.382905374406411,6.336138802581603,6.281375088717061,6.084050422221457,6.204020539849909,6.456419166473479,6.460732476107557,6.360187128357116,6.226432672547314,6.41673409735214,6.442243458894144,6.32870497494031,6.544168484831783,6.361327850956285,6.366372214653125,6.450470442230458,6.414020864940123,6.536159780575552,6.507219277561141,6.564906570806092,6.491702128894479,6.24213759385994,6.4273541826351845,6.501448125003577,6.352223810242682,6.344887059248741,6.504567507221067,6.62338288047233,6.181219890011743,6.413054787231239,6.352031303944223,6.36305125440321,6.3852586540539615,6.193997761706164,6.377608131522356,6.375658125476298,6.092289602375428,6.42572471234847,5.910800306791402,6.337688268464717,6.227793689939569,6.226721018458571,6.413590674518661,6.49347344414308,6.194132728385355,6.497864956444095,6.271769124341351,6.318150135012984,6.395009156961773,6.449826066506246,6.528970850709792,6.428644815350914,6.454343922746853,6.113303885077433,6.281076373637882,6.529344468161325,6.399742706305249,6.397763687776006,6.343961889164694,6.208583213364294,6.186925656972424,6.290417174270597,5.837485386895138,6.19572019743743,6.329792250904202,6.358826705387717,6.34501650791297,6.595076081813633,6.313420835967351,6.352315828008598,6.420307164906007,6.243696488816228,6.511071619657052,6.146531133794642,6.585412284710337,6.514485030830961,6.432029565587971,6.554662972631208,6.559209565881625
Q9Y5K6,6.194517495624687,6.413085113675923,6.337692121884281,6.332311680464141,5.961724328045083,6.227428873673562,6.020152755198466,5.572327686855867,5.99584400303762,5.6586604111767445,6.135933688061311,6.049798772487468,6.325982940035272,6.179216199136276,6.248673565739994,6.34302372585883,6.337411335506635,6.218430731542973,6.205504871324873,6.062095231815024,6.156824268308394,5.929199991283062,6.045041784485438,6.262715947347154,6.0084161836904855,6.25609524187872,6.409480055629303,6.059237611273886,6.321643360018173,6.141709648039427,6.287803193770846,6.196354710272218,6.280335552095943,6.235561825203206,6.125912042573873,6.204028105632043,6.31767612365089,6.279322224181068,5.988248024488359,6.255435490935522,6.022720344716621,5.334288609712092,6.226224523492167,6.116871878560416,6.082531892014041,6.003771113155772,6.16927976203958,5.639170596971389,6.160604400535194,6.074585783598428,6.121790186439842,6.021533728037964,6.219976447058865,5.690142609006116,6.275885628747423,6.292039585777063,6.007501342653428,6.3303627913335045,5.911339713510335,6.273924671743687,6.098588284694759,6.203001174349189,5.589611006521566,6.123572885849963,6.255438538196102,6.209660067965214,5.786680768273255,5.652414732368042,6.215317952615408,6.166565865905603,6.317241942292839,6.225356290397542,6.315514356814018,5.704604458385295,6.024070199273695,6.252743727184859,6.225600832250644,6.326612859753744,6.147809915251155,6.046777389264722,6.037432282313793,5.92722850370605,5.8356540172015015,6.299671820740901,5.986411958839933,5.957695960714863,6.371988567073863,6.271097883148608,6.168374198309143,6.169393370654779,6.420088423275503,5.824433957535579,5.97755748471964,6.2888940616643305,6.277885323535987,6.122583780980762,6.216270514769304,5.762320887145569,6.231959298214157
Q9Y5K8,6.076714534691153,6.173018255756123,6.006590094750203,5.784019540650363,5.921311231678274,6.178594751234328,6.090386240300038,6.133377999065557,5.972505117025442,6.286984322145469,6.250833676408961,6.049706954853198,5.715780121122695,6.062419760563541,5.899384645825061,6.20638217755817,6.137500570852785,6.202039889482187,5.941337761982218,6.268393162542798,5.770595491795076,6.130411542352304,6.227622962289453,6.236232527994622,6.24939518476453,6.311977154177104,6.236787031086802,6.24115997566024,6.116301168750752,6.077862696492572,6.189663413410928,6.226749382609948,6.175929984834858,6.271571306382297,6.213933731847535,6.209489956479896,6.264582348694029,6.271473949211037,6.171598895797794,6.007751618769516,6.126097112797781,6.083094381876096,5.372645208705472,6.173791896675876,6.190668058273571,5.893166040590559,5.998544858170791,,5.860025273393121,6.246810944446511,6.187077631318276,5.772425304623216,6.1029783371077215,6.028990498718194,6.122976415433916,6.070674667538762,,6.11291621961418,6.056800608830675,6.026368601309271,6.158993493811957,6.082050983554609,5.914222889583371,6.20590686339623,5.480965050377916,6.23098271305768,5.751459360116155,5.973651455126147,6.140847794248131,6.213271466737784,6.104771394175467,6.152950739504098,5.710621491278882,5.650717432317324,5.981805512851336,6.251421927579148,6.096366239644665,5.404435601671836,6.026954173452069,5.438668889375639,5.770948819621722,5.948953447016161,,6.146037979036128,5.721301268867755,6.294183571824185,,6.123419895819032,5.487729104874196,6.158193222610626,6.042337592852316,6.229921364885426,6.259385745770166,5.99588711237547,5.989353119826611,6.103795389021842,6.178373528974953,6.214705222377606,6.07860983900096
Q9Y5L0,5.760296420399548,5.713828443709192,5.487259191676567,5.447828545307485,5.437514560494895,5.452683944243202,5.90904121684356,5.811721708172997,5.451285822831236,5.450156364018002,5.843270498380483,5.536304625362054,5.855246555914569,6.056360492513158,5.391558201526944,5.446347628277236,5.756392249991677,5.7757749105997735,5.848100592242028,6.067577072700879,4.959354201659861,6.005873225673417,5.773892976707457,5.388606021968,5.619705668036661,5.714966032326249,5.637814428668038,5.774502095678518,5.185541806588233,5.549085131130392,5.486480949434197,5.8888810437399135,5.759921097659564,5.784490092440279,5.151784684823144,5.677467460016141,5.366477951416342,5.352993615779084,5.86580230530692,5.586331670061586,5.945512942130094,5.438825134729041,5.727120797315279,5.968935919259351,5.201802133884769,5.365884650529583,5.901678857458803,6.005500930695643,5.450141385079983,5.704809839673491,5.269798066845895,5.239449361714757,5.475805551409262,5.396722271420124,5.518395989313163,5.622189666217413,,5.811666547921384,5.663665779693515,5.513081143655987,5.851241474611871,5.423563282977309,5.21586903718004,5.720102516647352,5.744676981738957,5.974431485980105,5.531462015978807,,5.978603884259687,5.518184483268763,5.580444943427386,5.411262957010285,5.594683263840838,,,5.899205953425136,5.714472548309552,5.7459325467140605,5.593705132110698,5.230325819902031,4.9657979208213625,4.948635477346492,5.452209729765786,5.967169118162168,5.387700997911626,5.412927689095457,5.835679486770779,5.213837225669924,,5.631749580023904,5.224397291175282,5.60779606145191,5.7139668504457015,5.597712048598847,5.481232311075332,5.998635128772342,5.781903397174816,5.75247054481971,5.807839148734899
Q9Y5L4,6.598285410734137,6.435046204372381,6.26281199755377,6.343441142573976,6.116496565395797,6.145389422376043,6.343756452958296,6.256590349190862,6.34736255801895,6.326775298946125,6.36683651147168,6.425728163164294,6.123181401013745,6.3472472036953285,6.261533142126,6.450619633281581,6.425045396980992,6.3109107342260735,6.133202983676799,6.468242988053883,6.344425017127923,6.415829733352432,6.599505179567338,6.421296685638968,6.307861721304979,6.339944885543314,6.526518977179276,6.473038670961256,6.550893390420405,6.542526888530398,6.375974138719316,6.433291523707684,6.370803285575698,6.224835750571653,6.340020043935647,6.245716716587324,6.542844484661483,6.453581726328972,6.4428630235255735,6.266019791228887,6.401274616765101,6.334242069585267,6.356933502889904,6.459767219585018,6.364691735246273,6.503359424276834,6.065577298137479,6.489228443323199,6.615119783351497,6.43266306406863,6.46305261916946,6.1370479859882,6.383391462377852,6.507062971538924,6.43578197898427,6.234198058762748,6.3834810701185365,6.307947249748022,6.229771304295453,6.401706023498617,6.42643385908028,6.522645833205308,6.390262805751923,6.367512537899176,6.303780649696721,6.373845158974564,6.319594425269351,6.612617639467668,6.414494733129855,6.105093021387617,6.5322961729365545,6.414261410449694,6.554844694935063,6.616441000208345,6.657979734972358,6.313294175050729,6.3622909624454405,6.584131216318062,6.530148468163436,6.452463218505963,6.47648216231834,6.561098715683968,6.598397970246033,6.262618567739837,6.085823329327681,6.149096077100526,6.508146138721514,6.514656858356821,6.684127605926976,6.535429844800877,6.396799667302351,6.5661080847699305,6.381535941106186,6.505176916429656,6.458447440375004,6.35851772056802,6.481132535493945,6.220552220731635,6.324871143698585
Q9Y5M8,6.437001922137341,6.453970830915513,6.457417052314286,6.699598516055115,6.773462062274265,6.729642334065123,6.695969671334057,6.515576571070374,6.6959584746118,6.809647271071025,6.698177417057696,6.787652516727436,6.628560798382701,6.6318333514338095,6.49248575962522,6.716052921396085,6.6724585424613965,6.625205264580808,6.760776536899629,6.655490154040209,6.744911654926495,6.4592954412952,6.586395185140141,6.669058548901703,6.739614459554371,6.730715167655031,6.479112026896263,6.6780106196423095,6.678701904783996,6.739968429426985,6.552696628426445,6.6278266264359615,6.611882721542346,6.592214261920274,6.652806707889127,6.538761284535337,6.470329910682799,6.46283509396199,6.613026547017615,6.710400887641828,6.640980520052349,6.754874716200762,6.702021114665324,6.422779463398945,6.722298008554151,6.563519714538598,6.63000124395354,6.803808901069605,6.697680339050798,6.666893527854201,6.7964034508961255,6.68165721590352,6.632038277701743,6.6481198437849685,6.558401033206634,6.713125691646708,6.620462749144986,6.548642612975883,6.874442975575638,6.659530067528138,6.669104086306573,6.697652446926506,6.758619776609723,6.697817927454821,6.586835964416839,6.466408194944059,6.85293232909204,6.801785450686914,6.53063796920312,6.684137981207746,6.515037599365916,6.721405786515732,6.6522981494370645,6.946131263801026,6.860466606814001,6.702810504844347,6.69205919550704,6.718712027967257,6.660335313496312,6.7302940686562245,6.759390046003059,6.872133391402701,6.803053313478131,6.660044394217034,6.665756729426649,6.710884306325202,6.665228032783326,6.368767348707063,6.8661651930227015,6.552983497291852,6.661684950675983,6.7073724282268135,6.586374293262031,6.6120037115530135,6.611549414874983,6.6888376197504185,6.702604272862883,6.425598908304407,6.53834962134455
Q9Y5N5,6.1097625945156295,6.127068913686018,,,6.014849194084373,5.73151273426871,6.255531676224053,6.383923890278259,6.231686148209949,6.059111666761265,5.964637536680674,6.143579295755455,6.006491814596904,6.104778037607613,,6.05370595071697,5.997322406398366,5.583312361628382,,6.129569548400106,,6.22154686237478,6.204639606567314,6.011481266686783,5.703474476256278,5.7805973669287,6.004315664987369,6.117868665510272,5.9806502536914685,,5.965194718765707,5.917434580494333,5.944005986251487,5.648023527081461,6.22840051706427,5.660417484101469,5.663077117003104,5.947104281092851,6.119236711172684,5.971788277013304,5.901997067127354,5.755110215741359,5.661810224798403,6.039923042790308,5.66933153265897,5.6655651519291785,5.652189705620885,,5.9322816886000265,6.11272518293309,,,5.978343860605743,,6.074647021861781,5.6237544884379735,,6.186722605808406,,5.985752874541915,5.932944337801621,5.723832770178783,,6.13288515278324,,6.113697483741958,,,,,5.949807158455347,5.710376236495824,5.677122179949676,,5.773865404718496,5.726100526966221,5.652815143196781,5.973738265116583,5.588479320943862,,,5.727265470953439,,,5.986076801177758,,5.662026644952896,,,6.108787871163152,5.698179337226779,,6.341879160003487,,5.961291299014839,5.65800587145598,5.956391683315399,6.223930880769345,6.102538743991081
Q9Y5P4,5.847741420984315,6.033119414571814,6.082686805055349,5.5269392457095785,5.018873308673395,5.041112761810104,5.950286247650498,5.904089774849972,5.65704276753564,5.753478595144869,5.7352693363443406,5.439171190066737,5.836781381050315,5.626077431915403,5.904292324915397,6.135396232672148,5.473333692742222,5.6777101722281245,5.640491681772782,6.165192352508357,5.347267008722128,5.825327474041611,6.14299338082125,5.91686227889598,6.331021866313144,6.08944107947486,5.620012764225614,6.208403415094594,4.973646674152203,5.541461406892871,5.743551843990407,5.699909660483485,5.637046983983153,6.071640529580003,6.133258706907014,5.532858448065569,5.469347666608172,5.810020127278364,6.190233136376055,5.679856256655274,5.859103452508595,5.753973178901122,5.649211406812764,6.206996410373311,5.683634764127797,5.283523499797901,5.816988290437353,,5.713929752400484,6.016954395723516,5.366232330376866,5.511305142035639,5.2652885436637815,5.481915370317036,5.5251906272298585,5.411553748158339,5.119435071376949,6.196054456650687,5.146223596427491,5.58957241033635,5.538045542174581,5.641457723262282,5.296912367442991,6.268308151220687,5.524000852216296,5.413590227210812,5.014747833598514,5.384874442768506,5.918267239803102,5.607563165242742,6.109008820269912,5.794277723655505,5.7656458191887054,5.226358350448945,5.56312910687376,6.178099861986517,5.907909676094246,5.882669716878969,5.496062638777701,5.489280721026188,5.824847942849252,5.6429160502094025,5.372969450453724,5.77844006172064,5.70473490940654,5.492316268483381,5.86828019562364,5.485948278183494,5.545204664882429,5.238785280495144,5.603406913998982,5.772344241813383,6.133119915508468,5.563764386683602,5.731449920343314,5.558283033145119,5.864371185922376,5.714009212522632,6.111998553427198
Q9Y5P6,6.319988325649304,5.928632462088257,6.491120949139887,5.719335903230302,6.243837901242723,5.726066213039376,6.444587543991672,5.979396166323867,6.040013639293321,6.290539862842732,6.120346807956984,6.006933191501153,6.146351779278136,6.002055993001574,6.376559887281447,6.337660017127918,5.857659725289425,6.32051670222269,6.107371795580121,6.182507348110941,5.436347681203881,6.317811025016759,6.285951217377984,6.342005616849136,6.241089329792271,6.233843182151794,6.392239062629738,6.4058139108832,5.957038833873664,5.917311035050732,6.345847858101575,6.255649187614271,6.154969199405382,6.330755323402442,6.3096794151357525,6.0568848765568095,6.047864149351748,6.244334771674761,6.331988419211663,5.840633759232896,6.330837421213615,5.905206110055488,6.371351334270132,6.423737655345823,6.306637625498963,5.65072313386097,6.113639561349988,6.169549856598282,5.926663305070655,6.358825110499426,5.719344447899847,5.392086661851249,6.358447910759429,5.357092466330856,6.06135042968924,6.258288812078872,5.473635794224155,6.384127058928726,6.220506369412952,6.417596092862758,6.269581772229605,6.105795675409525,5.67279624790509,6.396494842564824,6.4702245982476265,6.2157130259040025,5.702079650548853,5.430486167388771,6.294143069571771,5.663849011766845,5.81443149642416,6.100175814862991,6.398026959120344,,,6.1827584215760165,6.374446279735073,6.138967088058579,6.220303880045525,5.373971893065154,6.204120753252559,5.881612944899209,5.9099785458832885,6.3800062129290325,5.850484192988391,6.402521159940724,6.3485088807096846,5.353060366488628,5.424805059894198,6.089319403523004,6.226285088966998,5.655214184316812,6.368539427667495,5.915888745273429,6.280623299136562,6.390745129836517,6.388611327014248,6.2158994935805465,6.21399706042282
Q9Y5Q8,5.879480421479674,6.029784727480893,5.905512397914265,5.391231406546819,5.828239322909019,5.682638667251567,5.992529414886142,6.066958347245997,5.93752962790309,5.572793241526544,5.956433467518324,5.194274715579375,5.79848835446074,5.811215914948693,6.078559635449071,5.794153003245615,5.936650882968746,6.021766983615402,5.549648491480507,5.839312769727998,5.694217400239887,5.911713247255646,5.635028762442437,5.52860861996547,5.645473704802323,5.120275714634926,5.644890092515283,5.46005567795743,5.716192676576034,5.93612734537217,5.95544884076895,6.07894507525823,6.02320118380558,5.940442616968231,5.566513853286096,6.097887149976408,6.008964484712932,5.774642377125294,5.595093010805194,5.857822412387828,6.1025896622607805,5.5595038673336505,5.687177865442307,6.056922675373626,5.616175313817945,5.912745821372938,5.839679972837109,5.808893964241935,5.876708854904495,5.9738500230652765,5.947866332821805,5.973332893044312,5.703568370407478,5.640722445634228,6.0245449051475655,5.971312861994939,5.143261372741264,5.881647561919967,5.178658675621471,5.808939299684001,5.926959233647524,5.767464681094155,5.881486815342879,5.465052970967883,5.784383752202393,5.8174805127654645,6.105088008228517,5.8094208593378704,6.072032171226988,6.080404742981408,5.4590417293323,5.349166465927476,5.801531180661013,5.550959891383699,5.904455383636899,5.762391610590343,5.7664491253262735,5.721082865419692,5.981805282966313,6.135360458247316,5.930522931299458,6.0350125543712885,5.572872091125932,5.942330727157618,5.325367504683178,5.831107294170787,5.301389216369333,5.617897156341791,5.9497795406277,5.882917351071168,5.638781192145717,5.876520213381426,5.4600733537608654,5.957498386942687,5.83509547311728,5.900710325532824,5.951249659886259,6.112516550308156,6.245084005443832
Q9Y5Q9,5.554710456021123,5.6458303851624985,5.579063472929028,5.280628015365639,5.5361208155031365,5.568264330749246,5.7191196481647495,5.616571104288442,5.582545841406533,5.446662332766408,5.581639138425079,5.533212884215149,5.378223935898613,5.448761252340621,5.610891197219456,5.575111659129001,5.400484356841521,5.519614702990598,5.431905635635796,5.481322700835672,5.444328014626709,5.650828473655544,5.133657175845417,5.405881602562176,5.628277263581865,5.59591250661586,5.417395880648287,5.560988436624216,5.49384870092754,5.560668545762094,5.497321657078548,5.690550903514985,5.759897747349776,5.179678642344768,5.141320942785849,5.609929199573329,5.592446277312685,5.478468571970317,5.354505251804819,5.379439887632379,5.678843744345387,5.566810493032945,5.768674368208761,5.68849184419154,5.379432638126962,5.496332151652334,5.483997194350359,5.409694230699129,5.457347507196917,5.643347859831547,5.5776079663507545,5.648387050970378,5.370457301545112,5.6122961282442,5.523632803677454,5.624669370296315,5.327799038652583,5.58529714915541,5.36138798549834,5.51802797096276,5.45185341339092,5.546909558435225,5.516984671075778,5.472409908886953,5.269598127384312,5.461102096376622,5.784149983126263,5.467911985676574,5.534398975703445,5.705446821623749,5.568102601615986,5.532853169357466,5.675447677750884,5.615218630094252,5.778529700082703,5.644719884153288,5.57224590601031,5.685806281447479,5.668039649280228,5.646330361634198,5.6680381653303735,5.742435677175796,5.57758081120183,5.518300723893888,5.204551577078345,5.534662917235168,5.3523114741322,5.227068496274388,5.595663544314548,5.638479307922155,5.236113694615886,5.516608781505021,5.645321757979457,5.616967384224909,5.354539604773905,5.480833356477577,5.577520743598662,5.696142023602151,5.690284802068314
Q9Y5R8,5.506666115058934,5.498692506717829,5.533170764951515,5.611441359777373,5.565380878043727,5.612623031775381,5.511416317503937,5.53661735139306,5.611880616245049,5.924371411896082,5.511604442440249,5.694787643456525,5.537920631418043,5.484535854130781,5.555329425429278,5.617388925444133,5.541934569021439,5.467609318644078,5.891395388844982,5.810695734647912,5.586934116585822,5.38925726094928,5.46553331293747,5.5625082514144895,5.560657312856813,5.637398002688684,5.561852254537671,5.490915590009665,5.524798085163833,5.491432440759636,5.533537430325737,5.4958651300292205,5.492913359785063,5.537652364038764,5.49158987414594,5.532011428199141,5.546860816804019,5.532990996236435,5.501157801508221,5.536702480934678,5.764568148637983,5.594736597635388,5.527469062198174,5.726735836064309,5.5268444031605775,5.531844107152453,5.535433018615035,5.712492455438331,5.477980300527893,5.504650189777124,5.6116059697430005,5.872828088407602,5.5340293400135465,5.541158617027426,5.463532710970333,5.479432984987362,5.647375541746298,5.459527658961333,5.688977856937404,5.545956060484793,5.783175157776789,5.5834070079727205,5.547572864211599,5.533895649017408,5.603486333637053,5.533758055035976,5.579153648347666,5.604988350893478,5.469685992913724,5.546009509450825,5.586846631322376,5.571861079163491,5.536450101728814,5.764162559501489,5.632972628204708,5.583749660208491,5.504221884834808,5.537171849522186,5.454144778449807,5.559255035017189,5.597238023912442,5.5825893079122055,5.607426435318699,5.552248191194487,5.553698242365732,5.583617915740555,5.524540760675318,5.535863434782009,5.631109794007752,5.522645325587079,5.560009146662859,5.548347351451863,5.510564427177557,5.619404521729612,5.510578753881224,5.536903280084324,5.509724096817726,5.48543719511428,5.504100419723362
Q9Y5S2,4.585176126518742,5.389023552740411,,5.183518344667414,5.625930284842364,5.546955084160107,5.386952124055264,5.234424018155182,5.003208229790362,5.40215209494113,5.518612823345299,5.392587819251156,5.594211798521735,5.488243721434707,,5.009371029089103,5.119314334458815,,4.9755764015875,5.316263416182675,5.297083548606467,5.166076909347075,5.408556256845476,5.518355466526753,4.952910232618303,5.204273223680144,4.959459109776994,5.201783707447211,5.530767399332536,5.362215173911375,5.211942925110258,5.2602459850133645,5.0539857183244665,5.198280814989832,5.354849640089287,5.0887392594171725,5.097748583779042,4.618094480544757,5.37443007372709,4.922905808508057,5.513682703839781,5.3924374471521865,4.58769286865824,5.361635625461034,5.575754619115949,5.407089630364244,,,5.190334761629639,5.186296746788302,5.18312080311303,5.369578216491237,5.395046763631051,4.636138665921738,4.540939195844439,5.486542282322853,,4.833436078041303,5.287190956449501,5.334270768080635,5.365317588934973,5.583411240974016,5.342419442172074,5.385179022601398,5.169236635765631,4.59063574963776,5.263702598556412,5.04429771198927,5.3386673291329,,,5.272487508587487,5.234429136781231,,,5.464322508792078,5.378635211506586,4.618701505505378,5.501752736927434,5.131635512643567,5.401281107004857,5.16207431350289,4.701115277978361,5.357963941736266,5.435389034052299,4.65200291448564,5.460161316057033,,5.307016704241035,5.287872102138897,5.565136212687659,5.1138114747723,5.202724151059206,5.509787309020323,5.376987413938653,4.656139520728709,5.301234568594225,5.428544105713046,
Q9Y5S9,6.466145838326496,6.508920699116837,6.55709984611268,6.721758124539834,6.623491416568188,6.62612026342997,6.556814291915713,6.584199297790809,6.43570849487395,6.567917413337433,6.542169974363721,6.428647816589507,6.397567543868173,6.517790398609137,6.553825024965708,6.584373609271708,6.5914249847263005,6.488423296139308,6.49570664168561,6.530777874118378,6.564697615329186,6.351605542433845,6.4708350261519945,6.3986293197430495,6.51685764741379,6.460645848584997,6.615229109868969,6.33116221555185,6.4166949101395465,6.523138562532624,6.479510930876033,6.5236915770349,6.489113071546752,6.539318797573689,6.494934804945027,6.56459496221944,6.582277641010178,6.497901073834393,6.315320426079191,6.558417824750018,6.478742660316879,6.585555165480919,6.539208388053648,6.448213787162973,6.502465127314138,6.510737302279416,6.430092440903884,6.4800667066025,6.5320848846043305,6.406837237371277,6.55019770166214,6.617901025464931,6.485969218976704,6.5989087231984005,6.429330333443776,6.548942462237991,6.630245014470787,6.46754368084266,6.519974958873681,6.4528443542934,6.517522312245188,6.57833378478269,6.621556065824635,6.422931303570625,6.554826034003343,6.51484223145792,6.482435377045205,6.65365856359405,6.433592554485061,6.603083408083302,6.579390325889467,6.524882657720135,6.533441364048211,6.5909318947311135,6.599793615135321,6.472960188194207,6.531556669105403,6.492998004419192,6.481578098304025,6.597797256925642,6.416790430656974,6.557739815713033,6.578905896287797,6.45737639941242,6.551375133165434,6.525283269604,6.548873292819254,6.65147417101811,6.652774235203419,6.537722727294962,6.586770983409188,6.457429875905256,6.459821705671646,6.663390959822994,6.53264154381698,6.479760609291272,6.471651393408177,6.567341321854386,6.522734929527326
Q9Y5T5,5.160081449781204,4.8821677902887695,5.180483456123626,,5.229165376409307,4.955142215325052,5.344137901659991,,4.969567314999232,4.9724686941867535,4.878880590420363,5.064641652162547,4.895643842801706,5.145392018904257,5.206700447432504,5.271892780160158,5.215610651263358,5.10618398030907,,5.174613978895369,,5.343330645949217,4.825048165936529,5.223583435530256,,4.99882377353265,4.930163663057563,4.867909779957313,4.895558752250532,4.854733551050621,5.358455399536844,4.83312108874008,4.857611201366828,5.169677565539521,5.142169534980099,4.881326491248379,5.183183921667252,4.867636419239972,5.164777409962968,4.892045834922192,4.825543217972907,,4.861273247993539,5.257307454613007,4.889624158121712,5.192681531567184,5.171452344007491,,4.85270603477862,4.851437686803391,,,4.887348901649447,4.909784244726732,5.119660637149131,5.3273207216999765,,5.28554942050896,,5.390710454500674,4.848145143317183,,5.391974593364983,5.171427960539079,5.258572940636293,5.463028256860011,4.937976504053794,,5.309216622136329,,4.869095929492227,4.938426440967495,4.906905396636585,,,5.247546179422401,5.171853927789405,4.8934811505471645,4.81253477756463,,4.960167618506196,4.949358862360926,,,5.206474090991246,,4.883649496657244,4.898371635446844,4.978558795834933,5.330365533898155,4.917963688827331,4.9049432507884845,5.467213333819398,,5.347949501164562,5.171257255304205,4.871522356191531,5.14351981767124,5.549398000000791
Q9Y5U2,6.2521541287220215,6.255821033955844,6.280824260190235,5.644267741172774,6.347029803636987,5.6709538425002535,5.849534483259239,6.34578302519949,5.965945161712491,6.13635840092609,6.348673312589967,5.734758387893188,6.196569815173321,5.542593007130727,6.451227561430244,6.147852526921271,6.4033060497379,5.7961700169056165,5.932482897264778,6.050008329130922,6.254595461692729,6.330228177503303,6.210324804204703,6.320532162997255,6.459200400576336,6.173072654547348,6.106546296987396,6.15539514156195,5.887630818199649,6.252082275004115,6.280054575659742,6.128033396389235,6.165805866861755,6.258759744175007,6.247219454737044,6.199461781026067,5.893673411968799,6.255306857360328,6.270396981419946,5.86780980560136,6.002970295720053,5.643048839466269,6.252927997316666,5.950539636047894,6.1956205297377736,6.074835607162499,6.042076979742989,,6.139735519309556,6.261745116403937,5.655833740809211,5.92924598754961,6.064025961702741,5.90043874925942,6.27132339366093,6.03971105850273,6.009281745607604,5.97379833806284,6.065821281115284,6.239116843395423,6.241216086443938,5.932629884439599,6.298046969662975,6.162942091723471,6.382810152833134,6.2478135083300135,6.102544152232007,5.670764858160047,6.213964958167665,5.904073205490035,6.186419075939996,6.333537146343362,6.192875624040449,6.148210704644672,5.984506782930497,6.236649466009348,6.1729678271434665,6.298877147286172,6.12880482878669,6.109963690593885,6.114752596140408,6.109887406469975,5.953767443004598,6.088739073263115,6.061033612166471,5.911920140421992,5.870732315591395,6.446152266055826,6.006009432557464,6.255157469106319,6.22339825861516,6.217853582589586,6.060160955614082,5.682160238462811,6.371717996210166,6.027634491224938,6.042321976491707,6.439040081876479,6.246480771246551
Q9Y5U9,,6.190977584848513,,6.312695965027597,,6.290326510602814,6.196584806610366,,,6.499628216296053,6.2209937707711145,6.586425052106344,5.921517220083556,6.177632971022362,,,,6.147582546195146,6.296094284857724,6.214287647350936,6.300548904953409,6.078362651706902,6.171819377875487,6.262785845813342,5.947132551815027,6.514353381950613,,6.196974570927758,6.231424856601138,6.206851291090148,,5.859373620112168,5.890853368457101,6.203138001532202,6.175294157719124,,,,6.212388467421734,,6.1733007345512725,6.473022333383754,6.198716610446592,6.2991929515491,,5.910514605381042,,6.439061981785384,6.203847990113754,6.192624890622199,6.3138016529493655,5.972291845843305,5.907491018277549,6.435141552298704,6.159760244695437,6.173121464324417,6.046376119788192,6.145330987381788,6.397815903850659,5.930528931510224,6.363702962956093,6.462515939064426,6.252454338147583,6.222122511788939,6.308673967420601,6.175037733999502,6.2812650026114,,6.166977850031843,,,5.962510143782196,6.234953487184553,6.474924379955159,6.337138628752786,5.9696962544837335,6.2136265636149,5.926333863096813,6.135379134466543,6.256818132690681,6.310670150979019,6.4707752086312,6.311692968677605,6.253778840543472,6.262975953474986,5.949897306728378,6.21971149219158,5.938702728484387,6.503564235910055,5.885161209912281,5.948416903097106,5.943505538786628,6.18891364947984,,5.884768763815076,6.215198691140236,6.209245259763892,5.869225550248793,6.178694607350723
Q9Y5V0,6.394784507876112,6.499941964842085,6.68705579658636,6.131043846416924,6.119555531918692,6.12473138651028,6.437860477864245,6.285533123292559,6.183264207891997,6.16706329902604,6.403414060860264,6.233170217259404,6.437674489730517,6.348354339157166,6.468695394211391,6.511905342192485,6.404297838207146,6.30984543424917,6.439154364339271,6.381576205937287,6.138322387949376,6.30574696598037,6.314322421762013,6.437938258652129,6.436554646755356,6.526006582798569,6.160410445397278,6.413540162132646,6.378684550242655,6.3351120194527,6.470562150881961,6.357481648121757,6.4200181060626615,6.433961388380688,6.341814764559867,6.4772989623396295,6.764925799199903,6.48490178119058,6.3934731917464855,6.083619263891116,6.2982010579325465,6.159668671709124,6.06003534736687,6.290629597432254,6.414010191997317,6.381309674332842,6.553611811573612,6.58752815053137,6.351229254140463,6.354134125369679,6.118398515338292,6.453838770563049,6.387462544623093,6.102827074861983,6.377439904487501,6.390914575727665,6.508320987721036,6.338790037146483,6.248848075106501,6.435557553714466,6.036048496411586,6.142801193878215,6.4000840165478285,6.385478644998642,6.523185618805637,6.505392273247928,6.090360740427538,6.246599605149422,6.374533415724251,6.413517387272581,6.46324135177303,6.459209932958357,6.459249289892329,6.281822425693891,6.178766043364384,6.435718764870393,6.377847500568902,6.415070098668874,6.306853241773524,6.102419690249006,6.132631426562686,,6.477206661591897,6.128899972188556,6.427761218090277,6.448593395762034,6.355949074278151,6.451408495833901,6.131877293555221,6.364815067762264,6.1264248986575405,6.116977755400788,6.635959313306816,6.166698630926319,6.553720469725261,6.390353616482375,6.36503281987372,6.361741169397704,6.542694433126291
Q9Y5X1,,6.148038889716783,5.14475655895064,,5.978853819595709,5.698868932575395,5.740866487925967,5.1732374892703294,5.750355549883529,6.098333857911336,5.997579693449031,5.805352688463407,6.074208960281915,5.717512795248475,,5.958503450535261,5.9551034914009495,5.688748126223623,,6.383790632143275,5.537186549054959,5.917068021288974,6.095152733418917,5.973747079479372,5.485640123072142,6.060939022884576,,6.090806487185706,5.159541865508759,5.827629054732571,6.057784173634149,5.412685677126068,6.247287389284344,5.618830274465889,6.0678012733457365,,5.188666085961763,,5.131324496766149,5.455912776575221,5.692540151906364,5.705930199702884,5.438292219670688,6.182007131802245,5.764919049702447,5.455293548826831,,,5.906932803898063,6.211710941700146,5.545671390784712,5.915182344351746,5.86601338002587,5.78436382181226,5.9351486042827934,6.119375998045882,,,6.239695656999263,5.869117135673081,5.963744896431309,6.479277890662939,5.7850881758173855,5.7491714885999485,5.934030763404976,5.819461988530729,5.674610208704754,,5.581136150811358,5.662580381315474,,5.800569745847201,6.120224260376988,5.430965634327206,5.74168219344647,5.991299328101037,6.148757692242309,5.632652511476758,5.67928820852223,5.188335316103244,5.7127505526307045,5.529185287576558,,6.035082587810714,6.272550098142071,6.100877856762832,5.462650415083101,,5.24291731718268,5.82235231789695,5.969674047289778,5.9559599687083296,6.326308053122896,6.105123707317369,6.138068771813771,,6.097776781910325,6.014144056342878,
Q9Y5X2,,5.124451485484464,,5.236319290057839,5.895236163335747,,5.129385554549235,,,,5.843881562637145,,5.636377754475339,5.811849775890602,,5.232450869678928,,5.371604731757726,5.82460894724431,5.626778301694361,5.223637241143276,5.482961946071865,5.933627881371394,5.191995567794267,5.801597724713681,,,5.4267728457391184,,,,5.090330213156249,,5.120585267940135,5.892598062553585,,,5.129459967342167,5.137434543880388,,5.108463192127741,5.222754425327955,,5.530432703139661,5.63630509704076,,,,5.415800426909238,5.414547880386374,,,5.450191529926654,5.184013843384973,,5.4046773772306445,,5.379211870839065,,5.645296043331148,5.718591008281106,5.9943273192158,5.48544229944722,5.141117849549028,,,5.198351068913133,,5.573711551391466,5.888146990796551,5.1238657443096685,,5.1628559121114,,,5.204575471970705,5.434430266171684,5.635808578408903,5.375984426680946,,5.522127117671468,5.211918522532329,,,,5.191213380912683,5.151014452915979,,,5.418617445156918,5.183857985793656,5.170000650294322,5.833195388537034,,5.730033442021775,,,,5.109815165604627
Q9Y5X3,6.565509756666295,6.241089655477355,6.486062553638773,5.956947466618204,6.0044399926435785,6.377626227473973,6.153602864495955,6.144318457369299,5.865722628291397,6.263375506342589,6.207427521425201,5.946169453800604,5.893806648041339,6.250073981471823,6.109983292206275,6.5066065915879605,6.353063396905538,6.14868021242315,6.326702355303169,6.374198693196238,5.72676658485287,6.357687253831875,6.158360512543927,6.3643087256214566,6.368412985976785,6.422205397180433,5.990612257297271,6.334332404314676,6.333310335263198,6.231306927491833,5.774593145331473,5.9711936910423375,6.354644620006356,6.308557351162245,6.46181665034622,5.884740626025481,5.785513726928151,6.422057945763181,6.44054740937249,6.332746853361691,6.113100392868339,6.157224935612778,6.199929828930095,6.340507577506655,6.224123784617475,6.299603995902568,6.170761233969529,6.171966976153461,6.04464310515994,6.494455300627102,5.864205655689513,5.930814543536453,6.08069884283556,,6.314836797629754,6.177153860797335,6.006487424774848,6.387221364449529,6.13074241714372,5.975183960608443,6.044587072056913,5.711318563220478,5.981089352475188,6.382617686017236,5.948663891538855,6.428492100848121,5.820168212314067,,6.074013092416552,6.044430440454672,6.515287913008375,6.43375336043491,5.962069487793171,5.427011551838368,5.755008519307221,6.38280644957732,6.372233795255891,6.400549877538431,6.257081307641219,5.921543979636907,5.722253082888605,5.715863744207638,5.966255223529495,6.420526814030149,6.039494428252571,6.369824675064604,5.16243937133596,6.352032786642669,5.742993725689851,6.295794163370302,5.900540464379309,6.155417142442531,6.532684400927426,6.242097284290377,6.2021562642706005,6.425651807091878,6.166232485580387,6.345109225768811,6.403609521074177
Q9Y5Y0,5.601838679553088,5.615780323925799,,5.417836074664251,5.373126200594444,5.902529739281332,5.623018476864335,5.377532020101187,5.416803230927437,,,,5.353678461071923,5.777340620214761,,5.42636225146082,5.843642939949992,5.754924630329104,5.711683820238728,5.62355223975676,5.886433020375125,5.679731441382691,5.568198470531275,,5.3718431039399706,,5.397480078037693,5.310902570530508,5.340269148596234,5.303044192904968,5.82172293410656,5.597678328441738,5.603559728698812,5.804898681524205,,5.642197757253808,5.8184441714008415,5.809354431685548,,,5.758612236011609,5.708992819511534,5.807410591625834,5.226991770060803,,5.830747196337188,5.634545680534612,5.531897194875954,5.782585149737031,5.782187727669303,,5.89278763846202,5.328849113066604,5.67153257211021,5.755497962685741,,,5.557157513690743,,,,,5.844161551207483,5.620779755194498,,,5.874061655046447,5.739804753033103,5.7696504305076814,5.848007004822341,5.315078295359372,,5.357327636572902,5.578272831670893,,5.393014673613465,,5.825114410740587,5.766551357082338,5.880667410145035,5.406567650574622,5.885679648501022,5.916763309222356,5.847069568721015,5.353888974518316,5.373562371898636,5.831148034005092,5.6588813245147,5.427714839939889,5.779824117926739,5.3652273063543765,5.364617152803999,5.796158367559624,5.447277742667433,5.805040977032009,5.618165199590187,5.806825862554411,5.805801154897286,
Q9Y5Y2,6.274995428573105,6.208184008791585,6.233286960601753,5.512606499587759,6.08928610613136,5.7998269943892975,6.2098801358830045,6.241015472510183,6.305387809515251,6.0036944616686725,6.030684723209709,5.904004662010126,6.236342561511913,6.246059646563555,6.248066807164198,6.223615570377229,6.250734159586029,6.069285225060478,5.798097151565893,6.205440910199087,5.812745307848599,6.088426439462477,6.164318687905265,6.182982731310537,5.7757401132668,6.148411103600964,6.268436899931049,6.117133625367432,6.152126102583811,6.18968296963741,6.224914732963115,6.164848106037164,6.2533849716716015,6.274101772773747,6.178315130571054,6.152984763307923,6.230129116132259,6.120095135576821,6.19898952298311,6.151327194610949,6.164669735582299,5.98326861722943,6.124363065164091,6.121453592674346,6.146047741542935,6.215480177703824,6.22122999096888,6.112701522446677,6.184885099216284,6.19941234580377,5.814405800492979,5.9663241591269545,6.137154954012109,,6.164030669644706,6.189187501619244,,6.154349253251448,5.605744031513575,6.1604005102288175,6.007972584190121,5.489813081078426,5.942622671597599,6.356161215710406,6.004816074833435,6.20975494142137,6.084108894068343,5.83051699980244,6.17200969420322,5.763083902380798,6.210255440662918,6.344861668584352,6.05120298521924,,6.145316189919653,6.280861854332738,6.273597757513765,6.142642434176336,6.155978980413423,5.778774101959479,5.8064146661072495,5.79837818270232,5.523825099760215,6.066123316616887,6.240424985433648,6.254497649065976,6.032316021804036,6.315128793186178,,6.186963232562475,6.2545120193607815,6.058633653704565,6.213326573516776,5.534195234718205,6.217671790483381,6.279718340656165,6.213655956917846,6.195194521469077,6.19651122326258
Q9Y5Y5,,5.28669140278542,,5.700397124559762,5.644706944510942,,,,5.387440678196029,,5.299517633112489,,,5.560674132367088,5.330188935808573,5.397737029799476,5.332689239677621,5.536274345919531,5.8657898055058935,5.594467208157365,5.679311021208085,5.635071364069287,5.719316967286094,5.643313536330985,5.656539263277514,,,5.591348242332234,5.623362038903616,5.88784378099905,5.605266855359496,5.561800087923329,5.768184974598326,5.28701269808951,5.753200978682279,,,,5.775765551073692,5.30619835336709,5.7333251078223855,5.386944213583016,5.594386012938099,5.811371555910602,5.618070728207846,5.311235611962101,5.600947628453805,5.525980114519153,5.294735659678284,5.759764002636821,5.889378700205161,5.670717735197145,5.31600608223597,5.648554567172027,5.5458379486391385,5.264897517822637,,5.535342707984255,,5.329467757479568,5.262607510441394,5.685068801349078,5.947938340422748,5.593284785013172,,5.290440411900238,5.962955757344944,5.724532987267015,5.73029984501881,5.674773841979413,5.603845723461614,,5.6227966588188085,5.872527332810589,5.89903103856786,5.3657783860897625,5.7721781299695065,5.799680721260992,5.84424626718729,5.858149124701518,5.872877670281821,5.989739628461171,5.696761350182451,5.338821501395222,5.641536589201008,,5.607565601486878,,5.897380761181867,,5.652177205398836,5.944362720033411,,,5.586161083709448,5.5949432206301095,5.6028182977396135,,5.267484153563434
Q9Y5Z4,6.377271320662955,6.453395024834597,6.332783536574069,6.344083007691976,,6.598302723150072,6.390194021375919,6.429498287395797,6.247937553140054,6.357104491982833,6.155149117012059,,6.176952286590687,6.527739996425264,6.443396919131291,6.503616685062897,6.446672929001958,6.497426558356622,6.524499698311084,6.456079008479508,6.337536175943081,6.475669348681103,6.342313282209403,6.506510477278091,5.890301278946858,6.46084032689059,6.573951026665138,6.232253648678485,6.473804158901757,6.311249968592694,6.572491763512518,6.47738553109526,6.494280884806489,6.531831538003843,6.3697105018748745,6.482871173050912,6.528733183081871,6.516832530405953,5.83749244765816,6.260567748375372,6.196677149460024,6.543095190166325,6.389936117660303,6.303340604143989,6.163244022075881,6.168516264731941,6.46592786543532,6.728318033248081,5.519548921127155,6.378988846078851,6.116732659068385,6.467840629966866,6.3403263740523474,5.881400011623971,6.469782830869951,6.361149335373309,6.481721944620071,6.446456086734912,6.210780555838551,6.430685737682537,6.374102830783469,6.531174602201301,,5.850567659742102,,6.374882573549868,6.080307759898824,5.64863747484203,6.418098857171504,6.491584006372474,6.5087602862618175,6.61836552463369,6.62981558216765,,6.140384029283432,,,6.547933653738525,6.264850142004372,6.383064423720712,6.544935438245839,,6.253806875182399,6.5587808567497525,6.495370622609528,6.210777127178561,,6.426259685215057,,6.376992840281698,,,6.376901716217032,6.133063371913217,6.389730716145168,6.393274402249245,6.520905710228355,6.434860328252167,6.598219181494219
Q9Y605,6.179924667178145,6.207750789279132,6.208399136910215,6.293067767034999,6.267604455551243,6.280775403755971,6.193596766896282,6.221976336032835,6.2938678620842445,,5.899965544177818,,6.235516078068826,6.164508541866447,6.246002219641619,6.298537004105819,6.239929045389547,5.83779086781012,,6.196153481554622,5.981403531169902,5.781857486603112,5.841222989562591,6.2475679070220185,5.94673667272062,6.021359978528877,5.946544753221327,5.88088738388194,5.915654727174516,6.201884621859156,5.923683589734997,6.164617517608166,5.874865931814675,6.199399551003793,6.176565424551349,6.22300802568704,6.231108401167139,6.198721251064721,,,6.165624270185594,5.979808675088727,6.186060064019992,5.795536772351113,6.22435202612014,6.226495977237121,5.902237624786783,6.412532013131294,6.193192029876544,5.87335000959985,5.991259927632641,,6.219473691949805,,6.152260514518622,6.18853556944996,,6.131980465705097,,6.251505082097025,6.181605509338863,6.266841126930289,5.938148956804442,6.195291598202142,,5.870052765833364,5.954255384766284,,5.876032730158603,,6.192923997615576,6.259708292178292,6.227208631179531,,,6.268486604079591,6.203214152744331,5.922960813255358,6.144290388239352,,6.286844637441958,,,6.247326105067133,6.2358469536357255,6.25549012200112,,6.225664685878158,6.000566933117702,6.182881881653543,6.247811975243746,5.927188261444276,6.188899130739916,,6.202646716016417,5.8935307910922585,6.202589538067217,6.19191943743159,6.22220422523965
Q9Y606,6.114767241681476,5.9395552315552695,5.900822623039128,5.755170233217453,5.695353571845894,6.088771472790574,6.115451640362416,5.912711141570595,5.991762380519632,5.7448412687385,5.951628837214518,5.542441394281426,5.666421462567051,6.098009740626796,6.077335522192543,6.142876034256455,6.199438408366813,5.884542363406302,6.299138899394874,6.089161308883327,5.971963662540637,5.91424117856699,6.034969540013675,5.870783568012535,5.5686060876026096,5.489909836417259,5.796017640234287,6.11065285111195,6.017815592347242,6.21725268405296,5.660079203840406,5.968673784651787,6.111750470388221,5.335237825985637,5.855449602452387,5.9728977392148845,5.904567728827136,5.345906421369485,5.985976905837802,6.244665851664941,6.143195744663707,5.913077269767975,5.996811225719521,5.908066158572776,6.1120549938738975,6.056624903461326,6.009807730283869,6.227691095073414,5.798663239523763,6.1129526954501126,6.098195169461324,6.199274523350695,6.056745641237129,6.129439754629104,5.98808923993501,6.1342973102358735,5.966540165638882,6.201880806694639,5.707746821618424,5.776755217115242,5.9672910854184495,6.124128246906929,6.111736959883948,5.735114584643033,5.912173463197556,6.027712505105805,6.358897397386564,5.937492191847852,6.124124145237959,6.090043561586404,5.73617033643397,5.573412544613772,6.220723712848567,5.313142246113235,6.014005967611794,5.808168445936773,5.814198236961751,6.1213754782238246,6.181937132107644,6.302594327585582,5.906531460307357,6.17019411589179,6.342888120855469,5.572331801351871,5.858992415841468,5.876660035510312,6.208015242459556,6.133891053753618,6.268697766326672,5.801730227080157,6.042779789607332,6.124739255568481,5.51228207486687,5.868861531115418,5.9425607185501,6.08812345128282,6.003770011848397,5.920874957989364,6.130222853281896
Q9Y608,5.527984216475728,5.558997487420289,5.561490052830127,,5.7158126327271805,5.499296207151578,5.419270397079101,5.570674011279699,,5.842775827934677,5.659112022756555,5.8516721598491,5.581261919228395,5.698711340289132,5.27375686793927,5.344265435201364,5.458711219751455,5.1774156261324285,5.497863916280862,5.73061810821472,,5.513627338517891,5.759863693601937,5.701763184862895,5.857784650287756,5.77599829725586,5.609023970382005,5.720025936532995,5.573350374025815,5.526466741110927,5.435159508640392,4.903379693405169,4.920258542431374,5.6417306901615785,5.699784300625797,,5.5596374626954965,5.413482085313967,5.849440590855622,5.56540014951221,5.751312660517737,5.024931161191812,5.532668883387148,5.5602297857100185,5.877709670565723,4.955529506684655,5.738180123502987,,5.402119573385284,5.709750356957197,5.336618068408991,5.320534806993409,5.672376428396849,5.600701459339627,,5.397922223346739,,5.728898137848331,5.831753081272487,5.594477757108019,5.627028983762637,5.016923007734439,5.462399230837289,5.869591568125304,5.837468357174619,5.626899955245472,5.484954416065156,,5.201462703056196,5.602531857682648,5.723163368205606,5.784247190515409,5.67373485591381,,5.361549319627674,5.934644222415651,5.734297179606381,5.441782067569039,5.364849936387748,4.993697956267076,5.636522057135888,5.623726715765468,5.523695617027812,5.783362538064772,5.2836490276238575,5.857347498800421,5.664362979189763,5.449060688034132,5.522724863807976,5.706421214575585,5.774968980601783,5.463487528893992,5.714718134454032,,5.558546323972543,5.424295910278604,5.553924667900525,5.386740019720894,5.617222399280987
Q9Y613,5.023751256629264,5.028787490231175,5.344805002363827,,5.847793943411684,5.617089055590158,5.029573463036557,5.233051166726017,5.929753355956256,5.618871755975591,5.598277260165302,5.229066353079386,5.728975320584786,5.011905172448897,5.247818935184905,,5.249242281325505,4.972513051844805,4.80557379536687,5.348015994258329,5.303991721933683,4.90179858540677,5.463063903650891,5.642804492508263,4.781884302584508,5.654637298093591,4.796915625949742,5.330242231538563,5.7220222728963455,5.51181552626568,,4.69676077368193,4.767613546782525,4.737388693521964,5.558249965273446,5.064526277830762,4.772166984300423,4.726799813057243,5.332778219294326,6.074396700626321,5.480686147811256,,4.727202002791959,5.5469554583045415,5.545328922476321,5.531874786545787,5.710811135341031,4.9479120748717085,5.434852472349759,5.727150614720934,4.831788678682001,4.808364285133396,5.5990197264077874,4.774229567962887,5.769824544242841,5.488499185387197,,5.578539715761713,,5.863835389778401,5.8005176882241205,5.948864140847965,5.254163845731291,5.650444150787275,4.81286461694397,5.500193593004945,4.793043085737232,4.838297710286585,5.6059325736727725,5.386027349047276,5.334094651697932,5.8064260755126575,,4.995100746153682,5.159921763409763,5.85443378969464,6.085672811237631,5.475427863959247,5.3783570027094045,,,,4.837843977367764,4.77555898912996,5.933181649655253,,5.0420047827086005,5.068340171751005,,5.494501906906605,5.835055219776524,5.470715933634163,5.8486402804420266,4.844478245687735,6.000217279589383,5.861418571704944,5.526838823719409,5.553821111862007,5.675836996078737
Q9Y617,6.722281981359487,6.573578630969422,6.700042048018425,5.293011168610128,6.740070969529507,,6.756718030378991,6.678547207335866,6.692030642801385,6.58966114704259,6.474010028703395,6.795666602066907,6.619841388649736,6.591286540739012,6.544270487647607,6.620241097383121,6.7774006617565,6.573383357541913,6.481992987572903,6.500431568208544,6.348401299525594,6.616198384012934,6.610768246140427,6.522165000151968,6.623199619120699,6.612389330996834,6.6973440244393885,6.631529157898545,6.444700319897079,6.344946241451066,6.455165076506825,6.671561987627723,6.402778825202942,6.66250027529183,6.550980077141498,6.607312519535316,6.411104276216806,6.576059394212459,6.581739555766236,6.588736771774561,6.565988519123721,6.24564488224745,6.792732761922585,6.708203381440242,6.714779334720646,6.823948239383325,6.629185592654485,6.583808264094332,6.448128144995728,,6.223498445356728,6.459601780957375,6.3478804881236215,5.55144297072186,6.68664985741345,6.66746999114997,6.457129577064843,6.357390108395245,6.639988819373764,6.517682612274751,6.35641063792221,,6.456995957101923,6.296707397195615,6.387521747266112,6.565424059088642,6.224496813432627,5.6158146066707895,6.624116736296858,6.657001432407892,6.571790396620077,6.689609936020888,6.323289821171615,5.794267450767421,6.444272758248849,6.656622854133864,6.632929369062608,6.653916344213053,6.487948692260881,6.177863025679668,6.415442512865218,,6.5569275872442505,6.824623869245977,6.480406627910356,6.270205811737319,6.257395576932323,6.530652703985603,5.624754465694886,6.778866120113701,6.518820387089603,6.65978108447578,6.651283999225182,6.788491747465095,6.620602578842177,6.574578623812446,6.623583053816113,6.664902871854978,6.655661813527564
Q9Y618,5.544118737370191,5.442303768640737,5.456613449343712,5.625720328290928,5.809986271753571,5.658716940749208,5.525032844820323,4.96397687208349,5.3191624496868695,5.454747511293491,5.567742165673001,4.923800216409608,5.312593434377525,5.564938544366598,5.4839102973915415,5.453933052405318,5.433531416525276,5.282560278748433,5.603334755140586,5.52886874270149,5.135365178864477,5.57362967790402,5.630307313389853,5.352695256346957,5.816327705568,5.476754690303559,5.548959203400241,5.553702182638813,4.461529740737854,5.6486462680001495,5.458282606582716,5.405334002746919,5.20573940816505,5.69036008815936,5.626677787674779,5.712379472901963,5.36934962133806,4.930514897530984,5.030020663371481,5.4604595049784805,5.582400881467772,5.130883213175081,5.030531487586105,5.612307427339549,5.7049158136210085,5.23515678892642,5.539417328013149,4.648831833520579,5.197567342889168,5.124872006686903,5.44852973731154,5.467635862960131,5.611077148360844,4.781184785363999,5.433943944361891,5.538689886973387,5.706783864779362,5.592239794636997,5.590924274874652,5.776558540931167,5.603174077176618,4.522843733467394,5.63312006114406,5.348599163185953,5.697764773347046,5.545459977539337,5.656630199521985,5.63041319480644,5.302499533507043,5.080438686938583,,5.6663220101747385,5.3129116059528965,5.409350541136898,5.576056488895153,5.555237531320224,5.393419133196668,5.702956750707771,5.652290710311168,4.809281707156516,5.308895649568971,5.571370993232597,4.548683533316424,4.788206097410933,4.473019396858898,5.579022744192492,5.74483421451197,5.599621288171359,5.24584715388472,5.017789729682966,5.49121208904251,5.250304903697005,5.339123617596452,5.465217427960427,5.685117416772301,5.137893842581812,5.3488263746056175,5.594532047783339,5.318836824211365
Q9Y624,5.300964438114499,6.496528937977571,5.944751654258294,6.718985327853021,,6.660161908449936,5.789933499803179,,,,5.809686616741855,,6.535661955547484,6.554410725139057,6.215315940780715,6.615346885985973,6.071981363626209,6.464106176898345,6.750252216988764,5.938315419538224,6.734277883699095,5.200509775343057,5.889348618795917,5.863216995382972,6.248378199431638,6.476366294625231,6.582772189501128,5.617610754634701,6.550755081630233,6.577403721223854,6.4923125933612,6.532116614344277,6.4887757801136345,6.5872956678173535,5.904861855760479,6.622891054762026,6.654141061208696,6.540505497367111,5.796593405041658,6.400571289017547,5.576014599766546,,6.744076653370344,6.151052090845796,6.049836095632246,,,5.536095211023443,6.451305196177712,6.229347529066992,6.6867828940473775,6.767946470984199,6.044043845157355,6.344501376562107,6.129786728050631,5.590239694113363,6.687087109658003,6.128768009029091,,6.28481855570765,6.017828473536164,6.432425275462267,6.4058715904539705,5.315462227857262,,5.295984476154495,6.627590814924303,6.820422432112561,6.393557477206688,6.632610570179947,6.236727999896736,6.478096302135411,6.531307046620592,6.962627648210174,6.899451122065663,5.692964002294031,,6.597722995226198,6.66732284082677,6.638278837392712,6.664689626102563,6.740762828185344,6.584424956012239,6.618040424219633,5.663782426224289,,6.635653485446513,,6.747980631841527,6.015713036749904,6.088480426218204,6.423375642310949,6.027419008233002,6.596416039937699,6.111454985713195,5.320288487501989,6.438671757051126,5.294241071586352,6.43731144034402
Q9Y639,5.678758836765953,5.821051184952544,5.7082126908304085,5.823584102386295,6.006781526037671,5.80140683403819,5.696074850227698,5.537411239949042,5.820995774193059,5.971531108658671,6.010476326403472,6.128102984549752,5.957489610387793,5.905515900500225,5.554132292934585,5.7949254435365125,5.5554607555066,5.673260918562704,5.7632883293234585,5.702523111968903,5.811703784651295,5.558455406969912,5.956520007981284,5.904351127483255,5.615636924542038,5.964972974592909,5.774745105681304,5.710525371063463,5.946421176267034,5.832243619667014,5.529606383551894,5.786420751048885,5.711555082901663,5.842248481533844,5.967058214100647,5.723748410402914,5.732049378968807,5.84123309906265,5.821536080420991,5.527868050978777,5.881702557867816,5.802354132251586,5.688883995196983,5.92539943316549,5.854564345397788,5.729768144808526,,5.718021602071693,5.911474968203405,5.681040915458891,5.826610829778375,5.903731579899,5.871025125867933,6.151399295270509,5.773252901731847,5.9131528058778935,5.716090237838042,5.452554068666984,6.0298992254586175,5.971819224289824,5.817431136990433,5.794883568641369,6.094564270310682,5.939281501543048,5.808702398146351,5.696130995926783,6.005603004134329,5.957747259467364,5.656523191344624,5.996528292132804,5.70732724495096,5.900038154257273,5.882646736248547,6.210027827773441,5.855117431627234,5.78802102829334,5.840201971615989,5.941649470050602,5.9614935113116685,5.893017856038311,5.812747233527122,5.916402207746436,6.0381359208558525,6.1420410885788375,5.883474751930184,5.786104798606824,5.73675542218361,5.722416449953219,6.044078640901928,5.680773363276866,6.108781903144791,5.760331562372233,5.899682229237091,5.678183011518408,5.69777660470546,5.52012294235528,5.718640069843149,5.487393053915934,5.47929420740153
Q9Y646,,5.209326798127284,5.540131202739599,,5.57429699420864,,5.703979059373241,5.2573155799846925,,5.955316688432107,5.732353175570498,6.337243579289483,5.278102428720183,,5.28279200237901,,5.57065519734354,5.183525961654335,,5.83745805737931,,5.573437800101439,6.191601879983593,5.778123670664293,5.803327070029295,5.8403850386504015,5.270554376510304,6.007122167211838,,,,5.202261376231833,,,5.690654229971343,,,,5.835836129029254,5.856493921951141,,5.632593040741108,5.712862557064017,5.860541026815544,,,,5.438217084878123,5.21265372623766,5.526130882800702,,,5.233172113009976,5.580947903635503,,5.502003420153174,,,6.050947389908046,,5.688241071904365,5.787571391576816,5.561842157430675,6.032078457110186,,,5.278911285713483,,5.187286200883621,,5.507148922486565,5.593899211032415,,,,5.908519213394757,5.538370884532673,,,,,5.301371349348117,5.641616395144765,5.779909544517134,6.169565519830574,5.911895060538453,,,5.3186403235649085,,5.267883418013201,5.894086063699844,5.5267500640735046,,,,,5.232066877092503,
Q9Y653,,6.039414360196459,,5.192167924841016,,5.766601941342705,5.063789701635467,,,,5.081623072608605,,5.691325623478102,5.96323108862133,5.588718573481749,5.882233441147902,,6.021469513142764,6.007696166741445,,5.951368265981559,,,,5.986553352303058,6.210222980896016,5.730237022099037,6.115458684018355,,6.067242408279553,5.074320275544238,6.154573377176345,5.530384607359881,,,5.409601717747401,5.578702008434563,5.989578624512658,6.115961533270587,,6.041255119216977,,,6.011895179221564,5.0787676323263735,,,5.278255151876748,5.039273933431165,6.18498026220297,5.9554246866973735,5.6169199530054135,,,,,5.831071286336683,5.025394625975429,,5.097102703686636,,5.450993477399974,5.71698172823596,5.802714283969501,,,5.43805811943547,5.197431134273899,5.334569174098626,5.426014377970835,,,5.393935871059174,5.808946660615262,5.677541512131516,6.056674989454217,5.668727546819519,6.1532783270045055,6.098326853230383,6.276350416269317,5.633182577007609,,,,5.111621030849786,,5.988928502122783,,,5.043528927583462,,6.252399097819334,5.984184287790759,,,,5.368170490396014,5.6425462225333405,
Q9Y657,6.209912717566381,5.968977028259147,6.151956148596478,5.940331491354848,6.034907129765219,6.047004334536148,6.057000712988516,6.250098093572161,6.071426984282908,6.065064900055555,6.147578616603347,6.020352381439318,5.990622857717473,6.036294112482885,6.104225992434795,5.756388291943732,6.015326031142575,5.9070963707885245,6.05053682553238,5.833798276102451,6.049514093758086,6.071976547953465,5.779079090738963,5.912211188545643,6.016566896420892,,6.028200057136576,5.820525005322033,5.858892805364061,5.826939723268908,6.068775143223318,6.185047315749051,6.192815418649965,6.226708502963533,6.035837252335826,6.24610528364542,6.197241822503376,6.159272671402668,5.655277982675239,5.687904248557863,6.096877047238438,6.148110114458014,5.851638039165463,5.7449637335004,5.988814360521828,5.998580502929556,6.060172352743597,,5.818096219011212,5.808945233375192,6.162241705016768,6.041039344373063,5.860979523021843,6.0061354969223455,6.151720481390916,6.041182320550975,6.107263752222074,5.779712879384296,5.846355548023304,6.002155648502976,6.118806386711643,6.218407086446574,6.005560270524427,5.348737900554279,6.07279494962335,5.955104995967048,5.89864204466817,6.183469978685354,5.3142260680534426,6.196706586039262,5.838856717477142,5.897337700216684,5.998220492273404,5.933258589836971,6.086301116206659,5.73314163948424,5.66219913610823,5.861942552524911,6.007973243230088,6.130776514247716,5.930455350699651,5.919463612138738,5.771143248067272,5.897978751906994,6.00940777232664,5.891904348837174,5.854609851494915,5.998916576456139,6.073736766894605,6.05830507690364,6.111341477243967,5.871632982680421,5.838479239809171,6.093889003607767,5.962958659085654,5.3522645179976,5.659502187839943,6.03944055916678,6.045379550015
Q9Y666,5.151342787662275,5.462075961229284,,5.265630932545525,,,4.869089690329988,4.886828545321015,5.444618600764597,,,,,4.832027182449656,5.20985807342039,5.670090512186218,,4.808894909613436,5.253563193452143,4.894351995761594,5.4380764128448025,,5.28898716511141,,5.516231422148286,5.694253328960456,,,5.74012482695785,5.628006075460003,,4.837779541346129,4.842854531559871,4.871800848986544,5.434208754785341,,,5.721576445707889,,,4.812421402424394,5.254892176200662,5.335582497671986,,,5.186600528898359,,,,4.870652117360562,4.959920293624656,5.418274905813137,,4.900297301632593,4.813126969079062,,5.724140134343205,,,,5.1437461106486415,4.95007311824142,5.757250454673166,4.857460398866716,4.966905210722236,,,,5.867637206338816,,,4.917644175571263,5.493873558658275,5.6095899788102415,4.983250696538963,,,5.745001297067479,5.409437550410903,4.921232135038138,,5.8542453528189045,5.455702605316403,5.222912768501399,5.507785929199957,5.225351240376167,5.583779673125843,4.894678343687817,5.276566718345979,,,,,,,,5.172888297643967,4.825911145284837,5.137982456060342
Q9Y673,5.944825084317409,5.8479782669791245,5.666150420318402,5.955938931295805,5.731430423947079,5.437551624648693,5.83995899713437,5.7021132246031945,5.774212343439935,5.779870689582842,5.860759169797476,5.861504052102456,5.871774967299153,5.815019823379106,5.8708698159972,5.978876905895066,5.703251689158248,6.055970740765517,6.076132629460469,5.978530850878781,6.154695008029315,6.015867143040828,5.799315315607871,5.711113939880902,6.033230847332854,5.802784689077637,5.4145197671357455,5.835647299933931,6.007261792254019,6.064651509703351,5.361980285229101,5.9406599733758485,5.862511442589888,6.075922996454107,5.817035130447648,5.678551327595958,5.850453477116322,5.849492052516563,6.063479125484626,5.888327738698202,6.0991740734207855,5.752912058511988,5.669115608045652,5.757198311037295,5.872113606304743,5.869700073815462,5.6636268049658485,6.080957975649763,5.829000449436229,5.827936689839762,5.803107986254969,5.936802381854847,5.875488026889131,5.886581612209019,5.926261756075805,5.948099535699579,6.012847394437559,5.61351372847979,5.5452579183599005,5.881145146055633,5.94375353064495,5.741452298013463,6.194739601140382,5.973407094443859,5.770486916605754,5.830994863799804,6.278590903784282,6.096473394866754,6.230878212779832,5.902120936955683,5.6600917922339455,5.720989797173184,5.992014899718381,5.932354887200878,6.088106990721526,5.736238393203858,5.976708027544165,6.007866719950772,6.104877819465537,6.280462625232527,5.753315777153794,6.2901229790507625,6.077810488077764,6.009731557404528,5.890151590055371,5.929182679123326,6.086235535520858,,5.974761101771823,5.829849837376798,5.884974991763592,5.884675658373811,5.849326333476228,5.783629798762145,5.652910445513212,5.974453411732481,5.857088188974097,5.839110830325872,5.829119586778368
Q9Y676,6.334681899577031,6.345442653331041,6.095206230056454,6.494265989502707,6.230638550675645,6.330898543717652,6.233083450400089,6.201201543835386,6.453214243890757,5.96325793331088,6.255961400693477,6.1773420800900345,6.331362799418177,6.27028403428119,6.135148674350426,6.193808410667096,6.21001193533916,6.182866030149361,6.385863741332543,6.406283215381806,6.337427477554158,6.164259052570543,6.381699673750653,6.358113530862719,6.408497407224719,6.117708991721546,6.406561680206589,6.47371759303741,6.461527473397554,6.434575848323604,6.000910643773306,6.201406275043993,6.220933316513461,5.864240503615424,6.4117562604032585,6.186135183113141,6.108750770128792,6.170220390907665,6.428426923843627,6.414335098557524,6.307588495334994,6.4487637561331255,6.345055460053027,6.145440770140468,6.263969841494962,6.113373572039459,6.183194459630631,6.089266361291756,6.461565287035143,6.386655959812824,6.511149721706845,6.438802633253036,6.31466194976187,6.534912932025154,6.116804578811683,6.28904976733825,6.459688144224939,6.238188020169729,6.277099672737162,6.326713216005455,6.36437260998345,6.316637126408132,6.558558827936437,6.175368092194104,6.272261417258942,5.978245643443606,6.537268029956397,6.561839203864117,6.39195691044672,6.407104405895933,6.238322070606413,6.228821748815008,6.3683572473411125,6.56471292825052,6.52816824899732,6.4699786845397735,6.352202851560408,6.3735875778723,6.426927275775123,6.58314050835074,6.403419088157875,6.525358396819815,6.523406844989728,6.222226847937775,6.133151921909302,5.927200980080855,6.492745843345304,6.115454469937588,6.414688039130892,6.285962310153995,6.305176328907511,6.559783351342304,6.339592147973613,6.516719916851889,6.1683853681616405,6.432575077582003,6.396465287370658,6.213833341163375,6.26777902106398
Q9Y678,6.445302901724671,6.347404073934384,6.362288238329123,6.193015394885224,6.539456293137009,6.303423048672208,6.391482811027373,6.207490449293093,6.29010264432274,6.598922591924271,6.4922885830166575,6.48250152533217,6.492516074372644,6.3636415178625,6.341939847168095,6.499126088169279,6.4630263414248015,6.367150807712182,6.498438773713902,6.46596241017031,6.413803353130225,6.368132422291703,6.373176995252058,6.4878026027726285,6.168740146021857,6.516206581620068,6.23974043355865,6.396042187238061,6.399855650754281,6.430535210658605,6.467121662261598,6.386836479914258,6.247611466482444,6.454678576230603,6.503932684788417,6.304772281717542,6.158503219511269,6.368650010775642,6.449402763035163,6.43119193088409,6.426877940101155,6.400648376093793,6.483509281369582,6.433003357651614,6.524055551615144,6.466362181588921,6.396343625301987,6.400850319253221,6.212843212499884,6.461337330669254,6.188407851035821,6.282073442312477,6.47379802427227,5.853374013806371,6.359494364899666,6.392535326467514,6.112970660086541,6.397383657776741,6.433876905282067,6.517365893921999,6.494925153887985,6.4995005497618985,6.496608867457221,6.527993195830991,6.495355564874884,6.454075124395219,6.438262449167417,6.183419834964344,6.434203732540549,6.381790471173171,6.357925420088048,6.489895421411368,6.273777163309412,5.069661892547017,6.122549570470127,6.381723801484225,6.537815198552074,6.418655570249719,6.372723452406859,5.910300813252016,6.5314304752350445,6.275080202693461,6.389843458673051,6.5483803465660895,6.508152279050426,6.557252850019266,6.388237565533548,6.172817532240847,6.0654257643533285,6.324819220675506,6.524959631734951,5.994938086843626,6.402722544310672,6.212934294261552,6.452119844582137,6.461946153955525,6.481012250743728,6.209803029189726,6.387713245935297
Q9Y679,5.518198531440064,6.13763414810143,5.5369865306277495,6.238792309431178,6.132673342533619,5.791518063444271,6.268262413880542,6.168934908206742,6.108878494232666,5.930990964545453,6.142710151579992,6.112759234644643,6.096755273977717,6.044036768871129,5.570102619827462,6.106328323039104,6.1720311635919005,6.1376226355282455,5.791714974562495,6.196392841164779,6.103659043396679,6.180493206607418,6.091765842579874,5.979157925766719,6.199556326148331,6.203504222886188,6.066111847222093,6.17808271845974,6.256173126421138,6.13306751416506,6.086990959722849,5.9670561492993945,6.125961839533051,5.689616579045146,5.973219943469508,5.946517852442208,5.53283254481522,5.7085641645895056,6.2332971824023,6.167539601905453,6.194026218552794,6.267943700530332,6.071303799029144,6.233231041681506,6.098362728280616,6.153483395389996,6.07946105758581,6.145840723470888,6.221078914850036,6.119572960807197,6.234776782681152,6.264964178865884,6.243849558295764,6.061378087877408,6.133181323778063,6.165875481653443,6.075537719386752,5.941276133483299,6.263658537148665,6.114497295071541,6.16686409971385,6.144600204115633,6.359116586312977,6.192368997575047,6.157990882830106,6.111888360485232,6.34256814406975,6.302825481588005,6.232279234523544,6.122854227260763,5.688701226921049,6.060786087906818,6.217192910819456,6.197076236274162,5.822224502887729,6.146101039017263,6.309480624622644,6.098820640219536,6.2222774927321325,6.201386819415772,5.9206745725519605,6.320679759165152,6.2399769110784815,5.7461058166458105,6.045798920105149,6.262430313540705,6.2988272685318325,5.54888422821065,6.195066596740439,6.05567361965517,5.585675548064289,6.232361054004844,6.227060387731785,5.961936265276745,6.127055258868829,6.079383316192978,6.091918236203611,6.051165183920005,6.046868932437532
Q9Y680,5.28365317022616,,,,6.324059305773348,,5.998937715442193,5.933362474859557,6.116910024725934,6.109167745416762,5.788337190052198,6.342684559365811,5.8093786049153,,5.643848186146885,,5.646609924785999,5.238243382537098,,5.791886473654388,,5.762896168101875,6.21525122461399,6.06293165290356,5.844000266052487,6.400555462700753,5.354283581241765,6.1417947893537095,5.335405537908117,,5.906727949775815,5.2566122868340335,5.272203004483532,5.279954434947501,6.116791193542364,5.614706132058236,5.613784448894797,,6.252105492544335,,5.732273666011365,,5.60107495632892,5.915387182179662,,6.106684098646113,5.6002086132816045,,5.581517556990042,6.12962381283128,,5.98179814583192,5.610795280016911,5.835154767815522,5.944796046448316,5.595112961979401,,,6.278063573271511,5.811989435118526,6.300762892480772,5.857210096210954,5.641160855263501,6.286641016198387,,5.273355575818687,5.352252727748742,,5.556852086315938,,5.7846318608580285,6.139129359286316,5.6172660501599125,,,5.846786127494241,6.076823484590776,5.315157210267522,5.23787758534621,,5.688703818601642,,5.395037482438819,6.061592866280645,6.310936699096699,6.377607597945429,5.323706546815892,,,,5.825922709441115,5.64320024288528,6.069885580799019,5.898131800014205,5.781542000177471,5.32491757786878,5.299727406977044,5.978209394046797,5.267727665992722
Q9Y692,5.679768027709884,5.196615755580938,5.70048583489052,5.307851936943266,5.5752492060545285,5.588758379121605,5.688147956947875,5.537192903515534,,5.305270480613486,,,5.226259555424566,5.480118870859679,5.558584233627096,,5.271747276195377,5.462028617130253,5.2849048874276665,5.5005895329539936,5.298282156265662,5.572937585234358,5.173599662382478,5.562550191367164,,5.324665411278976,5.552533272174,5.192302073709032,,5.199963543869397,5.212982089081947,5.221323448461074,5.492494046060879,5.506402854020502,5.180696339858574,5.704405660714248,5.711146583942428,5.5368932212079125,5.203263317530824,5.706066083661418,5.462681886697512,5.289407046141648,5.202891780613604,5.427781328473098,5.242823496203494,5.238006949816052,5.6833019214626175,,5.669808161220457,5.207313453888985,5.309878657703669,5.29338291794204,5.690645956583651,,5.1841790923391855,5.495701052533668,5.35733907002059,5.614222501815214,5.384337312648097,5.262828051395022,5.209611679153383,,,5.516470505921008,5.286751687722892,5.794801341391813,5.307909704345572,,5.469339357537797,5.254962821448192,5.513051975844638,5.2581772752249964,5.710512216736534,,5.318202275121685,5.268489436387109,5.504320304237481,5.249739053241656,5.45509500455147,5.29486195621622,,5.314545321223385,,5.234840205581125,5.264012230245856,5.563625483150552,5.211213366248921,5.840821530379314,5.318999429389485,5.491097928615225,5.240866012178501,5.270877574455543,5.493805003698673,5.314897724731724,5.510899140966109,5.690361804669744,5.230699212661495,5.65193567697425,5.669003189964902
Q9Y696,6.709193096898368,6.408052234885509,6.455114231244226,6.215599373319142,6.7907085761416,6.376381134258038,6.824348826309652,6.519292518084186,6.481111868599262,7.031417293039272,6.609107375915126,6.959439203698167,6.771171852393164,6.611558744961495,6.556740754085647,6.215954917302561,6.6857300630991645,6.35464428894848,6.262261741001966,6.706366538507809,6.207019960525782,6.617422056618491,6.7200694923853455,6.891215714003766,6.599517225797184,6.810613572385102,6.766177422759247,6.747672419400281,6.351359254894176,6.67005410472353,6.736042088217566,6.5716353048902345,6.358304917018172,6.486059891543865,6.811239037191724,6.7200921585916085,6.57168201182859,6.64074184744502,6.644874441669053,6.591165601257805,6.635198481025554,,6.561581745675886,6.663178549670906,6.8060109236474124,6.688466277829466,6.429586423473165,6.247661907647298,6.544251551434578,6.750028113155389,6.525645243701902,6.001192736125431,6.806687607239768,6.637018487881438,6.671713620570085,6.677278387005069,6.392244026944527,6.609392767153823,6.887483986942291,6.797782870216413,6.786964336121785,6.6646499678558815,6.706200867184956,6.73513136502227,6.84266735978366,6.273470571858804,6.289355516003709,5.930619271101051,5.989126590373274,6.156026299639446,6.648973782925948,6.889702512622079,5.955139247998688,6.0612375986136,6.571221187705245,6.759030322611845,6.7602146389453095,6.570942034140782,6.119569172159576,5.384448266523711,6.827429659949429,6.530765125079652,6.042086137638398,6.641475391883114,6.884943086235455,6.815008931540039,6.726621997748001,6.769148561630418,6.052806735368733,6.640410652150332,6.426717667506297,6.658277902850724,6.618372587231647,6.4131722560022055,6.82375989800928,6.507418759976969,5.644245643996331,6.7021472685132695,6.601128210097484
Q9Y697,5.888398184502336,6.209140404542275,6.177270510682015,6.356463151349511,6.237179719636831,6.304094489460214,6.20503675537022,5.638021437255979,6.077344961691516,6.184801584420918,6.320697844699556,6.012840736847444,6.20250957287225,6.220112950371773,5.65625614316858,6.269188305821196,6.207879558170603,6.22626914335415,6.335024576970913,6.312479727774376,6.413436727754734,6.151170954626106,6.2718090845691865,6.3415194159834565,6.3062002742517045,5.946835417176456,5.876028328793665,6.32906748922619,6.340517440990264,6.331148703026259,6.294247080154628,6.178323998521784,6.24226699018403,6.125021651413108,6.218542152097552,6.240823654385116,6.195222331793406,6.223248237872408,6.276091039162091,6.331864206082912,6.293175906591314,6.375298858909019,6.247494111600448,6.115914806259597,6.230902259852973,6.259744293492224,6.230339243942128,5.819433270939799,6.334513173498571,6.352599645096349,6.390373773069111,6.288766212543682,6.19051139585418,6.427914215200112,6.159720225104814,6.217632609829927,6.331569178297345,6.245364433489408,6.097019167045829,6.241152042595457,6.25814906323474,6.44427456686882,6.3569066294514975,6.086674037858888,6.310778064913407,6.321567635889782,6.418623454804003,6.423249025880201,6.300641065804891,6.333833487499194,6.167399940343742,6.144227445552593,6.304693215301662,6.593197760297567,6.466258717714055,6.2055080001693765,6.254943092181023,6.306836316127213,6.327974520920043,6.380931354945554,6.34391845302712,6.322564499479213,6.370772023230579,6.263356881845274,6.284913796265492,6.273973157273341,6.23097669102819,5.9429981769721465,6.449308797808499,6.237530079854872,6.258331721747526,6.416936083696776,6.2692408859993325,6.365251749490323,5.964063988019182,6.210281252834597,6.284179666014374,5.874042083947292,6.18257528802637
Q9Y6A4,5.941453405309046,5.46814689953938,5.499232282351079,5.567489247449022,5.520030953196619,5.569914589627041,6.067153244245398,6.103000548235876,5.878317635110554,6.0560023301061925,5.481308314854403,5.947219747121313,5.5008389937184345,5.739621221173273,5.803028914776566,5.872664338415381,5.991831513132957,6.015321331985831,6.031036102672912,5.471054997324694,6.043343187975346,6.04248695294138,5.7163478749114445,5.52148718441249,5.506141811791405,5.59867443879766,5.52378795601073,5.458537097899861,5.488986053545902,5.455796319805801,5.769193772342765,6.141508380484334,5.930691595267322,6.080146104568671,6.035378339688275,6.098721274948532,5.955830225976856,5.775841335682066,5.467144432753276,5.963791113152674,6.030092647413707,5.551390546677245,5.93679413904789,6.078809991546686,5.968185338306978,5.494519158505358,5.777259613473971,6.153943348017691,5.927418652168615,5.447278522341533,6.051423071925212,5.850539588945376,6.0900569619984495,5.812843559951236,6.025222494083423,5.445408045642316,,5.695829963421696,5.655785391613737,5.511452323540571,6.051612410310465,6.017746437332436,6.109708692438453,5.5009479457645885,5.8581857245515705,6.057417014375967,5.838764508362588,5.875644531785672,6.124469864493607,6.124363688818196,5.946823836152058,5.523743638079216,5.789398234741396,6.02023425830137,5.576342723101041,5.533602834941257,5.9414380831198566,5.506644474899796,6.109477172768092,5.540813683489821,5.553498104300208,6.026901039814391,5.867429066696655,5.805392387449947,5.975524354429662,5.5332799127203485,5.799279073914399,5.496667472488284,6.065071827224056,5.746852129929416,5.499925880251833,5.806825967226241,5.7511490480802605,5.573319462839236,5.935103983609396,5.769277999477934,5.943415345254239,6.050070220076619,6.058627170035268
Q9Y6A5,5.798909131574211,5.808765312018091,6.23058592470608,,5.341209943793627,5.747107300191101,5.925902466174405,5.849370255279629,,5.062581886588655,4.967981818951566,5.148550915478374,6.041574598020093,5.642717748742945,5.780808271417662,5.767560686342931,5.916866612693038,4.908823634391428,5.341393780845274,,5.070972731548484,6.120796012123896,4.910494371137726,5.335988936049263,5.018536845335107,5.394243851114287,5.026721808414655,,5.28787658759745,5.66182103855105,5.885537421611646,5.534171462033654,5.7229463632935325,5.671684615294213,5.640026569205928,5.836314129933142,6.037050790656792,5.754455926733794,4.956916745927377,4.992007387208018,5.532606099525676,5.053704486197348,5.918919511338606,,5.99081155075868,5.989837801794658,5.987746260139561,5.800636198583236,5.428997424587948,5.245038271882803,,5.052473037365359,5.941236194742278,,5.870437723675485,5.993393333491834,,5.501673177120633,,5.865179522936385,5.544989047834346,,,5.572967694013261,5.5388575077385,5.246330789491083,5.026146636940907,,5.928733719199667,,5.746914739288298,5.873998903753253,5.84087875178674,,,5.6396772655427085,5.924871668765586,4.984975365896526,5.2096752878798105,,5.050245309874479,,,5.309233180085696,5.304986560439636,5.324797419539899,5.580109874376863,6.215766400572567,,5.910419190734854,5.80099306933372,,4.951412678152811,,5.813780045508101,4.960341488955547,5.753224848896753,5.84693903021635,5.855301662592228
Q9Y6B6,,5.488867361448674,5.532899668937845,6.21702820203614,,,5.9956750836170665,5.560067197518864,,6.211565234604933,5.998570515835727,5.717670213056742,6.23664727947405,5.791815437115539,5.865809713883006,5.927156199964208,5.83612963248119,6.064787207210589,6.075281371431128,6.23073598092878,6.073858622917211,6.155420352961979,6.162407685071669,5.868159235059189,5.879774800494708,5.95048040846618,,5.991158392502806,6.020505148750639,6.194684374519716,5.981851139822996,,5.482449687581347,6.1211406909246655,6.261023795412521,,,5.489699437340189,6.2089803502994245,5.558507685488806,6.171031748122704,6.074196536148673,5.987880181566675,6.287654772979449,6.010292538025388,6.1262675649402585,5.491439790329562,6.047736815770054,6.09020247317739,6.1867636160784,5.96814504400959,5.604018052390268,6.12519868409005,5.572527014475223,5.74576009292282,6.18367496863573,5.703525250853727,6.038392434951728,6.3092528188571215,6.026492059470087,6.331667184244568,6.076571065372955,6.4167775525771695,6.212041070310205,6.099424302403982,6.0933001345479365,6.304560037232122,,6.166095463507815,6.036974945331679,6.202456251714531,5.854316656187761,5.847850958509226,,6.111283771117408,6.059820261786841,6.283801623578517,6.007839256250004,6.256714401229768,5.573360113492882,5.922317127850047,5.908123106706345,5.925295226995729,6.252355451228601,6.263773554364406,5.548284529517168,6.302987478424386,5.5229535042735804,,5.780481796267988,5.8515338704052215,6.331063984774118,6.102616202544702,,5.975271829813543,5.811227473471105,6.29009695688976,5.762764077252455,6.092194391996946
Q9Y6C9,6.44197620948556,6.512026496798081,6.326896286001537,6.763473149404664,6.369747524972954,5.92373533712898,6.633140361201027,6.5271326857122665,6.437807600281582,6.6362255086892645,6.473418188369538,6.675076701192032,6.513753183819886,6.6092250312485055,6.367070599586088,6.472877365431709,6.414599012161002,6.673094665188765,6.724563811327643,6.691970128024609,6.646776810869844,6.57445470203578,6.656573348757839,6.677371323318482,6.645398745135516,6.646238719586706,6.262147383729728,6.571211752794187,6.700394583338654,6.714731999075003,6.587725060979899,6.551484796079467,6.699483742559504,6.529529342012456,6.622992486945872,6.557945989952401,6.499368887638697,6.52424537030968,6.701627221145872,6.46617240156328,6.682465971043189,6.714222045413178,6.750109965618634,6.686557298981761,6.468271024731427,6.506499290030986,6.394977018276549,6.665720283819018,6.676880064194362,6.704867704913697,6.658519130771777,6.758450560034454,6.662102877103076,6.76182123538071,6.362859459162584,6.554644432506361,6.557866690160468,6.556146120178471,6.638240859592575,6.30159701343844,6.673295781147136,6.678470539112351,6.786941501092091,6.582806746075219,6.764895466634199,6.616138406509661,6.711998769465746,6.792222375733003,6.559999193614423,6.504868677719618,6.535836260750344,6.503195250888773,6.51286168337508,6.75489631643882,6.785637543354327,6.514140633927685,6.571285964347327,6.667368911328765,6.665860779365545,6.783649272903238,6.739853257586667,6.794312929967322,6.7746071062274185,6.590792368888245,6.633381018337843,6.572813529373771,6.676594779477902,5.994252757780993,6.754359587670599,6.3979484629459655,6.499430757318775,6.679417423985601,6.438141841835743,6.445960367473811,6.359172354193169,6.623287780371019,6.582132761563107,6.462074394250573,6.522027479769424
Q9Y6D5,4.476181280730513,4.974918516571458,4.53261009404149,,4.882901163623825,,4.979574111475055,,,4.928317337001454,4.994185382840636,4.686199457116173,4.546391196548152,4.459771334785601,,5.21925734669751,4.841189549468815,4.9306971572132055,5.185622951928847,5.208952516910448,,4.9786707131699,5.238146369985146,5.165596535204271,4.9074021911462005,4.927008115618646,5.024133113191195,4.978426599292053,4.838999821581897,4.787636535149694,4.4973816659435775,4.45863815651929,4.797472428184738,,4.948686258072233,4.807791098876884,4.831728444775287,4.7940408945922695,4.491346154453549,,4.760076472147963,4.622816637132941,4.517741882660621,5.18434770303934,4.50855207473697,4.839249663337327,4.520430663897156,,4.966266764410985,4.954931018686854,4.919020143093595,4.591524477116966,,4.612071016445659,4.749106525339236,4.968473922813755,,4.735208939496093,4.732667641759042,4.582173206464079,5.0886637662027,5.065291324107567,4.845246911526324,5.199738133069892,4.5744238220598366,4.480378680686365,,4.662130631775661,4.931878530392102,4.557797198014694,4.492481959042429,4.547744373696799,4.557275239054861,,4.664896302211264,5.269761104630791,5.202288152722579,5.0004786083478665,4.758818359118501,,4.625920171461219,4.602637242399414,4.6128404524492215,4.865334436010273,,4.86353914427262,4.809096800440681,4.561364687305371,4.636747702496817,4.794055635777724,4.865602656676411,5.020982328200248,5.188438904306476,,4.516129869162975,4.977458943584274,4.490712496895654,4.521452290238777,4.48936230375354
Q9Y6D6,5.118591051050515,4.999333793438599,5.136477312588706,,4.594959596846136,,4.818276318488567,,4.923111788069759,4.619061832192727,4.846166730337262,5.0090138344857325,5.153263647123562,,5.032758465554551,,5.160041789825901,4.470740577674911,4.6609906907890055,4.521109691902516,4.678088841143871,5.102654058702052,4.7793672535041525,5.055656939160432,4.586058556374719,,4.876287512699711,4.989313862644624,,,4.539838136294483,5.087289367075734,4.832628004352926,4.819720557315904,5.097895685533747,4.838309059669046,,4.824190169118208,5.115440622840665,5.017716684777458,4.490587247397431,,4.50982445887193,5.139032039205256,4.84588621874764,4.538129852981172,4.835468813416743,4.746886331851567,4.497340756730018,4.810818690038975,,4.902378152112763,4.5345851192756506,4.567565216664852,4.47287585091779,4.490358567779798,,5.066820908372482,4.712436035312238,4.8585080283660655,4.800398465232696,4.901977862619563,4.591864948804356,4.998864687645321,4.620560973498719,5.107298109707457,,,5.090851567059055,4.614186664761879,5.136042326804723,5.058198400809695,4.555826276980498,,,4.594030574199332,5.122170233285858,5.027263763657857,4.459960507499941,4.63572837943815,,,,5.181732350685704,4.599558750265865,4.576551312951672,4.567437755543292,4.547414967026277,4.6392854826782255,4.503435289191812,4.881492805412723,4.564471037483695,4.507490343214158,,,4.821437089378291,4.8283076736837645,4.792584133181996,5.1094924003839965
Q9Y6D9,6.01619162960347,5.761077687229989,5.906699798004854,5.560803628815308,6.069421294981735,5.893079287293804,6.001059404962849,5.730535839381572,5.738116884424671,5.66553347929317,5.710286214126133,5.506318763566106,5.79628291786768,6.002329695288971,5.796786599166098,5.8010216106684265,5.975425564539315,5.938859302771023,5.716514380711968,5.700442498142161,5.9460251552947065,5.899758048375979,5.8401134776325145,5.750595721165029,5.691667484153002,5.82471461358294,5.690969360278646,6.050827744837509,5.476549421162615,5.792290947566883,6.064197903445258,5.935360572050085,5.982839631779352,5.890524314036554,5.908016072674638,5.7706286918141005,5.873930194393304,5.903546940447371,5.805195406742123,6.020369695462956,6.014833467194592,6.024811970383281,6.058715823849031,5.662907717207174,5.781684032798134,5.832102843558985,5.702521124998674,5.537251516119192,5.786470615352208,5.8768887551097935,6.03583536464709,5.620217172659479,5.834022816930665,5.673752036577779,5.836838920997904,5.734554593136477,5.4990559475912,5.937178683326889,5.886768396086519,5.89437512835542,5.91174348748396,5.777652124460329,5.743471144519142,6.003641006785033,5.651504346617578,5.952133971757136,6.0697752330806285,5.928873164474349,5.71479416430805,6.054225205576989,6.009314755183557,5.918931282388722,5.7801582673848335,5.592101379197605,6.181403070636992,6.0032812944663005,5.850669742833497,5.95550982943443,5.948921707464371,5.957752617194664,5.782803894443595,6.117550935011259,5.859572185821435,5.901076537151591,5.588455624527154,5.689444670735764,5.901462507455233,5.975547683830367,5.9166140248112375,6.043641955120386,5.858318155369527,5.674452023967593,5.932361533230578,5.9807310935724205,5.966792514965909,5.854052561530996,5.6372254793716285,5.972656236828279,5.828949723146582
Q9Y6E0,5.84283580299665,5.9346809902973074,5.64489437064714,5.552593821388851,5.815635060684272,6.1088297674794605,6.006433691148035,5.964384754042072,5.8579981692249135,5.86181854341944,6.011078033869513,5.638705714000702,5.791261160347071,5.914563361227031,5.982395667609515,6.235211883446002,6.044901446870517,5.9487965908496285,6.026561568582643,5.945582236406352,5.853805631094008,5.934004257552601,5.887134742532501,6.057416422037928,5.990547106792207,6.075271710541429,5.998360720766087,6.054651231074155,6.034184983474761,5.92475001818777,6.015414257226479,5.904065540227064,5.996023379365703,5.9312865296446775,5.978133993204329,6.081001828869304,5.952529709972828,6.013359230125268,5.9325291662855735,5.957410665007044,5.958009855327509,5.544752112366502,6.06820367767197,5.843725487864623,5.957158472773333,5.170151915886798,5.639972863746179,,5.128963148335996,5.989670544372475,5.86532032581731,6.084722752493497,5.867018112221621,5.796825406639143,5.875925606455906,5.909823876772317,6.011067224299806,6.009342382267528,5.821678465969999,5.899479930798012,6.034690539302559,5.53290444809582,5.899717292184284,6.01362313759599,5.947741443110361,5.748217165979378,6.131479997628765,5.961705490325515,6.029985934422252,5.900954822535227,5.936787580041155,6.000184959177911,5.482922115918359,5.712699918208163,6.18218954215761,6.07532893671311,6.004234811727111,5.970336106856676,6.0197025933679615,5.996596470189858,5.939482678419657,5.532471324520016,5.740731577281853,5.505007658712853,6.040336480541983,6.06136204881108,6.076317652737872,5.787139310049716,5.9649678785620734,5.996291294450715,5.800364529645137,6.039341301284829,6.0065062497844455,5.755565138138439,6.07043936716732,6.002028434707585,5.456654419114965,5.971703814109804,6.093788090249447
Q9Y6E2,6.299032433672588,5.943676092449578,6.103100379215001,5.198234051816706,6.068261793410992,6.362438504451404,6.236456849919659,5.706699008992829,6.03301211038228,6.095962566911126,6.010429530119852,6.176862174461693,6.189358888298655,6.305390606898648,6.081673137197628,5.489589619525967,6.356311592281346,6.127758386368499,6.089918562882263,6.430056704054486,6.261945131879688,6.295829861110275,5.946717751306692,5.910424781607957,5.756495035609778,6.272407849729532,5.921142839314636,6.3430719797561945,6.186731721686281,6.264258322993549,6.111872542539841,6.304952025779752,6.320172990662767,5.570903741815315,5.961915223672217,6.091549862674532,5.799880325222243,5.793080682264056,6.292767294849798,6.074376532051837,6.282423636943396,5.170843915193331,6.23209124683968,6.347455954556894,6.194776418451062,6.322427085495683,5.885566282791227,6.529998113183678,5.6605272794456285,6.236799255426302,5.790459752073214,6.131926612821871,5.575524941256904,5.719928202600747,6.00859790394039,6.381386939196206,,5.495301496572881,6.184367264895311,6.082861018885192,6.111972156980113,6.116424772502414,6.165534132371261,6.135131073036889,5.484312611779972,6.22463128163144,6.096538812644678,5.19718002383635,6.3389944154948825,6.327217354514351,6.193524842593545,6.188700813429287,6.157853369719059,5.340151224058,6.316002457591891,6.157198510655753,6.093817664128824,6.209419971823218,6.182244694006426,5.84019439567784,5.656622965744125,5.47551218913714,5.894358537088938,6.077261016865895,6.029213194065743,5.868541055659692,6.184616470510604,6.12417941820528,5.672583205098945,6.022340725578751,5.912008105618953,5.923738565845719,6.165635357110647,5.220981098226708,5.919793672750201,5.780241118585233,6.2112273944532514,6.145028086683746,6.06929554481859
Q9Y6G9,6.418819546662578,6.16386159306488,6.328242041843803,5.623667149788323,6.451614028589573,5.443537088331137,6.307819883573584,6.410242830212569,6.153668047050832,6.278868873795923,5.971028276754331,6.390825436495186,6.339814629348533,6.204996964775976,6.4581745693517725,5.860527898558355,6.399695277678976,5.901648517825202,5.91030776440921,6.316623075961941,5.98688776127542,6.350953726487911,6.311008839173168,6.287329303085978,6.011064367037303,6.22691071703353,6.46233104334819,6.396183306083984,6.115717481817781,5.94311648030067,6.300004076683428,6.3068317550093855,6.341296208463202,5.900664653808907,6.463229304597075,6.223428431480148,5.930248950152176,6.267342774250434,6.3089925949784025,6.225732347046771,6.341182981344074,5.990595551387975,6.261455928810459,6.351804381990675,6.358706741445724,6.329167913452228,6.271686119558657,5.865797842070363,6.246953580184647,6.389771755225706,5.765429385953459,6.031316313596832,6.359096463716785,5.872490256064481,6.369849500225854,6.265920626869529,5.805247858417787,6.270848276130405,6.453089241951387,5.991981234129306,6.117116135031141,6.466067572806495,6.308954148531284,6.432114030800966,6.150816948872794,6.116294924294721,6.071342506822912,5.637541293943838,6.24731849448245,6.096518544029127,6.485951627724555,6.517546328025602,6.227484450392275,,5.477695993527735,6.3843903356072405,6.381665380207607,5.978110649092214,5.8954167146063785,5.112354583990108,5.841840872243442,5.920303027638042,6.116446064052553,6.474395962343476,6.130530569704002,6.438695182192491,6.185690015191043,6.36831632804623,5.632246832213774,6.38537987392837,6.362750089019094,6.044042756412322,6.350519251201028,5.880193784609366,6.422356120130583,6.291063487638422,6.135438003720912,6.46836150092242,6.458371415069223
Q9Y6I3,5.98175305234636,6.249393396801797,6.257731261338051,6.2769604630953255,6.316782119050082,6.274546216370878,5.698919144092139,6.202680861984056,6.199624639793942,6.416514131924366,6.31409034229916,6.550063209266162,6.231169309803242,6.209928386003497,5.7499302675397015,6.09432544521604,5.90795282715606,6.044513408037672,5.792394531678671,6.0977066203814045,6.0815748737605,6.224467329489766,6.204056731022941,6.418485324471202,6.149126118643835,5.829789524804709,5.941500377422836,6.345199509755291,6.375957063759069,6.231968929039581,6.313694909764128,6.138653639313911,6.28461663511535,6.173135828688739,6.21779692736399,6.120934947608771,6.255950764644148,6.097890995310637,6.297812948811524,6.012240434130456,6.050610175103573,6.266515063190088,6.346406879209338,6.159185333420554,6.105058457949487,6.115009594027985,5.702124791938634,5.906802537253879,6.347369200446028,6.334459814898687,5.966914519927222,5.95069672051998,6.110661516301597,6.355392216137703,6.130440810665124,5.859706004726253,6.047359766062613,6.242815058122851,6.44020219318808,6.341291573160987,6.240171836116315,6.171259107667597,6.132929035790719,6.31164112298425,6.110560048143592,6.165109390716888,6.058658530245868,6.121334159798588,6.13112624106864,5.749508033291744,5.712520812715244,6.378292571752487,6.216309726771984,6.166895969862514,6.289469050006605,6.317954801319937,6.305721853164522,6.198411992394231,6.303572265156697,5.758747304235381,6.080959084873622,5.93684832776531,6.358086570356827,6.29045522695465,6.210753504140668,5.933180863028553,6.259333777152181,6.393274023295295,,6.349785600354071,6.354339256072679,6.389326174887951,6.302285040713098,6.13391127526282,6.256487130301245,6.091412520715928,6.003167396254428,6.2241554557342,5.978297416064604
Q9Y6I9,5.6537840082955855,5.352148666896085,5.720685734232121,5.81988618306837,5.903624132529766,5.430482738604729,5.860621024818959,5.674797792069696,5.819673988473898,5.978117922014118,5.846295960757412,5.8734706448807925,5.682377482622174,5.970770250090446,5.695513870550417,5.775290463302577,5.703925011377802,5.618100307920956,5.747333106236742,5.983161142271819,5.770396083973962,5.737175870798236,6.034650492373651,5.71943623047708,5.938034709555395,5.7956648134373925,5.920320610704452,5.993686770835282,5.907921070264607,5.83064208852827,5.361466860008221,5.311851844969011,5.6628772504634615,5.656311958505692,5.948409492028536,5.672166968545243,5.370810588716837,5.35681382552501,5.886815375800564,5.901178716734501,5.61781387663848,5.956892283256667,5.352446450901678,5.926259726253654,5.689401010882359,5.678786347253515,5.876031199018741,6.079695532321048,5.866878032654684,5.8214213328570965,5.945866878024988,5.9262750718805055,5.867755574768863,5.90771997214187,5.302255089328644,5.960292558720647,6.008868796480691,5.789402814971804,6.04230309356457,6.02789913116848,5.847292487843811,5.942728483375031,5.906897579653076,5.921969785873451,5.955627497004723,5.965064837753785,5.942742380574536,5.966258450118676,5.814527213390191,5.905581364392652,5.964289359802956,5.900214620279314,6.123013774254718,5.962500946560489,5.970337740930996,5.909770906500382,6.083862227073217,5.87170543685639,5.792994583480701,5.914153650802882,5.936079999186244,5.951397251128204,5.813533053892285,5.714175684869918,5.888042584780545,5.747711920524321,5.870612972678604,5.7097558639379375,5.768888954141326,5.829977977494969,5.708236015716805,6.0271385993272935,5.886674798956568,5.817696450374695,5.647980547832982,5.985889829450167,5.97632418143495,5.814107380071472,5.832241847780482
Q9Y6K1,5.601141987457772,,5.558879301695992,,,5.827379785625854,5.073787769064102,5.85158604448796,5.351853176425419,,5.07414254006369,,,,5.892489839373638,4.870043004055876,5.41687756130811,5.899903483570888,5.153251817352754,5.373833381145421,5.166723348055775,5.758487378286185,5.19706593449239,4.822006944538815,,5.375150547210009,5.306970639935514,4.778027736419354,,,5.786774672932895,5.745536824155467,5.969036842328839,5.36485379496473,,5.979827262055459,5.744210499891532,5.780108513653672,5.074404818059099,5.398645592926438,5.021279927765154,5.464777059031993,5.675991909639801,5.286408289041027,,5.393007352946023,,,4.745373892574846,5.454255298471254,,5.142976304775742,,,5.494799254979421,,,4.700721717587149,4.963789913129281,,,5.155548726394036,4.822151070972792,4.780247172149156,,4.761499474502124,4.831979868644428,4.876519964072648,5.03458644949341,5.1171164112633285,,,5.11447767306966,,5.3773004362353785,,,,5.318360916116083,,,4.870459399839507,4.874202526292782,5.417502330381115,4.808696769234143,5.527795543527196,,,,5.234018917211605,4.821082092051478,5.112965244577649,5.064428515435634,5.592662563605242,,5.249606122113054,,5.7027548500297,5.350559232323132
Q9Y6K5,,5.522295360482313,5.126924698767094,5.534721025144715,5.479229383044916,5.216185818304576,5.118746190239977,,,,4.825401060280815,5.0086275394886295,5.456765273220005,5.655042579622752,5.470929155078897,5.708930715763793,5.161836626129324,5.619849986860482,5.690847787655422,,5.698469435533541,,6.146224817745265,5.935899750374763,5.6588273066571295,4.952381512750384,,5.597801693802932,5.146609667301352,5.594074890666581,5.32246184486436,,,5.786342070822949,5.280715741385267,,,4.824206905250675,5.297341712680222,4.84982813103791,5.38279860657246,5.221669922866623,,5.790185101015565,4.853571738461641,,,,5.10872723379372,5.409745524092175,5.8379856378817445,5.604501445946453,5.162914104863857,4.874472800647069,5.830375908830022,5.5024310013719,5.461073552914805,6.108737516503005,5.011976621412855,5.340701978563452,5.507711936705901,,5.921123430193673,6.09024321534397,6.059487831164516,,5.494184949227017,4.932890492957761,5.578067191448615,5.839522270549067,,4.881810590511782,5.702755382381543,5.564871942095887,5.428798936407956,5.502999199645225,5.427654199157296,5.458236841378147,5.983299632172308,5.181002614168233,5.3890349917060085,5.384170267294285,5.414350226499817,,5.830234827731639,,5.540806324429282,,5.638711953352072,4.800297889817771,4.869471564464353,,5.302432220463129,,5.427507444812053,5.746178594992472,6.058574874832739,5.104565269047209,5.398289286696862
Q9Y6K9,5.731681417948407,5.739527981322497,5.867225025920344,,5.199561925254932,,5.608015707404132,,,5.253067603759917,5.625693551275893,5.941557571662211,,5.414272143467415,5.651493066004592,5.71323619722837,5.659817437885691,5.077770288649604,,5.450301578427169,,5.48107356659104,5.804503846368999,5.493634938826975,5.506278969811119,5.745251796640875,5.675141458583084,5.121675435386223,5.468178846416525,5.119642863612057,5.625988246664592,5.710037021276888,5.432860212895982,5.742104782687448,5.811998097522778,5.154913295209173,5.467765426303165,5.440646238547265,5.605181881285454,5.755823393197954,5.795283941045452,,5.146234685086407,5.520265650897528,5.154279887182681,6.111846057472303,5.950627733493156,5.3499778217220975,5.603662766596619,5.591503366687581,,5.211336292767238,,,5.395483865910416,5.102253840828038,,5.9837234644423445,,5.1694049448134,5.585016283950395,,5.182710407656567,5.750137480376177,5.239548329943151,5.735403000446113,,,5.882248019324796,,5.613727435233535,5.806956198405578,5.771195743082314,,,5.807839451410845,5.613379118783508,5.469986785496949,5.552096222753757,,5.220373540885256,,5.251229069244211,5.179304852268363,5.167457495557605,,,5.955664009969708,,5.967269147552572,5.793940379581717,5.179098324501829,5.919548959065168,,5.9284635469439895,5.836119050372746,5.444721745246474,5.40877545827841,5.719060946924389
Q9Y6M1,5.668812010018562,6.395572726335674,5.0752029776204965,6.655588506879651,6.5408366221559335,5.872537758687103,6.633953101062352,5.570296748860825,6.66936105301053,6.358525029668529,6.686319451033709,6.59372733075381,6.528491182527082,6.45280939828498,5.589379686030111,6.380958832747809,6.584612171455577,5.597371042374059,6.233618774869074,6.584243988741238,6.665967030133581,5.27450749314637,6.58303069375215,6.693483997397093,6.503189397808011,6.6565165397373125,6.244218083197952,6.64918645667187,6.421193116088286,6.609071819150928,5.388807603494589,5.359983966207867,6.370072358505517,5.365042017512935,6.591711113807211,5.406029713140241,5.5593977206596765,5.369554479287247,6.6638873318233705,6.565872773910131,5.338610790102632,6.72573382873882,6.681995959173824,6.522470654440773,6.69291438081893,6.408320705943577,5.086161890867229,5.27762233221037,6.585464242781712,6.624314785991688,6.609407782486244,6.579739119107369,6.664057079960077,6.557221986408916,5.502829997792835,6.554729880778218,6.558556300866069,5.509325007726362,6.613579901917124,6.681168396857391,6.547871680236627,6.709981961690353,6.489875286685335,6.595881215521116,6.546090798295092,5.369935279343485,6.526994388825717,6.579753113080143,6.458654235837709,6.588618781598022,5.362822315461384,6.768031034412543,6.471478945813772,6.487270569107047,6.343482093392494,6.735911219929774,6.615844969006993,6.474179018038301,6.1316418346501305,6.524134573870578,6.723774884345684,6.414915010206192,6.262113971975609,6.639880514702746,6.416100647160058,6.515937814439316,6.502954333320162,5.442309608821736,6.538363262149055,6.646685705790855,6.614318148207866,6.652470785542315,6.521851120584233,6.679468070479848,6.664414357683587,6.433044614095923,6.4386513029727634,6.2614570602810105,5.058765023855428
Q9Y6M5,5.685416480291555,6.144461159925694,5.523922894360934,5.929233017276026,5.878946962945969,5.810797463006435,5.69653494822058,,5.314659405946815,5.809814973295845,,5.722573689859117,5.854380714075762,5.689821424083499,5.741422670970939,5.629419769362261,5.5641055631202745,5.175742639879986,6.094393514498162,6.239285236872651,5.917617905326635,5.945170584498609,5.872066064824466,5.270853473791077,5.762001724813734,5.657105739667024,5.272325402382228,,5.859238556311124,5.809240814860054,,5.487589937868382,5.208834536392654,,5.492373454245985,,5.236106933227019,5.21491533876407,5.698617910069208,,6.186436649261172,,5.8285983637584495,6.051031480612737,5.724928829384662,5.734409265698499,5.22894755147168,,5.807331890630364,5.810590656980437,5.932523291367689,5.599756358824547,5.84914002544407,6.195359808335501,5.1758628037915,5.684031814683908,6.001516229330921,5.147084276748256,5.419854410745879,5.961609450548981,5.678636376467855,5.776498237346472,5.973080325176974,5.844629445163722,,5.815087541693962,5.990803640590905,6.134295263285747,5.970531693012389,5.747914277405295,,5.892053844537482,5.96857530738826,6.213563941755394,5.344352903080523,5.903312171053733,5.70008958708052,5.722034910229332,6.0698389410331695,6.070697273753181,6.174872397414813,5.791889597728157,5.823052344637992,5.263302977366817,5.873630575435297,,6.020554473022747,5.243850882880698,,5.680630436416485,5.263083988726841,5.754727845568127,5.510875889608928,5.809633576840922,5.943041097468174,5.706319317289466,5.831432288402479,5.667066647721992,5.803791005964659
Q9Y6M7,5.675180997444324,5.636262747673306,5.439125157144288,5.131075398748596,5.841741416166814,5.518846231012766,5.582999189829317,5.237887880633681,5.678910300501999,5.932775639908039,5.827126733265585,6.053071562909478,5.675540519701736,5.616510711945108,5.376505563191927,4.86881314436764,5.246194927106725,5.451997377316981,5.284494837259324,5.432858541189696,5.601757705776547,5.6091424944218335,5.645647912223157,5.566425034797141,5.385064169353345,5.339315806215735,5.264321729750559,5.914270003479729,5.463664551443875,5.807643055860222,5.442911007529017,5.403117192198609,5.31611769506402,5.040874841782248,5.797255974375541,5.447337152572818,5.218861109697185,,5.81316630484776,5.601514121155075,5.924897044372859,6.149351194032274,5.73429032647609,5.767100285029449,5.796807555469752,5.603730000966786,5.442496202345232,,6.079875553209037,5.691512435025629,5.7452249517132,5.664074849083136,5.793982236851912,5.629947298466745,5.381433714240237,5.71154676596109,5.742231038034002,5.513923323390697,6.123407750142452,5.73196865620944,5.871672497431516,6.120329229520947,5.901263258362682,5.58784024345329,5.831271890305267,5.411429248424564,6.106730544045184,6.006948175503259,5.700527284102979,5.687706159876687,5.788444131845636,5.886023883406478,5.462939753863731,5.843392676372827,5.655969224319584,5.768531880641921,5.92429849574744,5.612752136612596,5.151393129475884,5.518451068942285,5.738285023996868,5.823804154721604,5.756351736278988,5.794183754376064,5.618898278188642,5.64308319099164,5.791909178558146,5.372705365359111,6.00118628191183,5.725996186313558,6.00120157770221,5.932542535588217,5.687370974896897,5.8210854844068045,5.5840882363463775,5.441321286577329,5.438911383571587,5.486495965254227,5.311372112377455
Q9Y6M9,6.4399625106566525,6.599656126262151,6.33194988453941,6.700166294044864,6.5642458524509015,6.482136400426141,6.629949330037585,6.436833530496326,6.569800984656742,6.442152977789846,6.622948031875154,,6.541440879207006,6.607394607172728,6.441838543025199,6.427919026824903,6.435722537633106,6.467584389483735,6.413546287043857,6.569032339948292,6.611574780721663,6.477559641206344,6.555728563424984,6.453801178655115,6.5623145606396935,6.293136098257318,6.456030672883538,6.640432748136695,6.707098717840028,6.625335957543347,6.399748922589012,6.615274924723838,6.376065569562977,6.613407906333688,6.489108038827203,6.539581751783659,6.487187429852181,6.51362379553669,6.506828600104617,6.625603765393848,6.464620903139781,6.656683242183485,6.244923770243592,6.509888523031909,6.529888686948697,6.649284665145673,6.609937409569117,6.731974470589225,6.4921563803636895,6.645742961027185,6.667662216144782,6.599428133109797,6.358646161096825,6.641899880295457,6.50904515217808,6.488669449542888,6.775740010766588,6.456873589508118,6.436270378304519,6.544330364792473,6.624432653281713,6.535777618640495,6.698662519670839,6.457884858031605,6.493525843484746,6.509263534559505,6.642036311526203,6.674224351787749,6.52229175161996,6.554162977832634,6.23760794900848,6.391764929081037,6.479205208417592,6.734916304728159,6.74142374405452,6.665100958858536,6.508646303958517,6.544395773478358,6.646676944913414,6.730242038281662,6.698788383752625,6.690663650912393,6.679657748284142,6.435839102214516,6.504428016554319,6.575480162526681,6.522928831543292,6.425896537573237,6.715371687322808,6.540192749827671,6.448950362457023,6.6274698061721455,6.511894129247853,6.650688342609367,6.461470743685243,6.464146935709841,6.527402987098711,6.475811036491702,6.572375788162855
Q9Y6N1,,,,5.470166844915164,5.402161471628951,,5.348451920946391,5.368689885466896,5.463787267498538,,5.36037327450595,,5.684266285375289,,5.383544844898058,,5.391543069603322,5.3022259885544445,,5.352965589775876,5.455564395837595,5.516577309842916,5.295768779268961,5.398969236257768,5.423640718217711,,5.706771564648614,,5.856775303429574,5.329999950710127,,5.306226487912774,5.636656413307317,5.338325674292923,5.316621659395894,5.358574643053498,,,,,5.907688662933283,5.438241298848607,,5.258163668448751,5.364003360807122,5.668373211522249,,,5.936932881483364,5.357280577724343,5.4475782770844905,5.432129743665864,5.393371978112956,5.695987162634899,5.906854512138277,5.801018700639474,5.524956893444115,5.589591171470706,5.538822306790994,5.385957278847921,5.3322301326124055,5.75550585621112,5.694758481656471,,,5.337070279528264,5.414150092867199,,,,,,5.377557229527763,5.6109928499534805,5.470636221345815,,5.346218634250747,,5.600255537391931,5.404544561523603,5.4355961912384965,5.905015788445863,5.761905160548722,5.714018810246284,,5.402702919437976,5.841238178728105,,5.938123448437463,,,,,5.461910956939952,,5.831273199425127,5.363111538424469,,
Q9Y6N5,,6.816158849068941,5.834538416075036,7.033855083289874,5.093164526921727,6.40157602036536,,5.050399254671292,,6.148961309754229,6.207292983616738,6.615107761181866,6.695569482254918,6.544981581062812,5.06587609461554,6.750240538092014,6.491835420836521,6.461791643036859,6.627892848274936,5.342099586998498,6.139497918402551,5.206090406424736,6.381732229467373,6.695152694983426,6.504793952821245,6.705724613526417,6.443204270388844,5.02043234776637,6.763859632078784,6.866757735250955,5.053341175304942,5.055644648220713,5.332329309790948,5.07144903694122,6.739550726361566,5.541716893595052,5.056770130188304,6.090931654026344,6.1578441946335225,5.119916568429417,6.496865368014041,5.83564999382934,6.6574909351229685,,6.551440669266949,5.378053188133519,6.651190389930666,6.578739876773486,6.806273871895314,5.334831018753333,6.986369910064544,6.653585241961897,6.453642070012494,6.5870991659617655,,5.718968095200872,6.416564492345304,6.540886324322596,6.009175994207194,6.290591285250706,6.606943602295801,6.8747764453417295,6.610484855203346,5.036495948340331,6.034975524888849,6.315658577697823,6.790651884759349,6.767208555746244,6.209426968989883,6.508634336744943,5.066046343660935,6.347710291452957,6.723273819990872,,6.169581283456397,5.957782810304741,6.661382110263228,6.581777230523094,6.720884855882546,6.921468838262561,6.910607628603913,6.814805416186282,6.84255267111322,5.783471632641063,6.678503108067114,5.103450469314883,6.729298810137614,5.067435368654977,6.801722642330974,5.8029115507244216,6.139934277361101,5.066080908167757,5.027127161574584,6.255157341516428,6.619859556240308,6.397102038697119,6.683340479824366,5.023953483174308,5.006101302769536
Q9Y6N7,,,,,5.2074611813857805,,4.667256498446433,,5.073002550940489,5.386554221186616,4.67833951726093,4.860518570642987,4.697431836714333,,,,5.501243732378099,5.657354147835767,,5.159970365705278,,5.710068713429582,5.709977775199119,,4.7243999790538105,,5.03207243546224,5.514195318200166,4.701199606124057,,5.591143564963372,5.34200252259191,,5.521015296153998,,4.685337633213166,5.294318771507787,5.631330174582398,5.147340231196266,,5.759149547392701,,5.829143641037261,5.671130877309304,4.689984661533501,5.652597351495674,,,5.612155031261915,5.4403422715316445,,4.746429756492014,,4.713983169308582,,5.429667141967645,,5.4559438202802175,5.874690238505076,5.18335635291261,5.743547757256526,4.748347995118631,,5.284075134767511,,,5.042195801854009,,4.634788811550671,4.72001239753047,,4.73197704512027,,,,5.703834361816655,4.972896687650088,,4.917959642038886,,5.364133006411226,,5.560744720040309,5.572239741876101,5.691399567032968,5.650214576788795,,,,4.6619276447927165,4.719101287329545,5.314880247930238,5.145305988101896,,,,5.378124091606921,5.24650187891563,4.646293493148362
Q9Y6Q1,4.9704450526767685,,,5.102750924312318,5.135777730262152,,5.304387882872387,,5.408663296838498,5.177994953441779,5.007750279379154,5.221383586505613,,4.992462862005947,,,5.031324664611031,4.937454863786889,6.492962805435713,5.314381760919151,5.404154622643221,,5.418194568673171,5.364955438745919,,,5.042938796120291,5.001620286299765,5.031350679369357,5.286807452890139,,,,,5.004072737980799,5.022178243453441,,,5.006663404219795,,4.986143816980763,,5.026003219547672,4.931755516180772,,,,5.212136945480635,4.997374616542388,4.99613212863088,,,,5.031852987256568,5.253007834924513,4.981183158990289,5.1519110977500375,4.92451934472019,,5.069278792586736,,5.098927471835243,5.036682691743645,5.042757905155569,5.183953143308067,5.937217720066971,5.370000028324258,5.1284779059521615,4.962381372518481,5.055988282316036,,,,,5.837526363222813,,5.327778585640694,,5.269017312266596,,5.1082788186550285,5.100153291030577,,5.034389858835772,5.070671826235192,5.089982899071612,5.015634671515596,,5.409486808830054,4.993861650631321,,,,5.13795071528695,,,5.317304021679409,4.964614043527054,
Q9Y6R0,5.148443826411918,5.474603456930854,,,5.719402027040257,5.252964797107676,5.154818361255321,5.685056184799153,5.75100162123371,5.764220840775091,5.67081233300433,5.65537121812318,5.670256098139034,5.451206163726701,,,5.19405196210873,,,5.164632818072978,5.244368902104964,5.6409963726972014,5.11716634632514,5.69158114378174,5.219770053060113,5.2887451103706296,5.713305927686212,5.456593842914996,,,5.662818574162232,5.134475871759432,5.157174852193122,,5.614241270884682,5.484372392173111,,,5.16130770822754,,5.731801586964373,5.744217301630702,,5.07825816826805,5.656718165051008,5.486691770169895,5.184348969799233,,5.631307192227509,5.148890360208278,,5.540340512699584,5.495143381287804,5.523181788937447,5.113235137273463,5.443811567888414,5.311140000661727,5.083101237151428,5.968546406850847,5.513309646184616,5.624618050050947,5.532612277300258,5.51471326775006,5.1734484597894514,5.253052293380758,5.145840160105995,5.230874764135985,,,5.2146930748465365,5.6618577459187245,5.706003781590221,5.20249233126268,,5.583345680077534,5.23976386165187,5.168211527670458,,5.126849769708618,,5.243159028717519,,,5.192800815684244,5.537558941602111,5.548583440807568,5.4705631769997405,,,5.149232228570194,5.216122227904529,5.207965495660458,5.638797132920669,5.6261627334415785,5.474263589149889,,,5.765754782275107,
Q9Y6R7,4.275461164802338,4.322949070313513,,,4.387698335892159,4.3815823254506245,4.32235989809205,,,,4.310739718920329,,4.339278632746771,4.883722641038055,4.363310600827111,4.398080085631143,4.359797332357269,4.226328737935414,4.363274849580464,4.794236333838434,4.432574768563875,,4.723044802637678,4.343459675299282,4.651873621610441,4.44574634220029,4.661075800215264,4.592978162190359,4.627604810784552,4.319858288609979,4.601484912834832,4.240617163854932,4.261982130881514,4.312558513430238,,,,4.291368894981312,4.290821292330294,,4.279204604604129,4.712565819837252,4.590469182023215,,4.818678280225101,4.320323178010707,,,,4.5762104559231735,4.870413142275285,4.375337471089337,4.916981308082121,4.624483395844711,4.54079659538421,4.967148478678741,,4.517586011856152,,,4.279710513503811,,4.349060631991033,4.338990620954925,,,,,6.072189634897235,,,4.344684726007874,4.357704685160146,4.593804890516369,4.430452168887433,4.696132547098612,4.336410698918118,5.632190761565666,4.535344852759432,,4.420911327851886,4.667665714415844,4.718132666570406,4.339256318958404,4.3283515582863314,4.341843967269106,4.598153676736458,4.307078456667933,4.707981143376734,4.874256341801621,,,4.284114595960511,4.919402139338504,4.5842216962948354,,,,4.56707817154251
Q9Y6V0,,4.482760504733289,,4.266264486156769,4.324214875318211,4.361105056362015,4.2045573049424,,4.301880114812034,4.301587734631122,4.248402600229441,4.402332557256666,4.507134194033933,4.187651794697708,,4.608762496336513,4.224600757789454,4.131718326414663,4.585280996948574,4.241159533422183,4.257790916032448,,4.181614127741435,4.259249225919834,4.267153479495127,4.307001921662183,4.271399962521938,4.259677061075223,4.230894909000408,4.476345543978773,,,,4.186201380147394,4.187952656990006,,,4.171369527193377,4.79036136251658,4.190876460957948,4.192309964673543,4.75639727255436,4.192256044961025,4.892348145607674,4.485541704038887,4.221452988300001,4.207726177379199,,4.174694156777801,4.327327057300071,4.400304080770155,4.253795028710618,,4.452908542783077,4.597117165452371,,4.391426013477315,4.417867837165501,4.409862764511954,4.53459062684318,4.470526859837944,4.305668847607517,,4.231014460622967,4.335395412663275,4.162762360769314,4.2848849434581,4.3622577775914415,4.134018242802929,4.379045484394909,,4.541064170667804,4.230136531779952,4.546942535845917,4.589178555143288,4.325900645526057,4.211133836316156,,4.447373403370611,4.266671145836509,4.29388841905808,4.311540655967802,4.3224712461923085,4.247931867274652,4.236464202962347,4.282137470627099,4.203525349827848,4.215051605268397,4.381439007315148,,4.535639165055328,4.237736888333894,4.235797073544116,4.309121177983833,4.194486903791367,,4.490265057678016,,
Q9Y6V7,5.348594757401066,5.676233291324032,5.54818271872657,5.658782857530685,5.115941602641954,5.462618108521902,5.358344224122273,5.385067393598646,5.170288376401359,,,,5.404680319800574,5.513801880507054,5.096068226998593,5.468018625952638,5.402373879549792,5.812916074039217,5.448943493791764,5.680328553320018,5.179663240161203,5.541091428805318,5.024327540223168,,,5.190797260863074,5.117096450578303,5.385904031921716,5.800881497733148,5.662008138712199,5.071893551973421,5.668273631991063,5.661188843505419,5.572128322915344,5.337266232623607,5.690278777670237,5.550005134744727,5.575192416074338,5.35797010257867,5.386060831625624,5.6559007785830895,5.45247126047038,5.531537914660413,5.691607520673993,5.388399042653636,5.394166672196893,5.370788598431085,5.7650362960246815,5.53832522453809,5.043769168972414,5.644031939909388,5.435745373944651,5.567228789874147,5.410371355439036,5.720238643967037,5.828364482966054,,4.996897394108042,5.252710715189585,5.0947646436964575,5.534332505157265,5.137314312504811,5.109248052501307,5.671016885555852,5.147381431683492,5.524781540018679,5.632408596516625,5.6519602426263935,5.728661600993386,5.585420018772938,5.059082132702789,,5.398502108617211,5.808359218935747,5.4881276710062,5.438608982684488,5.360950775175048,5.391014123423656,5.638248091236067,5.481624453916445,5.500804200863818,5.770164105574533,5.882081701526568,,,5.463816055539198,5.879487423565552,,5.177224005292382,5.350709358815897,,5.715576417222728,5.047976131116953,,5.358752660278501,5.365518704351931,5.367131665696856,5.511171461212727,5.035347949260456
Q9Y6W5,6.323365911218218,6.220245187071647,6.355459558645511,6.367581800148805,6.219283739789127,6.335650026646829,6.2189612483583465,6.261906991797337,6.254622241870058,6.33568216044345,6.230628513131087,6.408320238538609,6.195446398700943,6.333694741954792,6.413422806104372,6.379453465775132,5.817137016373641,6.262080802302862,6.309929255924425,6.009985119831174,6.3005681418959405,5.171797314562177,6.330190803551057,6.433134659899537,6.29372892134546,6.144598904212641,6.287508507769665,5.906332172907593,6.288863465959535,6.146398591014952,6.327024859225762,6.184614216157524,5.98673926905963,6.296726043560929,6.2459253544011935,6.292547840652359,6.233161491373404,6.336376317458964,6.002528440949458,6.354083602631151,6.110753600854284,6.178343985229507,6.085734986450062,6.1870190362587545,6.027336289990199,6.3222411327313495,6.112959413933433,5.844504782142788,6.341833777846324,6.075562235387075,6.325488327876226,6.294652668524606,6.3357011930090295,6.067620942151626,6.101910180281063,6.290761252819849,6.32964973384225,6.341561603151102,6.192961355360504,6.269403194025299,6.208268883233014,6.340689513834519,6.265310703192119,6.022392810564073,6.398600324765827,6.379299134849028,6.149545021200284,6.11561569397163,6.233291865844628,6.312252639334145,6.34605702054515,6.341537442437051,6.29555291365023,6.047003052727119,6.40821554124663,6.15643363526368,6.263039514458493,6.3630093984289005,6.27037926167613,6.150283673550112,6.314625758989749,5.8697342201776745,6.314064517927925,6.143358354224727,6.208754636294298,6.227897659047877,6.3325115362762965,6.429161467436034,6.314692729585426,6.310082592902283,6.3717699184746905,6.194810985890932,6.273244609000275,6.444477129159979,6.331556497444455,6.287794826940573,6.373495985621565,5.773747705436181,6.351154754232686
Q9Y6X4,,,5.603261494961265,5.527486746281423,,,5.125321856096047,5.627887780020607,5.528527035760514,,5.423261297433576,5.332332912965137,,5.574746974462777,5.632403634220342,5.926965514192161,,5.07459902533694,6.299678797061752,,5.700025370649468,5.893015524845389,5.3895440876703695,,,,,,,,,5.562149037664056,5.400453637663693,,5.401441095472117,5.451116167949124,5.166761003696365,5.1169867726507965,,,5.064841603910445,5.6876458018982605,5.593171498804766,5.028772813203114,5.444224075584778,,,,5.582272367498632,5.420736028997516,5.710318236285271,5.499220326571865,5.739752544535212,5.189588061735003,,5.084893291339212,6.180631910238917,,,,,,,,,,5.981381591415079,6.015904051539367,,5.65067996670479,,,,6.303934456134801,6.032944080575842,,,,5.847528772274359,5.884518094362395,,6.058449042292432,5.707104270851436,5.467837686999157,,5.474245793438787,5.138871842002997,,5.549108740680076,6.067654536774356,5.177672849334202,5.151596910695767,,5.26058802180375,5.419974575688926,5.729837923319176,5.908541573435943,5.391291710063417,5.578562939514673
Q9Y6X5,5.267297455109058,5.2695057354291945,5.849849099149396,6.081840444222684,5.349032373264461,5.6692671115475815,5.299655949368901,5.343248870874644,5.371440048999983,5.843479939549594,5.301316600446285,5.751927869448438,5.361022631791615,5.721121684591428,6.085798292488359,5.364661684115808,5.916108673331959,6.0706721138198,6.138272172951959,5.573098771301783,5.67348514845248,5.446717417519149,5.533510240681797,5.3329327653367775,,,6.038148157193101,5.27297755148605,6.084201479221273,5.86822481243761,5.98608322332958,6.100033632355354,6.116099317691791,6.1456400226919365,5.241375129640039,6.154577360818015,5.99111299134521,6.063139818930928,5.273209237983215,5.98915226565008,5.222208643633797,5.674158451559108,5.571468698658325,5.881525628375762,5.763895624590241,5.764914416684644,5.874573420487645,,6.033703223298323,5.265614768365392,5.407646915607595,5.520622755532937,5.596490073396661,5.303285277189969,6.10285719778409,5.994182027432944,6.108288458442866,5.689114569658712,5.455091785258396,6.01713672781351,5.2468858663987215,5.580316280030788,,5.2621927955842125,5.417102244311598,6.05044028537908,5.329251656990811,5.429936772508642,5.716241083684287,5.630144754416732,5.86857617850611,,6.005844194060682,,6.007706108661649,5.337639869305541,5.33178984381304,5.781650717863154,5.2486336176757735,5.956891096000883,6.055526056796094,5.662309205345367,5.671500368764248,5.606585617543653,5.910954222198956,5.931341900361125,5.990503417891766,5.777002454657011,5.988049830555182,5.411200612501718,6.102671633838989,5.30692854712912,5.276815615606204,5.87857315975846,5.305770110249815,6.006448314375328,6.06273887171041,5.543467045666795,5.552934223556856
Q9Y6X8,5.978523793614032,5.320799031797376,5.488146300641532,5.431718353308465,4.903830366245734,5.243721516642991,6.064183427678209,4.892748780339299,,4.947700377297873,,,5.736782377909359,,5.855427878352525,5.429205665530508,5.486380153526569,,,4.84275422389404,4.946976108555487,,5.276956455650283,5.3918571302220295,,,5.880760631293392,5.1433471712325805,4.874285327629817,5.541182118855775,,,,,,,4.872991168833369,5.333225207662751,4.86306711458856,5.570486456050876,5.284665788344001,,5.626599920584997,5.056237850723319,5.167659183691739,,,,,4.833664380559534,5.26023489403549,5.2202567157410655,5.15841263596377,5.202097026988737,4.779958987903608,5.121200848825248,5.617538355684554,5.560347096421522,5.515418170157997,,,,4.895778166674061,4.841653422457173,4.918901086153769,4.843864619858838,5.20940908755139,5.561363912951151,5.293485070367285,,5.987942517403567,,5.350515497292708,,4.962329723630859,,5.150064098350449,5.725558610128948,5.263599442000652,5.218589472425616,5.548895780999664,4.926912436525603,5.6634181685006455,5.685297454125326,5.371015319216044,,5.765743788735891,6.044096596728562,5.261416148141995,,5.214058084997283,4.883427260693131,,5.8819144788455215,4.8666229057762695,4.847151058403396,5.4598245756497015,4.809005954085398,5.671716560766202
Q9Y6X9,5.387591966027771,5.497609090762442,5.71131129420014,5.503427377924352,5.567507961927331,5.865478330423165,5.577320819181691,5.800676706377721,5.617086725522311,5.510284993024248,5.410753231536366,5.649909511130668,5.346227022723198,5.557063025747021,5.478678004398942,5.545263854395597,5.616674392067441,5.6989389536358495,4.877933782886146,5.288031562346619,5.503610561880043,5.572162932978705,5.444032372118616,5.548268434188675,5.156334490821881,5.237603480827305,5.734677149308753,5.289660940448619,5.668430147545276,5.562047334988435,5.507317085502633,5.809622432785468,5.814531576570004,5.56793903424676,5.260373443579656,5.672183431700266,5.597685406128811,5.583521867525248,4.804443421951026,5.526760549423923,5.709313117857635,4.881471300144742,5.759978318240657,5.547224254381503,5.119837085140753,5.530556099050865,5.508941569302342,5.493106694947309,5.091836114918954,5.558362403577472,5.5917129793887455,5.575958693766432,5.588030334408626,5.323158149279563,5.706550250825122,5.610003147079303,5.446533712554422,4.728771412531459,,5.303585404358979,5.560960401852523,5.355700821347886,5.747868354735674,5.500282221366612,5.586727248353775,5.380205252379265,5.712078046193112,5.397189857785576,5.71263248415687,5.332635261982099,5.6124323589227245,5.478983663424579,5.614501458000183,5.056029589913061,5.764192893643594,5.584233580993583,5.757640613704344,5.603543909268608,5.700111753201937,5.637758602560501,5.427367881383679,5.583374792614562,5.691237152856259,5.448595114841206,5.536419825497743,5.634083231100521,5.66283793698083,5.5649730108478455,5.378895621334708,5.494718170922107,5.634200190709495,5.146883062682248,5.097047060627906,5.533440954428362,5.700391652306961,5.280319227123975,5.515053136531842,5.707188622608176,5.375290895176015
Q9Y6Y0,6.009045509200117,5.725750354019612,5.634107992556451,,5.372109307336206,,5.01426377441367,5.6610578770538735,5.432348705707311,5.9133218369541165,,5.205622872789706,,5.471470438796043,5.535257242458297,5.135383373545599,,,5.397737718895017,5.625999131298604,,5.799227644532867,5.749912431532792,,5.387563593048405,,,5.497808166583236,,5.015539757950151,5.737952473762358,5.593403445699931,5.787077434409684,,5.775884704786389,5.031377340659571,5.0254553788846446,,5.321158781869389,,5.466387941697199,,5.011189327293466,5.996150851949963,,5.348483112142815,5.024305137048535,,,5.316046428729188,5.114586354258136,5.089651625284583,5.033703123185392,,5.8149336209145,4.990587580577615,,5.252007632468396,,5.049499985801064,,,5.061674039558099,5.020266510207279,,5.476566456925603,,,5.284780454230761,,5.7106978889273226,5.3770058383537735,,,,5.09044953522665,5.804015211328453,,5.262956593520581,,5.104054135261967,,,5.05769061307833,5.0563343668152,,,5.054274388661189,,5.858809401475567,,,5.716858662406726,,5.872171042963871,5.625870880445183,5.021937997259321,5.859258149442803,5.301609958593341
Q9Y6Y8,6.088246398939596,6.178268696081315,5.95398921034048,5.892367381757854,5.914908490239973,5.329838192302298,5.984472173834665,5.934647947597821,6.173639170429015,6.172637941841339,6.0401569643764175,6.181864635066258,6.165561349502839,6.039580880251101,6.0723040705631615,6.091405159729771,5.893035059306916,5.795456924602807,6.027494184008306,6.186909980399176,5.8874052729099615,6.098655726767147,5.9799229084774055,5.958949572323464,5.776084670980239,6.036230387581818,5.850605590949392,5.939315095867433,6.151412432150247,6.050693943486938,5.91125042183522,5.953774329242402,6.14037617071102,6.098943594287107,6.064075200888096,5.563808425205552,5.570317302843763,5.642256739939426,6.122416467186863,5.803686372797921,6.163553912794139,5.992725387582867,5.991777246911867,5.970210106270779,6.116027330753352,5.564554418305274,6.04335545154875,5.641533689355122,6.074669205344757,6.111834755282017,5.531665658240491,6.029637197436032,5.865887145477278,5.943838704941888,6.040217532475145,6.178500940440127,5.570545296697068,6.041790618280865,5.620687518688095,6.065943399503267,5.771316547162769,6.028681956139297,5.942532260091093,5.9103170325938414,5.945261710256408,6.255442478749692,5.707609691412593,5.650001152789248,6.16975546357917,5.843149493895015,6.230799537524607,6.057306087746492,5.925255002202956,,,6.135546767990535,6.275626262515857,6.0143631538410025,5.972407673832734,5.600199039469709,5.889494834762931,5.724711628576878,6.143872092476837,6.106855797869388,5.829663900869457,5.959318635324108,5.658075644803544,6.095934479488581,5.041950627491626,6.143254772134051,6.176235728759703,5.988231531360254,6.058535023452338,5.551566706455295,6.185255342510979,6.102325605467225,6.133921560017885,6.118464718553939,6.190815390946309
tissue,Haematopoietic and Lymphoid,Kidney,Haematopoietic and Lymphoid,Pancreas,Thyroid,Lung,Skin,Peripheral Nervous System,Peripheral Nervous System,Bone,Bone,Bone,Kidney,Large Intestine,Haematopoietic and Lymphoid,Large Intestine,Large Intestine,Lung,Large Intestine,Skin,Esophagus,Endometrium,Skin,Thyroid,Skin,Skin,Breast,Skin,Lung,Lung,Lung,Lung,Lung,Lung,Thyroid,Lung,Lung,Lung,Skin,Haematopoietic and Lymphoid,Cervix,Bone,Liver,Skin,Ovary,Stomach,Haematopoietic and Lymphoid,Haematopoietic and Lymphoid,Liver,Skin,Head and Neck,Head and Neck,Lung,Lung,Lung,Bone,Pancreas,Haematopoietic and Lymphoid,Breast,Soft Tissue,Central Nervous System,Stomach,Pancreas,Skin,Skin,Haematopoietic and Lymphoid,Head and Neck,Head and Neck,Stomach,Head and Neck,Haematopoietic and Lymphoid,Soft Tissue,Large Intestine,Bladder,Bladder,Skin,Bone,Large Intestine,Cervix,Large Intestine,Thyroid,Biliary Tract,Liver,Liver,Bone,Bone,Pancreas,Haematopoietic and Lymphoid,Pancreas,Small Intestine,Lung,Skin,Skin,Ovary,Thyroid,Haematopoietic and Lymphoid,Stomach,Peripheral Nervous System,Haematopoietic and Lymphoid
